{ "type": "FeatureCollection", "features": [
{"type":"Feature","geometry":{"type":"Point","coordinates":[-73.912034,40.775036]},"properties":{":id":"row-k3bm-j9q3-xruq",":version":"rv-v3fn~n7x4~7534",":created_at":"2026-09-28T04:22:00.524Z",":updated_at":"2026-09-28T04:22:02.228Z","gtfs_stop_id":"R01","station_id":"1","complex_id":"1","division":"BMT","line":"Astoria","stop_name":"Astoria-Ditmars Blvd","borough":"Q","cbd":"false","daytime_routes":"N W","structure":"Elevated","gtfs_latitude":"40.775036","gtfs_longitude":"-73.912034","north_direction_label":"Last Stop","south_direction_label":"Manhattan","ada":"0","ada_northbound":"0","ada_southbound":"0","ada_notes":null,":@computed_region_yamh_8v7k":"196",":@computed_region_wbg7_3whc":"877",":@computed_region_kjdx_g34t":"2137"}},
{"type":"Feature","geometry":{"type":"Point","coordinates":[-73.917843,40.770258]},"properties":{":id":"row-gans-khdb_9muf",":version":"rv-5agt.gx4r_jk6f",":created_at":"2026-09-28T04:22:00.524Z",":updated_at":"2026-09-28T04:22:02.228Z","gtfs_stop_id":"R03","station_id":"2","complex_id":"2","division":"BMT","line":"Astoria","stop_name":"Astoria Blvd","borough":"Q","cbd":"false","daytime_routes":"N W","structure":"Elevated","gtfs_latitude":"40.770258","gtfs_longitude":"-73.917843","north_direction_label":"Astoria","south_direction_label":"Manhattan","ada":"1","ada_northbound":"1","ada_southbound":"1","ada_notes":null,":@computed_region_yamh_8v7k":"196",":@computed_region_wbg7_3whc":"874",":@computed_region_kjdx_g34t":"2137"}},
{"type":"Feature","geometry":{"type":"Point","coordinates":[-73.921479,40.766779]},"properties":{":id":"row-x238_vjrs-meq8",":version":"rv-weeh~zhmb~x35n",":created_at":"2026-09-28T04:22:00.524Z",":updated_at":"2026-09-28T04:22:02.228Z","gtfs_stop_id":"R04","station_id":"3","complex_id":"3","division":"BMT","line":"Astoria","stop_name":"30 Av","borough":"Q","cbd":"false","daytime_routes":"N W","structure":"Elevated","gtfs_latitude":"40.766779","gtfs_longitude":"-73.921479","north_direction_label":"Astoria","south_direction_label":"Manhattan","ada":"0","ada_northbound":"0","ada_southbound":"0","ada_notes":null,":@computed_region_yamh_8v7k":"196",":@computed_region_wbg7_3whc":"874",":@computed_region_kjdx_g34t":"2137"}},
{"type":"Feature","geometry":{"type":"Point","coordinates":[-73.925508,40.76182]},"properties":{":id":"row-9fdc.b7f7.w3at",":version":"rv-aeby_hyty_zchv",":created_at":"2026-09-28T04:22:00.524Z",":updated_at":"2026-09-28T04:22:02.228Z","gtfs_stop_id":"R05","station_id":"4","complex_id":"4","division":"BMT","line":"Astoria","stop_name":"Broadway","borough":"Q","cbd":"false","daytime_routes":"N W","structure":"Elevated","gtfs_latitude":"40.76182","gtfs_longitude":"-73.925508","north_direction_label":"Astoria","south_direction_label":"Manhattan","ada":"0","ada_northbound":"0","ada_southbound":"0","ada_notes":null,":@computed_region_yamh_8v7k":"196",":@computed_region_wbg7_3whc":"878",":@computed_region_kjdx_g34t":"2137"}},
{"type":"Feature","geometry":{"type":"Point","coordinates":[-73.929575,40.756804]},"properties":{":id":"row-j5w2.pqnk.pvm5",":version":"rv-45sz~p2en_qy8z",":created_at":"2026-09-28T04:22:00.524Z",":updated_at":"2026-09-28T04:22:02.228Z","gtfs_stop_id":"R06","station_id":"5","complex_id":"5","division":"BMT","line":"Astoria","stop_name":"36 Av","borough":"Q","cbd":"false","daytime_routes":"N W","structure":"Elevated","gtfs_latitude":"40.756804","gtfs_longitude":"-73.929575","north_direction_label":"Astoria","south_direction_label":"Manhattan","ada":"0","ada_northbound":"0","ada_southbound":"0","ada_notes":null,":@computed_region_yamh_8v7k":"196",":@computed_region_wbg7_3whc":"878",":@computed_region_kjdx_g34t":"2137"}},
{"type":"Feature","geometry":{"type":"Point","coordinates":[-73.932755,40.752882]},"properties":{":id":"row-7tdi-4ph9.6txz",":version":"rv-ppn8-n46b-jete",":created_at":"2026-09-28T04:22:00.524Z",":updated_at":"2026-09-28T04:22:02.228Z","gtfs_stop_id":"R08","station_id":"6","complex_id":"6","division":"BMT","line":"Astoria","stop_name":"39 Av-Dutch Kills","borough":"Q","cbd":"false","daytime_routes":"N W","structure":"Elevated","gtfs_latitude":"40.752882","gtfs_longitude":"-73.932755","north_direction_label":"Astoria","south_direction_label":"Manhattan","ada":"0","ada_northbound":"0","ada_southbound":"0","ada_notes":null,":@computed_region_yamh_8v7k":"196",":@computed_region_wbg7_3whc":"873",":@computed_region_kjdx_g34t":"2137"}},
{"type":"Feature","geometry":{"type":"Point","coordinates":[-73.967258,40.76266]},"properties":{":id":"row-8qer-wfwj~6urg",":version":"rv-epce-jx2x-ucgt",":created_at":"2026-09-28T04:22:00.524Z",":updated_at":"2026-09-28T04:22:02.228Z","gtfs_stop_id":"R11","station_id":"7","complex_id":"613","division":"BMT","line":"Astoria","stop_name":"Lexington Av/59 St","borough":"M","cbd":"true","daytime_routes":"N R W","structure":"Subway","gtfs_latitude":"40.76266","gtfs_longitude":"-73.967258","north_direction_label":"Queens","south_direction_label":"Downtown","ada":"0","ada_northbound":"0","ada_southbound":"0","ada_notes":null,":@computed_region_yamh_8v7k":"749",":@computed_region_wbg7_3whc":"749",":@computed_region_kjdx_g34t":"2095"}},
{"type":"Feature","geometry":{"type":"Point","coordinates":[-73.973347,40.764811]},"properties":{":id":"row-6id3_dxme_3put",":version":"rv-makc-tpft-s9r4",":created_at":"2026-09-28T04:22:00.524Z",":updated_at":"2026-09-28T04:22:02.228Z","gtfs_stop_id":"R13","station_id":"8","complex_id":"8","division":"BMT","line":"Astoria","stop_name":"5 Av/59 St","borough":"M","cbd":"true","daytime_routes":"N R W","structure":"Subway","gtfs_latitude":"40.764811","gtfs_longitude":"-73.973347","north_direction_label":"Queens","south_direction_label":"Downtown","ada":"0","ada_northbound":"0","ada_southbound":"0","ada_notes":null,":@computed_region_yamh_8v7k":"749",":@computed_region_wbg7_3whc":null,":@computed_region_kjdx_g34t":"2095"}},
{"type":"Feature","geometry":{"type":"Point","coordinates":[-73.980658,40.764664]},"properties":{":id":"row-r8v2-33wg-a28p",":version":"rv-3ijz~6vap_4eaw",":created_at":"2026-09-28T04:22:00.524Z",":updated_at":"2026-09-28T04:22:02.228Z","gtfs_stop_id":"R14","station_id":"9","complex_id":"9","division":"BMT","line":"Broadway - Brighton","stop_name":"57 St-7 Av","borough":"M","cbd":"true","daytime_routes":"N Q R W","structure":"Subway","gtfs_latitude":"40.764664","gtfs_longitude":"-73.980658","north_direction_label":"Uptown","south_direction_label":"Downtown","ada":"1","ada_northbound":"1","ada_southbound":"1","ada_notes":null,":@computed_region_yamh_8v7k":"749",":@computed_region_wbg7_3whc":"742",":@computed_region_kjdx_g34t":"2095"}},
{"type":"Feature","geometry":{"type":"Point","coordinates":[-73.984139,40.759901]},"properties":{":id":"row-8j5i-pr6b.tcmp",":version":"rv-8kfc.w33q~cru3",":created_at":"2026-09-28T04:22:00.524Z",":updated_at":"2026-09-28T04:22:02.228Z","gtfs_stop_id":"R15","station_id":"10","complex_id":"10","division":"BMT","line":"Broadway - Brighton","stop_name":"49 St","borough":"M","cbd":"true","daytime_routes":"N R W","structure":"Subway","gtfs_latitude":"40.759901","gtfs_longitude":"-73.984139","north_direction_label":"Uptown","south_direction_label":"Downtown","ada":"2","ada_northbound":"1","ada_southbound":"0","ada_notes":"Uptown only",":@computed_region_yamh_8v7k":"749",":@computed_region_wbg7_3whc":"742",":@computed_region_kjdx_g34t":"2095"}},
{"type":"Feature","geometry":{"type":"Point","coordinates":[-73.986754,40.754672]},"properties":{":id":"row-gsuk_nics~55yi",":version":"rv-thu4_i6xh~mx57",":created_at":"2026-09-28T04:22:00.524Z",":updated_at":"2026-09-28T04:22:02.228Z","gtfs_stop_id":"R16","station_id":"11","complex_id":"611","division":"BMT","line":"Broadway - Brighton","stop_name":"Times Sq-42 St","borough":"M","cbd":"true","daytime_routes":"N Q R W","structure":"Subway","gtfs_latitude":"40.754672","gtfs_longitude":"-73.986754","north_direction_label":"Uptown","south_direction_label":"Downtown","ada":"1","ada_northbound":"1","ada_southbound":"1","ada_notes":null,":@computed_region_yamh_8v7k":"749",":@computed_region_wbg7_3whc":"741",":@computed_region_kjdx_g34t":"2095"}},
{"type":"Feature","geometry":{"type":"Point","coordinates":[-73.98795,40.749567]},"properties":{":id":"row-cj5r-jdfy~r9rt",":version":"rv-7p8n~uvs4.sf76",":created_at":"2026-09-28T04:22:00.524Z",":updated_at":"2026-09-28T04:22:02.228Z","gtfs_stop_id":"R17","station_id":"12","complex_id":"607","division":"BMT","line":"Broadway - Brighton","stop_name":"34 St-Herald Sq","borough":"M","cbd":"true","daytime_routes":"N Q R W","structure":"Subway","gtfs_latitude":"40.749567","gtfs_longitude":"-73.98795","north_direction_label":"Uptown","south_direction_label":"Downtown","ada":"1","ada_northbound":"1","ada_southbound":"1","ada_notes":null,":@computed_region_yamh_8v7k":"749",":@computed_region_wbg7_3whc":"717",":@computed_region_kjdx_g34t":"2095"}},
{"type":"Feature","geometry":{"type":"Point","coordinates":[-73.988691,40.745494]},"properties":{":id":"row-pvnb_t89i.srni",":version":"rv-2wkr-qgbt.vr3w",":created_at":"2026-09-28T04:22:00.524Z",":updated_at":"2026-09-28T04:22:02.228Z","gtfs_stop_id":"R18","station_id":"13","complex_id":"13","division":"BMT","line":"Broadway - Brighton","stop_name":"28 St","borough":"M","cbd":"true","daytime_routes":"R W","structure":"Subway","gtfs_latitude":"40.745494","gtfs_longitude":"-73.988691","north_direction_label":"Uptown","south_direction_label":"Downtown","ada":"0","ada_northbound":"0","ada_southbound":"0","ada_notes":null,":@computed_region_yamh_8v7k":"749",":@computed_region_wbg7_3whc":"717",":@computed_region_kjdx_g34t":"2095"}},
{"type":"Feature","geometry":{"type":"Point","coordinates":[-73.989344,40.741303]},"properties":{":id":"row-z57x-2t98.g3rr",":version":"rv-5agn~qcb9_gv65",":created_at":"2026-09-28T04:22:00.524Z",":updated_at":"2026-09-28T04:22:02.228Z","gtfs_stop_id":"R19","station_id":"14","complex_id":"14","division":"BMT","line":"Broadway - Brighton","stop_name":"23 St","borough":"M","cbd":"true","daytime_routes":"R W","structure":"Subway","gtfs_latitude":"40.741303","gtfs_longitude":"-73.989344","north_direction_label":"Uptown","south_direction_label":"Downtown","ada":"0","ada_northbound":"0","ada_southbound":"0","ada_notes":null,":@computed_region_yamh_8v7k":"749",":@computed_region_wbg7_3whc":"734",":@computed_region_kjdx_g34t":"2095"}},
{"type":"Feature","geometry":{"type":"Point","coordinates":[-73.990568,40.735736]},"properties":{":id":"row-kkaz-pmcn~mxmd",":version":"rv-b95f-uiu2.j4js",":created_at":"2026-09-28T04:22:00.524Z",":updated_at":"2026-09-28T04:22:02.228Z","gtfs_stop_id":"R20","station_id":"15","complex_id":"602","division":"BMT","line":"Broadway - Brighton","stop_name":"14 St-Union Sq","borough":"M","cbd":"true","daytime_routes":"N Q R W","structure":"Subway","gtfs_latitude":"40.735736","gtfs_longitude":"-73.990568","north_direction_label":"Uptown","south_direction_label":"Downtown","ada":"1","ada_northbound":"1","ada_southbound":"1","ada_notes":null,":@computed_region_yamh_8v7k":"749",":@computed_region_wbg7_3whc":"719",":@computed_region_kjdx_g34t":"2095"}},
{"type":"Feature","geometry":{"type":"Point","coordinates":[-73.992629,40.730328]},"properties":{":id":"row-sm49-jiby.9xs2",":version":"rv-d6yj.5c35~4ikv",":created_at":"2026-09-28T04:22:00.524Z",":updated_at":"2026-09-28T04:22:02.228Z","gtfs_stop_id":"R21","station_id":"16","complex_id":"16","division":"BMT","line":"Broadway - Brighton","stop_name":"8 St-NYU","borough":"M","cbd":"true","daytime_routes":"R W","structure":"Subway","gtfs_latitude":"40.730328","gtfs_longitude":"-73.992629","north_direction_label":"Uptown","south_direction_label":"Downtown","ada":"0","ada_northbound":"0","ada_southbound":"0","ada_notes":null,":@computed_region_yamh_8v7k":"749",":@computed_region_wbg7_3whc":"719",":@computed_region_kjdx_g34t":"2095"}},
{"type":"Feature","geometry":{"type":"Point","coordinates":[-73.997702,40.724329]},"properties":{":id":"row-3e2b-s6em~37pr",":version":"rv-hpje~jqes_h6mu",":created_at":"2026-09-28T04:22:00.524Z",":updated_at":"2026-09-28T04:22:02.228Z","gtfs_stop_id":"R22","station_id":"17","complex_id":"17","division":"BMT","line":"Broadway - Brighton","stop_name":"Prince St","borough":"M","cbd":"true","daytime_routes":"R W","structure":"Subway","gtfs_latitude":"40.724329","gtfs_longitude":"-73.997702","north_direction_label":"Uptown","south_direction_label":"Downtown","ada":"0","ada_northbound":"0","ada_southbound":"0","ada_notes":null,":@computed_region_yamh_8v7k":"749",":@computed_region_wbg7_3whc":"736",":@computed_region_kjdx_g34t":"2095"}},
{"type":"Feature","geometry":{"type":"Point","coordinates":[-74.001775,40.719527]},"properties":{":id":"row-axhb-9yha~ygdw",":version":"rv-y83y.u5kt-hxgf",":created_at":"2026-09-28T04:22:00.524Z",":updated_at":"2026-09-28T04:22:02.228Z","gtfs_stop_id":"R23","station_id":"18","complex_id":"623","division":"BMT","line":"Broadway","stop_name":"Canal St","borough":"M","cbd":"true","daytime_routes":"R W","structure":"Subway","gtfs_latitude":"40.719527","gtfs_longitude":"-74.001775","north_direction_label":"Uptown","south_direction_label":"Downtown","ada":"0","ada_northbound":"0","ada_southbound":"0","ada_notes":null,":@computed_region_yamh_8v7k":"749",":@computed_region_wbg7_3whc":"737",":@computed_region_kjdx_g34t":"2095"}},
{"type":"Feature","geometry":{"type":"Point","coordinates":[-74.00046,40.718383]},"properties":{":id":"row-jdmq-x43v.8yur",":version":"rv-ijvr~kmj5~idxq",":created_at":"2026-09-28T04:22:00.524Z",":updated_at":"2026-09-28T04:22:02.228Z","gtfs_stop_id":"Q01","station_id":"19","complex_id":"623","division":"BMT","line":"Manhattan Bridge","stop_name":"Canal St","borough":"M","cbd":"true","daytime_routes":"N Q","structure":"Subway","gtfs_latitude":"40.718383","gtfs_longitude":"-74.00046","north_direction_label":"Uptown","south_direction_label":"Downtown","ada":"0","ada_northbound":"0","ada_southbound":"0","ada_notes":null,":@computed_region_yamh_8v7k":"749",":@computed_region_wbg7_3whc":"737",":@computed_region_kjdx_g34t":"2095"}},
{"type":"Feature","geometry":{"type":"Point","coordinates":[-74.006978,40.713282]},"properties":{":id":"row-5au7~nb8k_iajx",":version":"rv-d2f3.3h6s-pp27",":created_at":"2026-09-28T04:22:00.524Z",":updated_at":"2026-09-28T04:22:02.228Z","gtfs_stop_id":"R24","station_id":"20","complex_id":"20","division":"BMT","line":"Broadway","stop_name":"City Hall","borough":"M","cbd":"true","daytime_routes":"R W","structure":"Subway","gtfs_latitude":"40.713282","gtfs_longitude":"-74.006978","north_direction_label":"Uptown","south_direction_label":"Downtown","ada":"0","ada_northbound":"0","ada_southbound":"0","ada_notes":null,":@computed_region_yamh_8v7k":"749",":@computed_region_wbg7_3whc":"723",":@computed_region_kjdx_g34t":"2095"}},
{"type":"Feature","geometry":{"type":"Point","coordinates":[-74.011029,40.710668]},"properties":{":id":"row-8u2n-fdq5-bfa8",":version":"rv-rnq4-6t7y~3gq9",":created_at":"2026-09-28T04:22:00.524Z",":updated_at":"2026-09-28T04:22:02.228Z","gtfs_stop_id":"R25","station_id":"21","complex_id":"624","division":"BMT","line":"Broadway","stop_name":"Cortlandt St","borough":"M","cbd":"true","daytime_routes":"R W","structure":"Subway","gtfs_latitude":"40.710668","gtfs_longitude":"-74.011029","north_direction_label":"Uptown","south_direction_label":"Downtown","ada":"1","ada_northbound":"1","ada_southbound":"1","ada_notes":null,":@computed_region_yamh_8v7k":"749",":@computed_region_wbg7_3whc":"723",":@computed_region_kjdx_g34t":"2095"}},
{"type":"Feature","geometry":{"type":"Point","coordinates":[-74.013342,40.70722]},"properties":{":id":"row-x7zt~ux36.6tix",":version":"rv-qpwg~iztj.jcqc",":created_at":"2026-09-28T04:22:00.524Z",":updated_at":"2026-09-28T04:22:02.228Z","gtfs_stop_id":"R26","station_id":"22","complex_id":"22","division":"BMT","line":"Broadway","stop_name":"Rector St","borough":"M","cbd":"true","daytime_routes":"R W","structure":"Subway","gtfs_latitude":"40.70722","gtfs_longitude":"-74.013342","north_direction_label":"Uptown","south_direction_label":"Downtown","ada":"0","ada_northbound":"0","ada_southbound":"0","ada_notes":null,":@computed_region_yamh_8v7k":"749",":@computed_region_wbg7_3whc":"722",":@computed_region_kjdx_g34t":"2095"}},
{"type":"Feature","geometry":{"type":"Point","coordinates":[-74.012994,40.703087]},"properties":{":id":"row-c7jz-bgbn-sjhj",":version":"rv-638y~b2k7-uahi",":created_at":"2026-09-28T04:22:00.524Z",":updated_at":"2026-09-28T04:22:02.228Z","gtfs_stop_id":"R27","station_id":"23","complex_id":"635","division":"BMT","line":"Broadway","stop_name":"Whitehall St-South Ferry","borough":"M","cbd":"true","daytime_routes":"R W","structure":"Subway","gtfs_latitude":"40.703087","gtfs_longitude":"-74.012994","north_direction_label":"Uptown","south_direction_label":"Downtown","ada":"0","ada_northbound":"0","ada_southbound":"0","ada_notes":null,":@computed_region_yamh_8v7k":"749",":@computed_region_wbg7_3whc":"720",":@computed_region_kjdx_g34t":"2095"}},
{"type":"Feature","geometry":{"type":"Point","coordinates":[-73.991777,40.6941]},"properties":{":id":"row-srmy-mr35_iq45",":version":"rv-9dhu.tjkz~afrz",":created_at":"2026-09-28T04:22:00.524Z",":updated_at":"2026-09-28T04:22:02.228Z","gtfs_stop_id":"R28","station_id":"24","complex_id":"620","division":"BMT","line":"Broadway","stop_name":"Court St","borough":"Bk","cbd":"false","daytime_routes":"R","structure":"Subway","gtfs_latitude":"40.6941","gtfs_longitude":"-73.991777","north_direction_label":"Manhattan","south_direction_label":"Southbound","ada":"0","ada_northbound":"0","ada_southbound":"0","ada_notes":null,":@computed_region_yamh_8v7k":"894",":@computed_region_wbg7_3whc":"880",":@computed_region_kjdx_g34t":"2090"}},
{"type":"Feature","geometry":{"type":"Point","coordinates":[-73.985942,40.69218]},"properties":{":id":"row-acu8~rr6j~pquh",":version":"rv-j653.zux8_j4mm",":created_at":"2026-09-28T04:22:00.524Z",":updated_at":"2026-09-28T04:22:02.228Z","gtfs_stop_id":"R29","station_id":"25","complex_id":"636","division":"BMT","line":"Broadway","stop_name":"Jay St-MetroTech","borough":"Bk","cbd":"false","daytime_routes":"R","structure":"Subway","gtfs_latitude":"40.69218","gtfs_longitude":"-73.985942","north_direction_label":"Manhattan","south_direction_label":"Southbound","ada":"1","ada_northbound":"1","ada_southbound":"1","ada_notes":null,":@computed_region_yamh_8v7k":"894",":@computed_region_wbg7_3whc":"880",":@computed_region_kjdx_g34t":"2090"}},
{"type":"Feature","geometry":{"type":"Point","coordinates":[-73.981824,40.690635]},"properties":{":id":"row-s5zj_y95v-w782",":version":"rv-daun.c5gm.xawz",":created_at":"2026-09-28T04:22:00.524Z",":updated_at":"2026-09-28T04:22:02.228Z","gtfs_stop_id":"R30","station_id":"26","complex_id":"26","division":"BMT","line":"Broadway - Brighton","stop_name":"DeKalb Av","borough":"Bk","cbd":"false","daytime_routes":"B Q R","structure":"Subway","gtfs_latitude":"40.690635","gtfs_longitude":"-73.981824","north_direction_label":"Manhattan","south_direction_label":"Southbound","ada":"1","ada_northbound":"1","ada_southbound":"1","ada_notes":null,":@computed_region_yamh_8v7k":"894",":@computed_region_wbg7_3whc":"880",":@computed_region_kjdx_g34t":"2090"}},
{"type":"Feature","geometry":{"type":"Point","coordinates":[-73.97881,40.683666]},"properties":{":id":"row-gu95.fkqa-fsb8",":version":"rv-wefb.4xnp-7uez",":created_at":"2026-09-28T04:22:00.524Z",":updated_at":"2026-09-28T04:22:02.228Z","gtfs_stop_id":"R31","station_id":"27","complex_id":"617","division":"BMT","line":"4th Av","stop_name":"Atlantic Av-Barclays Ctr","borough":"Bk","cbd":"false","daytime_routes":"D N R","structure":"Subway","gtfs_latitude":"40.683666","gtfs_longitude":"-73.97881","north_direction_label":"Manhattan","south_direction_label":"Southbound","ada":"1","ada_northbound":"1","ada_southbound":"1","ada_notes":null,":@computed_region_yamh_8v7k":"894",":@computed_region_wbg7_3whc":"895",":@computed_region_kjdx_g34t":"2090"}},
{"type":"Feature","geometry":{"type":"Point","coordinates":[-73.98311,40.677316]},"properties":{":id":"row-wxi7.cwuy_ay28",":version":"rv-cu9e~3pc9-n4ys",":created_at":"2026-09-28T04:22:00.524Z",":updated_at":"2026-09-28T04:22:02.228Z","gtfs_stop_id":"R32","station_id":"28","complex_id":"28","division":"BMT","line":"4th Av","stop_name":"Union St","borough":"Bk","cbd":"false","daytime_routes":"R","structure":"Subway","gtfs_latitude":"40.677316","gtfs_longitude":"-73.98311","north_direction_label":"Manhattan","south_direction_label":"Southbound","ada":"0","ada_northbound":"0","ada_southbound":"0","ada_notes":null,":@computed_region_yamh_8v7k":"894",":@computed_region_wbg7_3whc":"893",":@computed_region_kjdx_g34t":"2090"}},
{"type":"Feature","geometry":{"type":"Point","coordinates":[-73.988302,40.670847]},"properties":{":id":"row-rnrp.5csm.zwcw",":version":"rv-94j6_z8dk~nx63",":created_at":"2026-09-28T04:22:00.524Z",":updated_at":"2026-09-28T04:22:02.228Z","gtfs_stop_id":"R33","station_id":"29","complex_id":"608","division":"BMT","line":"4th Av","stop_name":"4 Av-9 St","borough":"Bk","cbd":"false","daytime_routes":"R","structure":"Subway","gtfs_latitude":"40.670847","gtfs_longitude":"-73.988302","north_direction_label":"Manhattan","south_direction_label":"Southbound","ada":"0","ada_northbound":"0","ada_southbound":"0","ada_notes":null,":@computed_region_yamh_8v7k":"894",":@computed_region_wbg7_3whc":"893",":@computed_region_kjdx_g34t":"2090"}},
{"type":"Feature","geometry":{"type":"Point","coordinates":[-73.992872,40.665414]},"properties":{":id":"row-7cq3.m595~yxzf",":version":"rv-ur9j.p9t7_6pu6",":created_at":"2026-09-28T04:22:00.524Z",":updated_at":"2026-09-28T04:22:02.228Z","gtfs_stop_id":"R34","station_id":"30","complex_id":"30","division":"BMT","line":"4th Av","stop_name":"Prospect Av","borough":"Bk","cbd":"false","daytime_routes":"R","structure":"Subway","gtfs_latitude":"40.665414","gtfs_longitude":"-73.992872","north_direction_label":"Manhattan","south_direction_label":"Southbound","ada":"0","ada_northbound":"0","ada_southbound":"0","ada_notes":null,":@computed_region_yamh_8v7k":"894",":@computed_region_wbg7_3whc":"893",":@computed_region_kjdx_g34t":"2090"}},
{"type":"Feature","geometry":{"type":"Point","coordinates":[-73.998091,40.660397]},"properties":{":id":"row-md7i.tm5w_smie",":version":"rv-wvs3~dqm7.skt4",":created_at":"2026-09-28T04:22:00.524Z",":updated_at":"2026-09-28T04:22:02.228Z","gtfs_stop_id":"R35","station_id":"31","complex_id":"31","division":"BMT","line":"4th Av","stop_name":"25 St","borough":"Bk","cbd":"false","daytime_routes":"R","structure":"Subway","gtfs_latitude":"40.660397","gtfs_longitude":"-73.998091","north_direction_label":"Manhattan","south_direction_label":"Southbound","ada":"0","ada_northbound":"0","ada_southbound":"0","ada_notes":null,":@computed_region_yamh_8v7k":"894",":@computed_region_wbg7_3whc":"815",":@computed_region_kjdx_g34t":"2090"}},
{"type":"Feature","geometry":{"type":"Point","coordinates":[-74.003549,40.655144]},"properties":{":id":"row-97g6~w7jx_f6ub",":version":"rv-yq5w-m6b3_ev8w",":created_at":"2026-09-28T04:22:00.524Z",":updated_at":"2026-09-28T04:22:02.228Z","gtfs_stop_id":"R36","station_id":"32","complex_id":"32","division":"BMT","line":"4th Av","stop_name":"36 St","borough":"Bk","cbd":"false","daytime_routes":"D N R","structure":"Subway","gtfs_latitude":"40.655144","gtfs_longitude":"-74.003549","north_direction_label":"Manhattan","south_direction_label":"Southbound","ada":"0","ada_northbound":"0","ada_southbound":"0","ada_notes":null,":@computed_region_yamh_8v7k":"894",":@computed_region_wbg7_3whc":"815",":@computed_region_kjdx_g34t":"2090"}},
{"type":"Feature","geometry":{"type":"Point","coordinates":[-74.010006,40.648939]},"properties":{":id":"row-74ws.p7yf_cn6t",":version":"rv-c7zt~i9rn_y948",":created_at":"2026-09-28T04:22:00.524Z",":updated_at":"2026-09-28T04:22:02.228Z","gtfs_stop_id":"R39","station_id":"33","complex_id":"33","division":"BMT","line":"4th Av","stop_name":"45 St","borough":"Bk","cbd":"false","daytime_routes":"R","structure":"Subway","gtfs_latitude":"40.648939","gtfs_longitude":"-74.010006","north_direction_label":"Manhattan","south_direction_label":"Southbound","ada":"0","ada_northbound":"0","ada_southbound":"0","ada_notes":null,":@computed_region_yamh_8v7k":"894",":@computed_region_wbg7_3whc":"899",":@computed_region_kjdx_g34t":"2090"}},
{"type":"Feature","geometry":{"type":"Point","coordinates":[-74.014034,40.645069]},"properties":{":id":"row-jwtu_h5j9-ec6n",":version":"rv-ccmt_t8ir_iffw",":created_at":"2026-09-28T04:22:00.524Z",":updated_at":"2026-09-28T04:22:02.228Z","gtfs_stop_id":"R40","station_id":"34","complex_id":"34","division":"BMT","line":"4th Av","stop_name":"53 St","borough":"Bk","cbd":"false","daytime_routes":"R","structure":"Subway","gtfs_latitude":"40.645069","gtfs_longitude":"-74.014034","north_direction_label":"Manhattan","south_direction_label":"Southbound","ada":"0","ada_northbound":"0","ada_southbound":"0","ada_notes":null,":@computed_region_yamh_8v7k":"894",":@computed_region_wbg7_3whc":"899",":@computed_region_kjdx_g34t":"2090"}},
{"type":"Feature","geometry":{"type":"Point","coordinates":[-74.017881,40.641362]},"properties":{":id":"row-5gf3-rn7g~9k7s",":version":"rv-mpn5-p62t.sun6",":created_at":"2026-09-28T04:22:00.524Z",":updated_at":"2026-09-28T04:22:02.228Z","gtfs_stop_id":"R41","station_id":"35","complex_id":"35","division":"BMT","line":"4th Av","stop_name":"59 St","borough":"Bk","cbd":"false","daytime_routes":"N R","structure":"Subway","gtfs_latitude":"40.641362","gtfs_longitude":"-74.017881","north_direction_label":"Manhattan","south_direction_label":"Southbound","ada":"1","ada_northbound":"1","ada_southbound":"1","ada_notes":null,":@computed_region_yamh_8v7k":"894",":@computed_region_wbg7_3whc":"899",":@computed_region_kjdx_g34t":"2090"}},
{"type":"Feature","geometry":{"type":"Point","coordinates":[-74.023377,40.634967]},"properties":{":id":"row-szq5.v6v5_ybhq",":version":"rv-h5nx.k4f9.22zy",":created_at":"2026-09-28T04:22:00.524Z",":updated_at":"2026-09-28T04:22:02.228Z","gtfs_stop_id":"R42","station_id":"36","complex_id":"36","division":"BMT","line":"4th Av","stop_name":"Bay Ridge Av","borough":"Bk","cbd":"false","daytime_routes":"R","structure":"Subway","gtfs_latitude":"40.634967","gtfs_longitude":"-74.023377","north_direction_label":"Manhattan","south_direction_label":"Bay Ridge","ada":"0","ada_northbound":"0","ada_southbound":"0","ada_notes":null,":@computed_region_yamh_8v7k":"894",":@computed_region_wbg7_3whc":"899",":@computed_region_kjdx_g34t":"2090"}},
{"type":"Feature","geometry":{"type":"Point","coordinates":[-74.02551,40.629742]},"properties":{":id":"row-uvyx_vjan~e827",":version":"rv-jc8y.twp2_w488",":created_at":"2026-09-28T04:22:00.524Z",":updated_at":"2026-09-28T04:22:02.228Z","gtfs_stop_id":"R43","station_id":"37","complex_id":"37","division":"BMT","line":"4th Av","stop_name":"77 St","borough":"Bk","cbd":"false","daytime_routes":"R","structure":"Subway","gtfs_latitude":"40.629742","gtfs_longitude":"-74.02551","north_direction_label":"Manhattan","south_direction_label":"Bay Ridge","ada":"0","ada_northbound":"0","ada_southbound":"0","ada_notes":null,":@computed_region_yamh_8v7k":"894",":@computed_region_wbg7_3whc":"887",":@computed_region_kjdx_g34t":"2090"}},
{"type":"Feature","geometry":{"type":"Point","coordinates":[-74.028398,40.622687]},"properties":{":id":"row-dnq6~m8vu~yz34",":version":"rv-a6p7~j6v5.25yt",":created_at":"2026-09-28T04:22:00.524Z",":updated_at":"2026-09-28T04:22:02.228Z","gtfs_stop_id":"R44","station_id":"38","complex_id":"38","division":"BMT","line":"4th Av","stop_name":"86 St","borough":"Bk","cbd":"false","daytime_routes":"R","structure":"Subway","gtfs_latitude":"40.622687","gtfs_longitude":"-74.028398","north_direction_label":"Manhattan","south_direction_label":"Bay Ridge","ada":"1","ada_northbound":"1","ada_southbound":"1","ada_notes":null,":@computed_region_yamh_8v7k":"894",":@computed_region_wbg7_3whc":"887",":@computed_region_kjdx_g34t":"2090"}},
{"type":"Feature","geometry":{"type":"Point","coordinates":[-74.030876,40.616622]},"properties":{":id":"row-2fhr-tjxc-4465",":version":"rv-i2qc.xscc-z2jg",":created_at":"2026-09-28T04:22:00.524Z",":updated_at":"2026-09-28T04:22:02.228Z","gtfs_stop_id":"R45","station_id":"39","complex_id":"39","division":"BMT","line":"4th Av","stop_name":"Bay Ridge-95 St","borough":"Bk","cbd":"false","daytime_routes":"R","structure":"Subway","gtfs_latitude":"40.616622","gtfs_longitude":"-74.030876","north_direction_label":"Manhattan","south_direction_label":"Last Stop","ada":"1","ada_northbound":"1","ada_southbound":"1","ada_notes":null,":@computed_region_yamh_8v7k":"894",":@computed_region_wbg7_3whc":"887",":@computed_region_kjdx_g34t":"2090"}},
{"type":"Feature","geometry":{"type":"Point","coordinates":[-73.97689,40.68446]},"properties":{":id":"row-ag8f_x48b-v8wz",":version":"rv-56w6_fpx8~q9xp",":created_at":"2026-09-28T04:22:00.524Z",":updated_at":"2026-09-28T04:22:02.228Z","gtfs_stop_id":"D24","station_id":"40","complex_id":"617","division":"BMT","line":"Broadway - Brighton","stop_name":"Atlantic Av-Barclays Ctr","borough":"Bk","cbd":"false","daytime_routes":"B Q","structure":"Subway","gtfs_latitude":"40.68446","gtfs_longitude":"-73.97689","north_direction_label":"Manhattan","south_direction_label":"Southbound","ada":"1","ada_northbound":"1","ada_southbound":"1","ada_notes":null,":@computed_region_yamh_8v7k":"894",":@computed_region_wbg7_3whc":"895",":@computed_region_kjdx_g34t":"2090"}},
{"type":"Feature","geometry":{"type":"Point","coordinates":[-73.972367,40.67705]},"properties":{":id":"row-3ekz_ijhz_cb3e",":version":"rv-mgqd.nqdi_vstn",":created_at":"2026-09-28T04:22:00.524Z",":updated_at":"2026-09-28T04:22:02.228Z","gtfs_stop_id":"D25","station_id":"41","complex_id":"41","division":"BMT","line":"Broadway - Brighton","stop_name":"7 Av","borough":"Bk","cbd":"false","daytime_routes":"B Q","structure":"Subway","gtfs_latitude":"40.67705","gtfs_longitude":"-73.972367","north_direction_label":"Manhattan","south_direction_label":"Southbound","ada":"0","ada_northbound":"0","ada_southbound":"0","ada_notes":null,":@computed_region_yamh_8v7k":"894",":@computed_region_wbg7_3whc":"895",":@computed_region_kjdx_g34t":"2090"}},
{"type":"Feature","geometry":{"type":"Point","coordinates":[-73.962246,40.661614]},"properties":{":id":"row-fvia_fj52_nyzn",":version":"rv-wkfi~gciy-sfrm",":created_at":"2026-09-28T04:22:00.524Z",":updated_at":"2026-09-28T04:22:02.228Z","gtfs_stop_id":"D26","station_id":"42","complex_id":"42","division":"BMT","line":"Broadway - Brighton","stop_name":"Prospect Park","borough":"Bk","cbd":"false","daytime_routes":"B Q S","structure":"Open Cut","gtfs_latitude":"40.661614","gtfs_longitude":"-73.962246","north_direction_label":"Northbound","south_direction_label":"Southbound","ada":"1","ada_northbound":"1","ada_southbound":"1","ada_notes":null,":@computed_region_yamh_8v7k":"894",":@computed_region_wbg7_3whc":"809",":@computed_region_kjdx_g34t":"2090"}},
{"type":"Feature","geometry":{"type":"Point","coordinates":[-73.961495,40.655292]},"properties":{":id":"row-tgbc.cwbc_cg7e",":version":"rv-tgie_4ycw-6z4h",":created_at":"2026-09-28T04:22:00.524Z",":updated_at":"2026-09-28T04:22:02.228Z","gtfs_stop_id":"D27","station_id":"43","complex_id":"43","division":"BMT","line":"Broadway - Brighton","stop_name":"Parkside Av","borough":"Bk","cbd":"false","daytime_routes":"Q","structure":"Open Cut","gtfs_latitude":"40.655292","gtfs_longitude":"-73.961495","north_direction_label":"Manhattan","south_direction_label":"Southbound","ada":"0","ada_northbound":"0","ada_southbound":"0","ada_notes":null,":@computed_region_yamh_8v7k":"894",":@computed_region_wbg7_3whc":"809",":@computed_region_kjdx_g34t":"2090"}},
{"type":"Feature","geometry":{"type":"Point","coordinates":[-73.962982,40.650527]},"properties":{":id":"row-ig6d_mvuf~hvg3",":version":"rv-r2ba~pchc-x22a",":created_at":"2026-09-28T04:22:00.524Z",":updated_at":"2026-09-28T04:22:02.228Z","gtfs_stop_id":"D28","station_id":"44","complex_id":"44","division":"BMT","line":"Broadway - Brighton","stop_name":"Church Av","borough":"Bk","cbd":"false","daytime_routes":"B Q","structure":"Open Cut","gtfs_latitude":"40.650527","gtfs_longitude":"-73.962982","north_direction_label":"Manhattan","south_direction_label":"Southbound","ada":"1","ada_northbound":"1","ada_southbound":"1","ada_notes":null,":@computed_region_yamh_8v7k":"894",":@computed_region_wbg7_3whc":"810",":@computed_region_kjdx_g34t":"2090"}},
{"type":"Feature","geometry":{"type":"Point","coordinates":[-73.964492,40.644031]},"properties":{":id":"row-xmeh~usf5_qmcs",":version":"rv-whyw_tjyj~k7g7",":created_at":"2026-09-28T04:22:00.524Z",":updated_at":"2026-09-28T04:22:02.228Z","gtfs_stop_id":"D29","station_id":"45","complex_id":"45","division":"BMT","line":"Broadway - Brighton","stop_name":"Beverley Rd","borough":"Bk","cbd":"false","daytime_routes":"Q","structure":"Open Cut","gtfs_latitude":"40.644031","gtfs_longitude":"-73.964492","north_direction_label":"Manhattan","south_direction_label":"Southbound","ada":"0","ada_northbound":"0","ada_southbound":"0","ada_notes":null,":@computed_region_yamh_8v7k":"894",":@computed_region_wbg7_3whc":"810",":@computed_region_kjdx_g34t":"2090"}},
{"type":"Feature","geometry":{"type":"Point","coordinates":[-73.963891,40.640927]},"properties":{":id":"row-rf3q~hiiq_9qr4",":version":"rv-hzv8.n77j.qn3q",":created_at":"2026-09-28T04:22:00.524Z",":updated_at":"2026-09-28T04:22:02.228Z","gtfs_stop_id":"D30","station_id":"46","complex_id":"46","division":"BMT","line":"Broadway - Brighton","stop_name":"Cortelyou Rd","borough":"Bk","cbd":"false","daytime_routes":"Q","structure":"Open Cut","gtfs_latitude":"40.640927","gtfs_longitude":"-73.963891","north_direction_label":"Manhattan","south_direction_label":"Southbound","ada":"0","ada_northbound":"0","ada_southbound":"0","ada_notes":null,":@computed_region_yamh_8v7k":"894",":@computed_region_wbg7_3whc":"810",":@computed_region_kjdx_g34t":"2090"}},
{"type":"Feature","geometry":{"type":"Point","coordinates":[-73.962793,40.635082]},"properties":{":id":"row-mbn4.dmvq~j97f",":version":"rv-943d-x3et_6ahv",":created_at":"2026-09-28T04:22:00.524Z",":updated_at":"2026-09-28T04:22:02.228Z","gtfs_stop_id":"D31","station_id":"47","complex_id":"47","division":"BMT","line":"Broadway - Brighton","stop_name":"Newkirk Plaza","borough":"Bk","cbd":"false","daytime_routes":"B Q","structure":"Open Cut","gtfs_latitude":"40.635082","gtfs_longitude":"-73.962793","north_direction_label":"Manhattan","south_direction_label":"Southbound","ada":"0","ada_northbound":"0","ada_southbound":"0","ada_notes":null,":@computed_region_yamh_8v7k":"894",":@computed_region_wbg7_3whc":"810",":@computed_region_kjdx_g34t":"2090"}},
{"type":"Feature","geometry":{"type":"Point","coordinates":[-73.961639,40.62927]},"properties":{":id":"row-5rkq~rjqf.f5td",":version":"rv-6mun~rscx_pk4z",":created_at":"2026-09-28T04:22:00.524Z",":updated_at":"2026-09-28T04:22:02.228Z","gtfs_stop_id":"D32","station_id":"48","complex_id":"48","division":"BMT","line":"Broadway - Brighton","stop_name":"Avenue H","borough":"Bk","cbd":"false","daytime_routes":"Q","structure":"Open Cut","gtfs_latitude":"40.62927","gtfs_longitude":"-73.961639","north_direction_label":"Manhattan","south_direction_label":"Southbound","ada":"1","ada_northbound":"1","ada_southbound":"1","ada_notes":null,":@computed_region_yamh_8v7k":"894",":@computed_region_wbg7_3whc":"813",":@computed_region_kjdx_g34t":"2090"}},
{"type":"Feature","geometry":{"type":"Point","coordinates":[-73.960803,40.625039]},"properties":{":id":"row-xgtq.tnq3-bcmg",":version":"rv-b2p6_c2in~y9ff",":created_at":"2026-09-28T04:22:00.524Z",":updated_at":"2026-09-28T04:22:02.228Z","gtfs_stop_id":"D33","station_id":"49","complex_id":"49","division":"BMT","line":"Broadway - Brighton","stop_name":"Avenue J","borough":"Bk","cbd":"false","daytime_routes":"Q","structure":"Open Cut","gtfs_latitude":"40.625039","gtfs_longitude":"-73.960803","north_direction_label":"Manhattan","south_direction_label":"Southbound","ada":"0","ada_northbound":"0","ada_southbound":"0","ada_notes":null,":@computed_region_yamh_8v7k":"894",":@computed_region_wbg7_3whc":"813",":@computed_region_kjdx_g34t":"2090"}},
{"type":"Feature","geometry":{"type":"Point","coordinates":[-73.959399,40.617618]},"properties":{":id":"row-cwvt-8yrj.nc96",":version":"rv-5ncr~7dxx.pwcc",":created_at":"2026-09-28T04:22:00.524Z",":updated_at":"2026-09-28T04:22:02.228Z","gtfs_stop_id":"D34","station_id":"50","complex_id":"50","division":"BMT","line":"Broadway - Brighton","stop_name":"Avenue M","borough":"Bk","cbd":"false","daytime_routes":"Q","structure":"Open Cut","gtfs_latitude":"40.617618","gtfs_longitude":"-73.959399","north_direction_label":"Manhattan","south_direction_label":"Southbound","ada":"0","ada_northbound":"0","ada_southbound":"0","ada_notes":null,":@computed_region_yamh_8v7k":"894",":@computed_region_wbg7_3whc":"813",":@computed_region_kjdx_g34t":"2090"}},
{"type":"Feature","geometry":{"type":"Point","coordinates":[-73.957734,40.60867]},"properties":{":id":"row-82yv_t2qb-63if",":version":"rv-eddt~ruti-zpgx",":created_at":"2026-09-28T04:22:00.524Z",":updated_at":"2026-09-28T04:22:02.228Z","gtfs_stop_id":"D35","station_id":"51","complex_id":"51","division":"BMT","line":"Broadway - Brighton","stop_name":"Kings Hwy","borough":"Bk","cbd":"false","daytime_routes":"B Q","structure":"Open Cut","gtfs_latitude":"40.60867","gtfs_longitude":"-73.957734","north_direction_label":"Manhattan","south_direction_label":"Southbound","ada":"1","ada_northbound":"1","ada_southbound":"1","ada_notes":null,":@computed_region_yamh_8v7k":"894",":@computed_region_wbg7_3whc":"812",":@computed_region_kjdx_g34t":"2090"}},
{"type":"Feature","geometry":{"type":"Point","coordinates":[-73.955929,40.5993]},"properties":{":id":"row-mhhu_ck7h.d4x5",":version":"rv-6edi-aaq2_izeb",":created_at":"2026-09-28T04:22:00.524Z",":updated_at":"2026-09-28T04:22:02.228Z","gtfs_stop_id":"D37","station_id":"52","complex_id":"52","division":"BMT","line":"Broadway - Brighton","stop_name":"Avenue U","borough":"Bk","cbd":"false","daytime_routes":"Q","structure":"Open Cut","gtfs_latitude":"40.5993","gtfs_longitude":"-73.955929","north_direction_label":"Manhattan","south_direction_label":"Southbound","ada":"0","ada_northbound":"0","ada_southbound":"0","ada_notes":null,":@computed_region_yamh_8v7k":"894",":@computed_region_wbg7_3whc":"812",":@computed_region_kjdx_g34t":"2090"}},
{"type":"Feature","geometry":{"type":"Point","coordinates":[-73.955161,40.595246]},"properties":{":id":"row-w8bu_fdbc_eagw",":version":"rv-y5sd.cdh9.senw",":created_at":"2026-09-28T04:22:00.524Z",":updated_at":"2026-09-28T04:22:02.228Z","gtfs_stop_id":"D38","station_id":"53","complex_id":"53","division":"BMT","line":"Broadway - Brighton","stop_name":"Neck Rd","borough":"Bk","cbd":"false","daytime_routes":"Q","structure":"Open Cut","gtfs_latitude":"40.595246","gtfs_longitude":"-73.955161","north_direction_label":"Manhattan","south_direction_label":"Southbound","ada":"0","ada_northbound":"0","ada_southbound":"0","ada_notes":null,":@computed_region_yamh_8v7k":"894",":@computed_region_wbg7_3whc":"812",":@computed_region_kjdx_g34t":"2090"}},
{"type":"Feature","geometry":{"type":"Point","coordinates":[-73.954155,40.586896]},"properties":{":id":"row-7jpr-a829~72ry",":version":"rv-dtes_spzp.kqcr",":created_at":"2026-09-28T04:22:00.524Z",":updated_at":"2026-09-28T04:22:02.228Z","gtfs_stop_id":"D39","station_id":"54","complex_id":"54","division":"BMT","line":"Broadway - Brighton","stop_name":"Sheepshead Bay","borough":"Bk","cbd":"false","daytime_routes":"B Q","structure":"Open Cut","gtfs_latitude":"40.586896","gtfs_longitude":"-73.954155","north_direction_label":"Manhattan","south_direction_label":"Southbound","ada":"1","ada_northbound":"1","ada_southbound":"1","ada_notes":null,":@computed_region_yamh_8v7k":"894",":@computed_region_wbg7_3whc":"818",":@computed_region_kjdx_g34t":"2090"}},
{"type":"Feature","geometry":{"type":"Point","coordinates":[-73.961376,40.577621]},"properties":{":id":"row-5ndj~nkpi~5522",":version":"rv-3c2k.apjw-gdtz",":created_at":"2026-09-28T04:22:00.524Z",":updated_at":"2026-09-28T04:22:02.228Z","gtfs_stop_id":"D40","station_id":"55","complex_id":"55","division":"BMT","line":"Broadway - Brighton","stop_name":"Brighton Beach","borough":"Bk","cbd":"false","daytime_routes":"B Q","structure":"Elevated","gtfs_latitude":"40.577621","gtfs_longitude":"-73.961376","north_direction_label":"Manhattan","south_direction_label":"Southbound","ada":"0","ada_northbound":"0","ada_southbound":"0","ada_notes":null,":@computed_region_yamh_8v7k":"894",":@computed_region_wbg7_3whc":"818",":@computed_region_kjdx_g34t":"2090"}},
{"type":"Feature","geometry":{"type":"Point","coordinates":[-73.968501,40.576312]},"properties":{":id":"row-zr7s_hkzk_d3i9",":version":"rv-ceug-vx68.ev43",":created_at":"2026-09-28T04:22:00.524Z",":updated_at":"2026-09-28T04:22:02.228Z","gtfs_stop_id":"D41","station_id":"56","complex_id":"56","division":"BMT","line":"Broadway - Brighton","stop_name":"Ocean Pkwy","borough":"Bk","cbd":"false","daytime_routes":"Q","structure":"Elevated","gtfs_latitude":"40.576312","gtfs_longitude":"-73.968501","north_direction_label":"Manhattan","south_direction_label":"Coney Island","ada":"0","ada_northbound":"0","ada_southbound":"0","ada_notes":null,":@computed_region_yamh_8v7k":"894",":@computed_region_wbg7_3whc":"818",":@computed_region_kjdx_g34t":"2090"}},
{"type":"Feature","geometry":{"type":"Point","coordinates":[-73.975939,40.576127]},"properties":{":id":"row-df7u-m72x-i533",":version":"rv-bakm.rbi4_tkj9",":created_at":"2026-09-28T04:22:00.524Z",":updated_at":"2026-09-28T04:22:02.228Z","gtfs_stop_id":"D42","station_id":"57","complex_id":"57","division":"BMT","line":"Broadway - Brighton","stop_name":"W 8 St-NY Aquarium","borough":"Bk","cbd":"false","daytime_routes":"F Q","structure":"Elevated","gtfs_latitude":"40.576127","gtfs_longitude":"-73.975939","north_direction_label":"Manhattan","south_direction_label":"Coney Island","ada":"0","ada_northbound":"0","ada_southbound":"0","ada_notes":null,":@computed_region_yamh_8v7k":"894",":@computed_region_wbg7_3whc":"903",":@computed_region_kjdx_g34t":"2090"}},
{"type":"Feature","geometry":{"type":"Point","coordinates":[-73.981233,40.577422]},"properties":{":id":"row-qy53.wux2_ry9v",":version":"rv-dr3k~mqj6.99he",":created_at":"2026-09-28T04:22:00.524Z",":updated_at":"2026-09-28T04:22:02.228Z","gtfs_stop_id":"D43","station_id":"58","complex_id":"58","division":"BMT","line":"Sea Beach / West End / Culver / Brighton","stop_name":"Coney Island-Stillwell Av","borough":"Bk","cbd":"false","daytime_routes":"D F N Q","structure":"Viaduct","gtfs_latitude":"40.577422","gtfs_longitude":"-73.981233","north_direction_label":"Manhattan","south_direction_label":"Last Stop","ada":"1","ada_northbound":"1","ada_southbound":"1","ada_notes":null,":@computed_region_yamh_8v7k":"894",":@computed_region_wbg7_3whc":"903",":@computed_region_kjdx_g34t":"2090"}},
{"type":"Feature","geometry":{"type":"Point","coordinates":[-73.994324,40.646292]},"properties":{":id":"row-e3ib_6ifa.t2mg",":version":"rv-jkfj-y2bc-wc3e",":created_at":"2026-09-28T04:22:00.524Z",":updated_at":"2026-09-28T04:22:02.228Z","gtfs_stop_id":"B12","station_id":"59","complex_id":"59","division":"BMT","line":"West End","stop_name":"9 Av","borough":"Bk","cbd":"false","daytime_routes":"D","structure":"Open Cut","gtfs_latitude":"40.646292","gtfs_longitude":"-73.994324","north_direction_label":"Manhattan","south_direction_label":"Southbound","ada":"0","ada_northbound":"0","ada_southbound":"0","ada_notes":null,":@computed_region_yamh_8v7k":"894",":@computed_region_wbg7_3whc":"897",":@computed_region_kjdx_g34t":"2090"}},
{"type":"Feature","geometry":{"type":"Point","coordinates":[-73.994304,40.640914]},"properties":{":id":"row-dws2.b98w~un4h",":version":"rv-sehj.fztw~p7dm",":created_at":"2026-09-28T04:22:00.524Z",":updated_at":"2026-09-28T04:22:02.228Z","gtfs_stop_id":"B13","station_id":"60","complex_id":"60","division":"BMT","line":"West End","stop_name":"Fort Hamilton Pkwy","borough":"Bk","cbd":"false","daytime_routes":"D","structure":"Elevated","gtfs_latitude":"40.640914","gtfs_longitude":"-73.994304","north_direction_label":"Manhattan","south_direction_label":"Southbound","ada":"0","ada_northbound":"0","ada_southbound":"0","ada_notes":null,":@computed_region_yamh_8v7k":"894",":@computed_region_wbg7_3whc":"897",":@computed_region_kjdx_g34t":"2090"}},
{"type":"Feature","geometry":{"type":"Point","coordinates":[-73.994791,40.63626]},"properties":{":id":"row-rwi6.cmbf~xm7s",":version":"rv-puuu-7mz5-f3sp",":created_at":"2026-09-28T04:22:00.524Z",":updated_at":"2026-09-28T04:22:02.228Z","gtfs_stop_id":"B14","station_id":"61","complex_id":"61","division":"BMT","line":"West End","stop_name":"50 St","borough":"Bk","cbd":"false","daytime_routes":"D","structure":"Elevated","gtfs_latitude":"40.63626","gtfs_longitude":"-73.994791","north_direction_label":"Manhattan","south_direction_label":"Southbound","ada":"0","ada_northbound":"0","ada_southbound":"0","ada_notes":null,":@computed_region_yamh_8v7k":"894",":@computed_region_wbg7_3whc":"897",":@computed_region_kjdx_g34t":"2090"}},
{"type":"Feature","geometry":{"type":"Point","coordinates":[-73.995476,40.631435]},"properties":{":id":"row-n597-s5zz.th2j",":version":"rv-38gi.5nbv~fh6u",":created_at":"2026-09-28T04:22:00.524Z",":updated_at":"2026-09-28T04:22:02.228Z","gtfs_stop_id":"B15","station_id":"62","complex_id":"62","division":"BMT","line":"West End","stop_name":"55 St","borough":"Bk","cbd":"false","daytime_routes":"D","structure":"Elevated","gtfs_latitude":"40.631435","gtfs_longitude":"-73.995476","north_direction_label":"Manhattan","south_direction_label":"Southbound","ada":"0","ada_northbound":"0","ada_southbound":"0","ada_notes":null,":@computed_region_yamh_8v7k":"894",":@computed_region_wbg7_3whc":"897",":@computed_region_kjdx_g34t":"2090"}},
{"type":"Feature","geometry":{"type":"Point","coordinates":[-73.996895,40.626472]},"properties":{":id":"row-v6hn-gb55_sn7c",":version":"rv-wv7u.d92w-4t5h",":created_at":"2026-09-28T04:22:00.524Z",":updated_at":"2026-09-28T04:22:02.228Z","gtfs_stop_id":"B16","station_id":"63","complex_id":"615","division":"BMT","line":"West End","stop_name":"62 St","borough":"Bk","cbd":"false","daytime_routes":"D","structure":"Elevated","gtfs_latitude":"40.626472","gtfs_longitude":"-73.996895","north_direction_label":"Manhattan","south_direction_label":"Southbound","ada":"1","ada_northbound":"1","ada_southbound":"1","ada_notes":null,":@computed_region_yamh_8v7k":"894",":@computed_region_wbg7_3whc":"897",":@computed_region_kjdx_g34t":"2090"}},
{"type":"Feature","geometry":{"type":"Point","coordinates":[-73.998864,40.619589]},"properties":{":id":"row-ra76_9s67~w7j6",":version":"rv-7nxq_htpx~sesm",":created_at":"2026-09-28T04:22:00.524Z",":updated_at":"2026-09-28T04:22:02.228Z","gtfs_stop_id":"B17","station_id":"64","complex_id":"64","division":"BMT","line":"West End","stop_name":"71 St","borough":"Bk","cbd":"false","daytime_routes":"D","structure":"Elevated","gtfs_latitude":"40.619589","gtfs_longitude":"-73.998864","north_direction_label":"Manhattan","south_direction_label":"Southbound","ada":"0","ada_northbound":"0","ada_southbound":"0","ada_notes":null,":@computed_region_yamh_8v7k":"894",":@computed_region_wbg7_3whc":"811",":@computed_region_kjdx_g34t":"2090"}},
{"type":"Feature","geometry":{"type":"Point","coordinates":[-74.00061,40.613501]},"properties":{":id":"row-u2bw_guqx-cpsa",":version":"rv-cb5x.ufhd~rhpz",":created_at":"2026-09-28T04:22:00.524Z",":updated_at":"2026-09-28T04:22:02.228Z","gtfs_stop_id":"B18","station_id":"65","complex_id":"65","division":"BMT","line":"West End","stop_name":"79 St","borough":"Bk","cbd":"false","daytime_routes":"D","structure":"Elevated","gtfs_latitude":"40.613501","gtfs_longitude":"-74.00061","north_direction_label":"Manhattan","south_direction_label":"Southbound","ada":"0","ada_northbound":"0","ada_southbound":"0","ada_notes":null,":@computed_region_yamh_8v7k":"894",":@computed_region_wbg7_3whc":"892",":@computed_region_kjdx_g34t":"2090"}},
{"type":"Feature","geometry":{"type":"Point","coordinates":[-74.001736,40.607954]},"properties":{":id":"row-8htr.9gaz~z9fb",":version":"rv-5zpv~pehk~qa4m",":created_at":"2026-09-28T04:22:00.524Z",":updated_at":"2026-09-28T04:22:02.228Z","gtfs_stop_id":"B19","station_id":"66","complex_id":"66","division":"BMT","line":"West End","stop_name":"18 Av","borough":"Bk","cbd":"false","daytime_routes":"D","structure":"Elevated","gtfs_latitude":"40.607954","gtfs_longitude":"-74.001736","north_direction_label":"Manhattan","south_direction_label":"Southbound","ada":"0","ada_northbound":"0","ada_southbound":"0","ada_notes":null,":@computed_region_yamh_8v7k":"894",":@computed_region_wbg7_3whc":"892",":@computed_region_kjdx_g34t":"2090"}},
{"type":"Feature","geometry":{"type":"Point","coordinates":[-73.998168,40.604556]},"properties":{":id":"row-cjze-8c4w~ztfw",":version":"rv-wbq9-bjs8-iyjr",":created_at":"2026-09-28T04:22:00.524Z",":updated_at":"2026-09-28T04:22:02.228Z","gtfs_stop_id":"B20","station_id":"67","complex_id":"67","division":"BMT","line":"West End","stop_name":"20 Av","borough":"Bk","cbd":"false","daytime_routes":"D","structure":"Elevated","gtfs_latitude":"40.604556","gtfs_longitude":"-73.998168","north_direction_label":"Manhattan","south_direction_label":"Southbound","ada":"0","ada_northbound":"0","ada_southbound":"0","ada_notes":null,":@computed_region_yamh_8v7k":"894",":@computed_region_wbg7_3whc":"892",":@computed_region_kjdx_g34t":"2090"}},
{"type":"Feature","geometry":{"type":"Point","coordinates":[-73.993728,40.601875]},"properties":{":id":"row-r237.n7r4_k9s5",":version":"rv-asna.mbaz_3uyx",":created_at":"2026-09-28T04:22:00.524Z",":updated_at":"2026-09-28T04:22:02.228Z","gtfs_stop_id":"B21","station_id":"68","complex_id":"68","division":"BMT","line":"West End","stop_name":"Bay Pkwy","borough":"Bk","cbd":"false","daytime_routes":"D","structure":"Elevated","gtfs_latitude":"40.601875","gtfs_longitude":"-73.993728","north_direction_label":"Manhattan","south_direction_label":"Southbound","ada":"1","ada_northbound":"1","ada_southbound":"1","ada_notes":null,":@computed_region_yamh_8v7k":"894",":@computed_region_wbg7_3whc":"892",":@computed_region_kjdx_g34t":"2090"}},
{"type":"Feature","geometry":{"type":"Point","coordinates":[-73.986829,40.597704]},"properties":{":id":"row-mfcz.26dk-asum",":version":"rv-tj3e~if3u_qcpt",":created_at":"2026-09-28T04:22:00.524Z",":updated_at":"2026-09-28T04:22:02.228Z","gtfs_stop_id":"B22","station_id":"69","complex_id":"69","division":"BMT","line":"West End","stop_name":"25 Av","borough":"Bk","cbd":"false","daytime_routes":"D","structure":"Elevated","gtfs_latitude":"40.597704","gtfs_longitude":"-73.986829","north_direction_label":"Manhattan","south_direction_label":"Coney Island","ada":"0","ada_northbound":"0","ada_southbound":"0","ada_notes":null,":@computed_region_yamh_8v7k":"894",":@computed_region_wbg7_3whc":"892",":@computed_region_kjdx_g34t":"2090"}},
{"type":"Feature","geometry":{"type":"Point","coordinates":[-73.983765,40.588841]},"properties":{":id":"row-rkpc-fc9d_xvs5",":version":"rv-2vbc_53vy-iayf",":created_at":"2026-09-28T04:22:00.524Z",":updated_at":"2026-09-28T04:22:02.228Z","gtfs_stop_id":"B23","station_id":"70","complex_id":"70","division":"BMT","line":"West End","stop_name":"Bay 50 St","borough":"Bk","cbd":"false","daytime_routes":"D","structure":"Elevated","gtfs_latitude":"40.588841","gtfs_longitude":"-73.983765","north_direction_label":"Manhattan","south_direction_label":"Coney Island","ada":"0","ada_northbound":"0","ada_southbound":"0","ada_notes":null,":@computed_region_yamh_8v7k":"894",":@computed_region_wbg7_3whc":"902",":@computed_region_kjdx_g34t":"2090"}},
{"type":"Feature","geometry":{"type":"Point","coordinates":[-74.011719,40.635064]},"properties":{":id":"row-nsbn-8w3z_3bcm",":version":"rv-eejf~9rsa_k9gd",":created_at":"2026-09-28T04:22:00.524Z",":updated_at":"2026-09-28T04:22:02.228Z","gtfs_stop_id":"N02","station_id":"71","complex_id":"71","division":"BMT","line":"Sea Beach","stop_name":"8 Av","borough":"Bk","cbd":"false","daytime_routes":"N","structure":"Open Cut","gtfs_latitude":"40.635064","gtfs_longitude":"-74.011719","north_direction_label":"Manhattan","south_direction_label":"Coney Island","ada":"1","ada_northbound":"1","ada_southbound":"1","ada_notes":null,":@computed_region_yamh_8v7k":"894",":@computed_region_wbg7_3whc":"899",":@computed_region_kjdx_g34t":"2090"}},
{"type":"Feature","geometry":{"type":"Point","coordinates":[-74.005351,40.631386]},"properties":{":id":"row-rhv3-5kmu_mhc8",":version":"rv-ektz-wb5r.c5s2",":created_at":"2026-09-28T04:22:00.524Z",":updated_at":"2026-09-28T04:22:02.228Z","gtfs_stop_id":"N03","station_id":"72","complex_id":"72","division":"BMT","line":"Sea Beach","stop_name":"Fort Hamilton Pkwy","borough":"Bk","cbd":"false","daytime_routes":"N","structure":"Open Cut","gtfs_latitude":"40.631386","gtfs_longitude":"-74.005351","north_direction_label":"Manhattan","south_direction_label":"Coney Island","ada":"0","ada_northbound":"0","ada_southbound":"0","ada_notes":null,":@computed_region_yamh_8v7k":"894",":@computed_region_wbg7_3whc":"897",":@computed_region_kjdx_g34t":"2090"}},
{"type":"Feature","geometry":{"type":"Point","coordinates":[-73.996353,40.624842]},"properties":{":id":"row-cx2r~3bv5.6hq9",":version":"rv-q3a3.qgmu_s3kw",":created_at":"2026-09-28T04:22:00.524Z",":updated_at":"2026-09-28T04:22:02.228Z","gtfs_stop_id":"N04","station_id":"73","complex_id":"615","division":"BMT","line":"Sea Beach","stop_name":"New Utrecht Av","borough":"Bk","cbd":"false","daytime_routes":"N","structure":"Open Cut","gtfs_latitude":"40.624842","gtfs_longitude":"-73.996353","north_direction_label":"Manhattan","south_direction_label":"Coney Island","ada":"1","ada_northbound":"1","ada_southbound":"1","ada_notes":null,":@computed_region_yamh_8v7k":"894",":@computed_region_wbg7_3whc":"897",":@computed_region_kjdx_g34t":"2090"}},
{"type":"Feature","geometry":{"type":"Point","coordinates":[-73.990414,40.620671]},"properties":{":id":"row-c8cw-7vg5.eseb",":version":"rv-degz_uw3y~tbra",":created_at":"2026-09-28T04:22:00.524Z",":updated_at":"2026-09-28T04:22:02.228Z","gtfs_stop_id":"N05","station_id":"74","complex_id":"74","division":"BMT","line":"Sea Beach","stop_name":"18 Av","borough":"Bk","cbd":"false","daytime_routes":"N","structure":"Open Cut","gtfs_latitude":"40.620671","gtfs_longitude":"-73.990414","north_direction_label":"Manhattan","south_direction_label":"Coney Island","ada":"0","ada_northbound":"0","ada_southbound":"0","ada_notes":null,":@computed_region_yamh_8v7k":"894",":@computed_region_wbg7_3whc":"882",":@computed_region_kjdx_g34t":"2090"}},
{"type":"Feature","geometry":{"type":"Point","coordinates":[-73.985026,40.61741]},"properties":{":id":"row-wiy9_rkz4_q6tk",":version":"rv-nket_dc9n_fkf4",":created_at":"2026-09-28T04:22:00.524Z",":updated_at":"2026-09-28T04:22:02.228Z","gtfs_stop_id":"N06","station_id":"75","complex_id":"75","division":"BMT","line":"Sea Beach","stop_name":"20 Av","borough":"Bk","cbd":"false","daytime_routes":"N","structure":"Open Cut","gtfs_latitude":"40.61741","gtfs_longitude":"-73.985026","north_direction_label":"Manhattan","south_direction_label":"Coney Island","ada":"0","ada_northbound":"0","ada_southbound":"0","ada_notes":null,":@computed_region_yamh_8v7k":"894",":@computed_region_wbg7_3whc":"882",":@computed_region_kjdx_g34t":"2090"}},
{"type":"Feature","geometry":{"type":"Point","coordinates":[-73.981848,40.611815]},"properties":{":id":"row-y3ux_g39i~9gup",":version":"rv-tftj~3y2t~5gvq",":created_at":"2026-09-28T04:22:00.524Z",":updated_at":"2026-09-28T04:22:02.228Z","gtfs_stop_id":"N07","station_id":"76","complex_id":"76","division":"BMT","line":"Sea Beach","stop_name":"Bay Pkwy","borough":"Bk","cbd":"false","daytime_routes":"N","structure":"Open Cut","gtfs_latitude":"40.611815","gtfs_longitude":"-73.981848","north_direction_label":"Manhattan","south_direction_label":"Coney Island","ada":"0","ada_northbound":"0","ada_southbound":"0","ada_notes":null,":@computed_region_yamh_8v7k":"894",":@computed_region_wbg7_3whc":"882",":@computed_region_kjdx_g34t":"2090"}},
{"type":"Feature","geometry":{"type":"Point","coordinates":[-73.980353,40.603923]},"properties":{":id":"row-q48f.csbg~svtx",":version":"rv-2vvk~qivg-tqpn",":created_at":"2026-09-28T04:22:00.524Z",":updated_at":"2026-09-28T04:22:02.228Z","gtfs_stop_id":"N08","station_id":"77","complex_id":"77","division":"BMT","line":"Sea Beach","stop_name":"Kings Hwy","borough":"Bk","cbd":"false","daytime_routes":"N","structure":"Open Cut","gtfs_latitude":"40.603923","gtfs_longitude":"-73.980353","north_direction_label":"Manhattan","south_direction_label":"Coney Island","ada":"0","ada_northbound":"0","ada_southbound":"0","ada_notes":null,":@computed_region_yamh_8v7k":"894",":@computed_region_wbg7_3whc":"902",":@computed_region_kjdx_g34t":"2090"}},
{"type":"Feature","geometry":{"type":"Point","coordinates":[-73.979137,40.597473]},"properties":{":id":"row-in3z.9mnb~ex8d",":version":"rv-bg8f_x55b-acq4",":created_at":"2026-09-28T04:22:00.524Z",":updated_at":"2026-09-28T04:22:02.228Z","gtfs_stop_id":"N09","station_id":"78","complex_id":"78","division":"BMT","line":"Sea Beach","stop_name":"Avenue U","borough":"Bk","cbd":"false","daytime_routes":"N","structure":"Open Cut","gtfs_latitude":"40.597473","gtfs_longitude":"-73.979137","north_direction_label":"Manhattan","south_direction_label":"Coney Island","ada":"0","ada_northbound":"0","ada_southbound":"0","ada_notes":null,":@computed_region_yamh_8v7k":"894",":@computed_region_wbg7_3whc":"902",":@computed_region_kjdx_g34t":"2090"}},
{"type":"Feature","geometry":{"type":"Point","coordinates":[-73.97823,40.592721]},"properties":{":id":"row-sw96-iuhq~npvs",":version":"rv-2tmx.twvy_75ec",":created_at":"2026-09-28T04:22:00.524Z",":updated_at":"2026-09-28T04:22:02.228Z","gtfs_stop_id":"N10","station_id":"79","complex_id":"79","division":"BMT","line":"Sea Beach","stop_name":"86 St","borough":"Bk","cbd":"false","daytime_routes":"N","structure":"Open Cut","gtfs_latitude":"40.592721","gtfs_longitude":"-73.97823","north_direction_label":"Manhattan","south_direction_label":"Coney Island","ada":"0","ada_northbound":"0","ada_southbound":"0","ada_notes":null,":@computed_region_yamh_8v7k":"894",":@computed_region_wbg7_3whc":"902",":@computed_region_kjdx_g34t":"2090"}},
{"type":"Feature","geometry":{"type":"Point","coordinates":[-73.828294,40.700492]},"properties":{":id":"row-4pns_pctp_iwcz",":version":"rv-ekba-2nvh~sf9y",":created_at":"2026-09-28T04:22:00.524Z",":updated_at":"2026-09-28T04:22:02.228Z","gtfs_stop_id":"J12","station_id":"80","complex_id":"80","division":"BMT","line":"Jamaica","stop_name":"121 St","borough":"Q","cbd":"false","daytime_routes":"J Z","structure":"Elevated","gtfs_latitude":"40.700492","gtfs_longitude":"-73.828294","north_direction_label":"Jamaica","south_direction_label":"Manhattan","ada":"0","ada_northbound":"0","ada_southbound":"0","ada_notes":null,":@computed_region_yamh_8v7k":"196",":@computed_region_wbg7_3whc":"1165",":@computed_region_kjdx_g34t":"2137"}},
{"type":"Feature","geometry":{"type":"Point","coordinates":[-73.836345,40.697418]},"properties":{":id":"row-8fmi-75wv~tnwt",":version":"rv-ewhb_d4sk~cxbm",":created_at":"2026-09-28T04:22:00.524Z",":updated_at":"2026-09-28T04:22:02.228Z","gtfs_stop_id":"J13","station_id":"81","complex_id":"81","division":"BMT","line":"Jamaica","stop_name":"111 St","borough":"Q","cbd":"false","daytime_routes":"J","structure":"Elevated","gtfs_latitude":"40.697418","gtfs_longitude":"-73.836345","north_direction_label":"Jamaica","south_direction_label":"Manhattan","ada":"0","ada_northbound":"0","ada_southbound":"0","ada_notes":null,":@computed_region_yamh_8v7k":"196",":@computed_region_wbg7_3whc":"1165",":@computed_region_kjdx_g34t":"2137"}},
{"type":"Feature","geometry":{"type":"Point","coordinates":[-73.84433,40.695178]},"properties":{":id":"row-ft6c_cpj7~f6hg",":version":"rv-pqn6_n6fz_hua6",":created_at":"2026-09-28T04:22:00.524Z",":updated_at":"2026-09-28T04:22:02.228Z","gtfs_stop_id":"J14","station_id":"82","complex_id":"82","division":"BMT","line":"Jamaica","stop_name":"104 St","borough":"Q","cbd":"false","daytime_routes":"J Z","structure":"Elevated","gtfs_latitude":"40.695178","gtfs_longitude":"-73.84433","north_direction_label":"Jamaica","south_direction_label":"Manhattan","ada":"0","ada_northbound":"0","ada_southbound":"0","ada_notes":null,":@computed_region_yamh_8v7k":"196",":@computed_region_wbg7_3whc":"1165",":@computed_region_kjdx_g34t":"2137"}},
{"type":"Feature","geometry":{"type":"Point","coordinates":[-73.851576,40.693879]},"properties":{":id":"row-fj88.vvfh~4gsy",":version":"rv-fbaa.9tcf.efnr",":created_at":"2026-09-28T04:22:00.524Z",":updated_at":"2026-09-28T04:22:02.228Z","gtfs_stop_id":"J15","station_id":"83","complex_id":"83","division":"BMT","line":"Jamaica","stop_name":"Woodhaven Blvd","borough":"Q","cbd":"false","daytime_routes":"J Z","structure":"Elevated","gtfs_latitude":"40.693879","gtfs_longitude":"-73.851576","north_direction_label":"Jamaica","south_direction_label":"Manhattan","ada":"1","ada_northbound":"1","ada_southbound":"1","ada_notes":null,":@computed_region_yamh_8v7k":"196",":@computed_region_wbg7_3whc":"1168",":@computed_region_kjdx_g34t":"2137"}},
{"type":"Feature","geometry":{"type":"Point","coordinates":[-73.86001,40.692435]},"properties":{":id":"row-3gmy_x43r~fbpn",":version":"rv-bgy8-36zb-6ppj",":created_at":"2026-09-28T04:22:00.524Z",":updated_at":"2026-09-28T04:22:02.228Z","gtfs_stop_id":"J16","station_id":"84","complex_id":"84","division":"BMT","line":"Jamaica","stop_name":"85 St-Forest Pkwy","borough":"Q","cbd":"false","daytime_routes":"J","structure":"Elevated","gtfs_latitude":"40.692435","gtfs_longitude":"-73.86001","north_direction_label":"Jamaica","south_direction_label":"Manhattan","ada":"0","ada_northbound":"0","ada_southbound":"0","ada_notes":null,":@computed_region_yamh_8v7k":"196",":@computed_region_wbg7_3whc":"1168",":@computed_region_kjdx_g34t":"2137"}},
{"type":"Feature","geometry":{"type":"Point","coordinates":[-73.867139,40.691324]},"properties":{":id":"row-wk8j_b5wt_p33n",":version":"rv-pi4w-whgg-8if5",":created_at":"2026-09-28T04:22:00.524Z",":updated_at":"2026-09-28T04:22:02.228Z","gtfs_stop_id":"J17","station_id":"85","complex_id":"85","division":"BMT","line":"Jamaica","stop_name":"75 St-Elderts Ln","borough":"Q","cbd":"false","daytime_routes":"J Z","structure":"Elevated","gtfs_latitude":"40.691324","gtfs_longitude":"-73.867139","north_direction_label":"Jamaica","south_direction_label":"Manhattan","ada":"0","ada_northbound":"0","ada_southbound":"0","ada_notes":null,":@computed_region_yamh_8v7k":"196",":@computed_region_wbg7_3whc":"1168",":@computed_region_kjdx_g34t":"2137"}},
{"type":"Feature","geometry":{"type":"Point","coordinates":[-73.87255,40.689941]},"properties":{":id":"row-j5px_5vv2~jjs8",":version":"rv-ipbi~yzkc_3xz3",":created_at":"2026-09-28T04:22:00.524Z",":updated_at":"2026-09-28T04:22:02.228Z","gtfs_stop_id":"J19","station_id":"86","complex_id":"86","division":"BMT","line":"Jamaica","stop_name":"Cypress Hills","borough":"Bk","cbd":"false","daytime_routes":"J","structure":"Elevated","gtfs_latitude":"40.689941","gtfs_longitude":"-73.87255","north_direction_label":"Queens","south_direction_label":"Manhattan","ada":"0","ada_northbound":"0","ada_southbound":"0","ada_notes":null,":@computed_region_yamh_8v7k":"894",":@computed_region_wbg7_3whc":"886",":@computed_region_kjdx_g34t":"2137"}},
{"type":"Feature","geometry":{"type":"Point","coordinates":[-73.873785,40.683194]},"properties":{":id":"row-csg4~8nqm.2bzy",":version":"rv-mwx2.3jvd.yc73",":created_at":"2026-09-28T04:22:00.524Z",":updated_at":"2026-09-28T04:22:02.228Z","gtfs_stop_id":"J20","station_id":"87","complex_id":"87","division":"BMT","line":"Jamaica","stop_name":"Crescent St","borough":"Bk","cbd":"false","daytime_routes":"J Z","structure":"Elevated","gtfs_latitude":"40.683194","gtfs_longitude":"-73.873785","north_direction_label":"Outbound","south_direction_label":"Manhattan","ada":"0","ada_northbound":"0","ada_southbound":"0","ada_notes":null,":@computed_region_yamh_8v7k":"894",":@computed_region_wbg7_3whc":"886",":@computed_region_kjdx_g34t":"2137"}},
{"type":"Feature","geometry":{"type":"Point","coordinates":[-73.880039,40.68141]},"properties":{":id":"row-iz8n-fx6t~dzyp",":version":"rv-9ttj~asxh-f92h",":created_at":"2026-09-28T04:22:00.524Z",":updated_at":"2026-09-28T04:22:02.228Z","gtfs_stop_id":"J21","station_id":"88","complex_id":"88","division":"BMT","line":"Jamaica","stop_name":"Norwood Av","borough":"Bk","cbd":"false","daytime_routes":"J Z","structure":"Elevated","gtfs_latitude":"40.68141","gtfs_longitude":"-73.880039","north_direction_label":"Outbound","south_direction_label":"Manhattan","ada":"0","ada_northbound":"0","ada_southbound":"0","ada_notes":null,":@computed_region_yamh_8v7k":"894",":@computed_region_wbg7_3whc":"886",":@computed_region_kjdx_g34t":"2137"}},
{"type":"Feature","geometry":{"type":"Point","coordinates":[-73.884639,40.679947]},"properties":{":id":"row-zvy2~2q7k.3v7f",":version":"rv-85cp-qppt-ywrf",":created_at":"2026-09-28T04:22:00.524Z",":updated_at":"2026-09-28T04:22:02.228Z","gtfs_stop_id":"J22","station_id":"89","complex_id":"89","division":"BMT","line":"Jamaica","stop_name":"Cleveland St","borough":"Bk","cbd":"false","daytime_routes":"J","structure":"Elevated","gtfs_latitude":"40.679947","gtfs_longitude":"-73.884639","north_direction_label":"Outbound","south_direction_label":"Manhattan","ada":"0","ada_northbound":"0","ada_southbound":"0","ada_notes":null,":@computed_region_yamh_8v7k":"894",":@computed_region_wbg7_3whc":"886",":@computed_region_kjdx_g34t":"2137"}},
{"type":"Feature","geometry":{"type":"Point","coordinates":[-73.891688,40.678024]},"properties":{":id":"row-puyg.5dp6_mcu6",":version":"rv-gnwn.4qrn_b3jf",":created_at":"2026-09-28T04:22:00.524Z",":updated_at":"2026-09-28T04:22:02.228Z","gtfs_stop_id":"J23","station_id":"90","complex_id":"90","division":"BMT","line":"Jamaica","stop_name":"Van Siclen Av","borough":"Bk","cbd":"false","daytime_routes":"J Z","structure":"Elevated","gtfs_latitude":"40.678024","gtfs_longitude":"-73.891688","north_direction_label":"Outbound","south_direction_label":"Manhattan","ada":"0","ada_northbound":"0","ada_southbound":"0","ada_notes":null,":@computed_region_yamh_8v7k":"894",":@computed_region_wbg7_3whc":"885",":@computed_region_kjdx_g34t":"2090"}},
{"type":"Feature","geometry":{"type":"Point","coordinates":[-73.898654,40.676992]},"properties":{":id":"row-4q4y.qurg.tu6u",":version":"rv-k9k7.2rvv~s5ar",":created_at":"2026-09-28T04:22:00.524Z",":updated_at":"2026-09-28T04:22:02.228Z","gtfs_stop_id":"J24","station_id":"91","complex_id":"91","division":"BMT","line":"Jamaica","stop_name":"Alabama Av","borough":"Bk","cbd":"false","daytime_routes":"J Z","structure":"Elevated","gtfs_latitude":"40.676992","gtfs_longitude":"-73.898654","north_direction_label":"Outbound","south_direction_label":"Manhattan","ada":"0","ada_northbound":"0","ada_southbound":"0","ada_notes":null,":@computed_region_yamh_8v7k":"894",":@computed_region_wbg7_3whc":"885",":@computed_region_kjdx_g34t":"2090"}},
{"type":"Feature","geometry":{"type":"Point","coordinates":[-73.904512,40.679498]},"properties":{":id":"row-7bu4.dxiu~v8dz",":version":"rv-gkb7_484w-rgwa",":created_at":"2026-09-28T04:22:00.524Z",":updated_at":"2026-09-28T04:22:02.228Z","gtfs_stop_id":"J27","station_id":"92","complex_id":"621","division":"BMT","line":"Jamaica","stop_name":"Broadway Junction","borough":"Bk","cbd":"false","daytime_routes":"J Z","structure":"Elevated","gtfs_latitude":"40.679498","gtfs_longitude":"-73.904512","north_direction_label":"Outbound","south_direction_label":"Manhattan","ada":"0","ada_northbound":"0","ada_southbound":"0","ada_notes":null,":@computed_region_yamh_8v7k":"894",":@computed_region_wbg7_3whc":"816",":@computed_region_kjdx_g34t":"2090"}},
{"type":"Feature","geometry":{"type":"Point","coordinates":[-73.910456,40.682893]},"properties":{":id":"row-3p8a-fcek-yxct",":version":"rv-2ny3-fg35.dqbb",":created_at":"2026-09-28T04:22:00.524Z",":updated_at":"2026-09-28T04:22:02.228Z","gtfs_stop_id":"J28","station_id":"93","complex_id":"93","division":"BMT","line":"Jamaica","stop_name":"Chauncey St","borough":"Bk","cbd":"false","daytime_routes":"J Z","structure":"Elevated","gtfs_latitude":"40.682893","gtfs_longitude":"-73.910456","north_direction_label":"Outbound","south_direction_label":"Manhattan","ada":"0","ada_northbound":"0","ada_southbound":"0","ada_notes":null,":@computed_region_yamh_8v7k":"894",":@computed_region_wbg7_3whc":"885",":@computed_region_kjdx_g34t":"2090"}},
{"type":"Feature","geometry":{"type":"Point","coordinates":[-73.916559,40.68637]},"properties":{":id":"row-v9qc-xsfh-dccf",":version":"rv-qm5x.ipkq.8ecv",":created_at":"2026-09-28T04:22:00.524Z",":updated_at":"2026-09-28T04:22:02.228Z","gtfs_stop_id":"J29","station_id":"94","complex_id":"94","division":"BMT","line":"Jamaica","stop_name":"Halsey St","borough":"Bk","cbd":"false","daytime_routes":"J","structure":"Elevated","gtfs_latitude":"40.68637","gtfs_longitude":"-73.916559","north_direction_label":"Outbound","south_direction_label":"Manhattan","ada":"0","ada_northbound":"0","ada_southbound":"0","ada_notes":null,":@computed_region_yamh_8v7k":"894",":@computed_region_wbg7_3whc":"900",":@computed_region_kjdx_g34t":"2090"}},
{"type":"Feature","geometry":{"type":"Point","coordinates":[-73.92227,40.68963]},"properties":{":id":"row-uw5w_xu6i_e5f3",":version":"rv-2yuw-862y_7w86",":created_at":"2026-09-28T04:22:00.524Z",":updated_at":"2026-09-28T04:22:02.228Z","gtfs_stop_id":"J30","station_id":"95","complex_id":"95","division":"BMT","line":"Jamaica","stop_name":"Gates Av","borough":"Bk","cbd":"false","daytime_routes":"J Z","structure":"Elevated","gtfs_latitude":"40.68963","gtfs_longitude":"-73.92227","north_direction_label":"Outbound","south_direction_label":"Manhattan","ada":"0","ada_northbound":"0","ada_southbound":"0","ada_notes":null,":@computed_region_yamh_8v7k":"894",":@computed_region_wbg7_3whc":"900",":@computed_region_kjdx_g34t":"2090"}},
{"type":"Feature","geometry":{"type":"Point","coordinates":[-73.928814,40.693342]},"properties":{":id":"row-s8sa~6fvx~pt88",":version":"rv-zpze_4462~cq9u",":created_at":"2026-09-28T04:22:00.524Z",":updated_at":"2026-09-28T04:22:02.228Z","gtfs_stop_id":"J31","station_id":"96","complex_id":"96","division":"BMT","line":"Jamaica","stop_name":"Kosciuszko St","borough":"Bk","cbd":"false","daytime_routes":"J","structure":"Elevated","gtfs_latitude":"40.693342","gtfs_longitude":"-73.928814","north_direction_label":"Outbound","south_direction_label":"Manhattan","ada":"0","ada_northbound":"0","ada_southbound":"0","ada_notes":null,":@computed_region_yamh_8v7k":"894",":@computed_region_wbg7_3whc":"900",":@computed_region_kjdx_g34t":"2090"}},
{"type":"Feature","geometry":{"type":"Point","coordinates":[-73.935657,40.697207]},"properties":{":id":"row-zsiq.jg54_ur6k",":version":"rv-eibd.e43z~vn9g",":created_at":"2026-09-28T04:22:00.524Z",":updated_at":"2026-09-28T04:22:02.228Z","gtfs_stop_id":"M11","station_id":"97","complex_id":"97","division":"BMT","line":"Jamaica","stop_name":"Myrtle Av","borough":"Bk","cbd":"false","daytime_routes":"M J Z","structure":"Elevated","gtfs_latitude":"40.697207","gtfs_longitude":"-73.935657","north_direction_label":"Outbound","south_direction_label":"Manhattan","ada":"0","ada_northbound":"0","ada_southbound":"0","ada_notes":null,":@computed_region_yamh_8v7k":"894",":@computed_region_wbg7_3whc":"884",":@computed_region_kjdx_g34t":"2090"}},
{"type":"Feature","geometry":{"type":"Point","coordinates":[-73.941126,40.70026]},"properties":{":id":"row-pu9k~b5zp~86ey",":version":"rv-mjqp-4zds~qkhr",":created_at":"2026-09-28T04:22:00.524Z",":updated_at":"2026-09-28T04:22:02.228Z","gtfs_stop_id":"M12","station_id":"98","complex_id":"98","division":"BMT","line":"Jamaica","stop_name":"Flushing Av","borough":"Bk","cbd":"false","daytime_routes":"M J","structure":"Elevated","gtfs_latitude":"40.70026","gtfs_longitude":"-73.941126","north_direction_label":"Outbound","south_direction_label":"Manhattan","ada":"1","ada_northbound":"1","ada_southbound":"1","ada_notes":null,":@computed_region_yamh_8v7k":"894",":@computed_region_wbg7_3whc":"884",":@computed_region_kjdx_g34t":"2090"}},
{"type":"Feature","geometry":{"type":"Point","coordinates":[-73.947408,40.703869]},"properties":{":id":"row-ft64.yd76.t544",":version":"rv-k2q6-xd7v.6c2m",":created_at":"2026-09-28T04:22:00.524Z",":updated_at":"2026-09-28T04:22:02.228Z","gtfs_stop_id":"M13","station_id":"99","complex_id":"99","division":"BMT","line":"Jamaica","stop_name":"Lorimer St","borough":"Bk","cbd":"false","daytime_routes":"M J","structure":"Elevated","gtfs_latitude":"40.703869","gtfs_longitude":"-73.947408","north_direction_label":"Outbound","south_direction_label":"Manhattan","ada":"0","ada_northbound":"0","ada_southbound":"0","ada_notes":null,":@computed_region_yamh_8v7k":"894",":@computed_region_wbg7_3whc":"884",":@computed_region_kjdx_g34t":"2090"}},
{"type":"Feature","geometry":{"type":"Point","coordinates":[-73.953431,40.70687]},"properties":{":id":"row-vziw_58xi-p9dg",":version":"rv-hacu-y2qe~xhxx",":created_at":"2026-09-28T04:22:00.524Z",":updated_at":"2026-09-28T04:22:02.228Z","gtfs_stop_id":"M14","station_id":"100","complex_id":"100","division":"BMT","line":"Jamaica","stop_name":"Hewes St","borough":"Bk","cbd":"false","daytime_routes":"M J","structure":"Elevated","gtfs_latitude":"40.70687","gtfs_longitude":"-73.953431","north_direction_label":"Outbound","south_direction_label":"Manhattan","ada":"0","ada_northbound":"0","ada_southbound":"0","ada_notes":null,":@computed_region_yamh_8v7k":"894",":@computed_region_wbg7_3whc":"889",":@computed_region_kjdx_g34t":"2090"}},
{"type":"Feature","geometry":{"type":"Point","coordinates":[-73.957757,40.708359]},"properties":{":id":"row-v78t-w5af-gt5c",":version":"rv-g9d4.sfm8.gq62",":created_at":"2026-09-28T04:22:00.524Z",":updated_at":"2026-09-28T04:22:02.228Z","gtfs_stop_id":"M16","station_id":"101","complex_id":"101","division":"BMT","line":"Jamaica","stop_name":"Marcy Av","borough":"Bk","cbd":"false","daytime_routes":"M J Z","structure":"Elevated","gtfs_latitude":"40.708359","gtfs_longitude":"-73.957757","north_direction_label":"Outbound","south_direction_label":"Manhattan","ada":"1","ada_northbound":"1","ada_southbound":"1","ada_notes":null,":@computed_region_yamh_8v7k":"894",":@computed_region_wbg7_3whc":"889",":@computed_region_kjdx_g34t":"2090"}},
{"type":"Feature","geometry":{"type":"Point","coordinates":[-73.987437,40.718315]},"properties":{":id":"row-32fg_dwua_vpnk",":version":"rv-esc3-5vph.zs9s",":created_at":"2026-09-28T04:22:00.524Z",":updated_at":"2026-09-28T04:22:02.228Z","gtfs_stop_id":"M18","station_id":"102","complex_id":"625","division":"BMT","line":"Jamaica","stop_name":"Delancey St-Essex St","borough":"M","cbd":"true","daytime_routes":"M J Z","structure":"Subway","gtfs_latitude":"40.718315","gtfs_longitude":"-73.987437","north_direction_label":"Brooklyn","south_direction_label":"Inbound","ada":"0","ada_northbound":"0","ada_southbound":"0","ada_notes":null,":@computed_region_yamh_8v7k":"749",":@computed_region_wbg7_3whc":"718",":@computed_region_kjdx_g34t":"2095"}},
{"type":"Feature","geometry":{"type":"Point","coordinates":[-73.993915,40.72028]},"properties":{":id":"row-9yd2.ez8b.etuq",":version":"rv-sb2r.n9fg-wuyv",":created_at":"2026-09-28T04:22:00.524Z",":updated_at":"2026-09-28T04:22:02.228Z","gtfs_stop_id":"M19","station_id":"103","complex_id":"103","division":"BMT","line":"Jamaica","stop_name":"Bowery","borough":"M","cbd":"true","daytime_routes":"J Z","structure":"Subway","gtfs_latitude":"40.72028","gtfs_longitude":"-73.993915","north_direction_label":"Brooklyn","south_direction_label":"Downtown","ada":"0","ada_northbound":"0","ada_southbound":"0","ada_notes":null,":@computed_region_yamh_8v7k":"749",":@computed_region_wbg7_3whc":"718",":@computed_region_kjdx_g34t":"2095"}},
{"type":"Feature","geometry":{"type":"Point","coordinates":[-73.999892,40.718092]},"properties":{":id":"row-26xd-9dp9-uyeb",":version":"rv-w36x_bcmw~zfxr",":created_at":"2026-09-28T04:22:00.524Z",":updated_at":"2026-09-28T04:22:02.228Z","gtfs_stop_id":"M20","station_id":"104","complex_id":"623","division":"BMT","line":"Jamaica","stop_name":"Canal St","borough":"M","cbd":"true","daytime_routes":"J Z","structure":"Subway","gtfs_latitude":"40.718092","gtfs_longitude":"-73.999892","north_direction_label":"Brooklyn","south_direction_label":"Downtown","ada":"0","ada_northbound":"0","ada_southbound":"0","ada_notes":null,":@computed_region_yamh_8v7k":"749",":@computed_region_wbg7_3whc":"737",":@computed_region_kjdx_g34t":"2095"}},
{"type":"Feature","geometry":{"type":"Point","coordinates":[-74.003401,40.713243]},"properties":{":id":"row-iw3w.9juy-96pk",":version":"rv-95ii-7q86.mngh",":created_at":"2026-09-28T04:22:00.524Z",":updated_at":"2026-09-28T04:22:02.228Z","gtfs_stop_id":"M21","station_id":"105","complex_id":"622","division":"BMT","line":"Jamaica","stop_name":"Chambers St","borough":"M","cbd":"true","daytime_routes":"J Z","structure":"Subway","gtfs_latitude":"40.713243","gtfs_longitude":"-74.003401","north_direction_label":"Brooklyn","south_direction_label":"Downtown","ada":"1","ada_northbound":"1","ada_southbound":"1","ada_notes":null,":@computed_region_yamh_8v7k":"749",":@computed_region_wbg7_3whc":"723",":@computed_region_kjdx_g34t":"2095"}},
{"type":"Feature","geometry":{"type":"Point","coordinates":[-74.007582,40.710374]},"properties":{":id":"row-v3km_5nhd-75fn",":version":"rv-is6h~ndgq-rp93",":created_at":"2026-09-28T04:22:00.524Z",":updated_at":"2026-09-28T04:22:02.228Z","gtfs_stop_id":"M22","station_id":"106","complex_id":"628","division":"BMT","line":"Jamaica","stop_name":"Fulton St","borough":"M","cbd":"true","daytime_routes":"J Z","structure":"Subway","gtfs_latitude":"40.710374","gtfs_longitude":"-74.007582","north_direction_label":"Brooklyn","south_direction_label":"Downtown","ada":"1","ada_northbound":"1","ada_southbound":"1","ada_notes":null,":@computed_region_yamh_8v7k":"749",":@computed_region_wbg7_3whc":"797",":@computed_region_kjdx_g34t":"2095"}},
{"type":"Feature","geometry":{"type":"Point","coordinates":[-74.011056,40.706476]},"properties":{":id":"row-ghaf.c3br_2yww",":version":"rv-exm5_hvjb.if8r",":created_at":"2026-09-28T04:22:00.524Z",":updated_at":"2026-09-28T04:22:02.228Z","gtfs_stop_id":"M23","station_id":"107","complex_id":"107","division":"BMT","line":"Jamaica","stop_name":"Broad St","borough":"M","cbd":"true","daytime_routes":"J Z","structure":"Subway","gtfs_latitude":"40.706476","gtfs_longitude":"-74.011056","north_direction_label":"Brooklyn","south_direction_label":"Last Stop","ada":"0","ada_northbound":"0","ada_southbound":"0","ada_notes":null,":@computed_region_yamh_8v7k":"749",":@computed_region_wbg7_3whc":"721",":@computed_region_kjdx_g34t":"2095"}},
{"type":"Feature","geometry":{"type":"Point","coordinates":[-73.889601,40.711396]},"properties":{":id":"row-b7ae-a8ga.zuyb",":version":"rv-v73t_gqbk~gjnd",":created_at":"2026-09-28T04:22:00.524Z",":updated_at":"2026-09-28T04:22:02.228Z","gtfs_stop_id":"M01","station_id":"108","complex_id":"108","division":"BMT","line":"Myrtle Av","stop_name":"Middle Village-Metropolitan Av","borough":"Q","cbd":"false","daytime_routes":"M","structure":"Elevated","gtfs_latitude":"40.711396","gtfs_longitude":"-73.889601","north_direction_label":"Inbound","south_direction_label":"Last Stop","ada":"1","ada_northbound":"1","ada_southbound":"1","ada_notes":null,":@computed_region_yamh_8v7k":"196",":@computed_region_wbg7_3whc":"848",":@computed_region_kjdx_g34t":"2137"}},
{"type":"Feature","geometry":{"type":"Point","coordinates":[-73.895877,40.706186]},"properties":{":id":"row-hvmh~3ynb.ztib",":version":"rv-5jci~s863_khmf",":created_at":"2026-09-28T04:22:00.524Z",":updated_at":"2026-09-28T04:22:02.228Z","gtfs_stop_id":"M04","station_id":"109","complex_id":"109","division":"BMT","line":"Myrtle Av","stop_name":"Fresh Pond Rd","borough":"Q","cbd":"false","daytime_routes":"M","structure":"Elevated","gtfs_latitude":"40.706186","gtfs_longitude":"-73.895877","north_direction_label":"Inbound","south_direction_label":"Middle Village","ada":"0","ada_northbound":"0","ada_southbound":"0","ada_notes":null,":@computed_region_yamh_8v7k":"196",":@computed_region_wbg7_3whc":"849",":@computed_region_kjdx_g34t":"2137"}},
{"type":"Feature","geometry":{"type":"Point","coordinates":[-73.903077,40.704423]},"properties":{":id":"row-hy3d.ubtz~gcht",":version":"rv-8frv_pn3a~eakd",":created_at":"2026-09-28T04:22:00.524Z",":updated_at":"2026-09-28T04:22:02.228Z","gtfs_stop_id":"M05","station_id":"110","complex_id":"110","division":"BMT","line":"Myrtle Av","stop_name":"Forest Av","borough":"Q","cbd":"false","daytime_routes":"M","structure":"Elevated","gtfs_latitude":"40.704423","gtfs_longitude":"-73.903077","north_direction_label":"Inbound","south_direction_label":"Middle Village","ada":"0","ada_northbound":"0","ada_southbound":"0","ada_notes":null,":@computed_region_yamh_8v7k":"196",":@computed_region_wbg7_3whc":"849",":@computed_region_kjdx_g34t":"2137"}},
{"type":"Feature","geometry":{"type":"Point","coordinates":[-73.90774,40.702762]},"properties":{":id":"row-mhq9_4nb9_rftw",":version":"rv-s4gn~esrf-72ae",":created_at":"2026-09-28T04:22:00.524Z",":updated_at":"2026-09-28T04:22:02.228Z","gtfs_stop_id":"M06","station_id":"111","complex_id":"111","division":"BMT","line":"Myrtle Av","stop_name":"Seneca Av","borough":"Q","cbd":"false","daytime_routes":"M","structure":"Elevated","gtfs_latitude":"40.702762","gtfs_longitude":"-73.90774","north_direction_label":"Inbound","south_direction_label":"Middle Village","ada":"0","ada_northbound":"0","ada_southbound":"0","ada_notes":null,":@computed_region_yamh_8v7k":"196",":@computed_region_wbg7_3whc":"849",":@computed_region_kjdx_g34t":"2137"}},
{"type":"Feature","geometry":{"type":"Point","coordinates":[-73.912385,40.69943]},"properties":{":id":"row-6tyi_crct~2agq",":version":"rv-qd6k-v32z.4jng",":created_at":"2026-09-28T04:22:00.524Z",":updated_at":"2026-09-28T04:22:02.228Z","gtfs_stop_id":"M08","station_id":"112","complex_id":"630","division":"BMT","line":"Myrtle Av","stop_name":"Myrtle-Wyckoff Avs","borough":"Bk","cbd":"false","daytime_routes":"M","structure":"Elevated","gtfs_latitude":"40.69943","gtfs_longitude":"-73.912385","north_direction_label":"Inbound","south_direction_label":"Middle Village","ada":"1","ada_northbound":"1","ada_southbound":"1","ada_notes":null,":@computed_region_yamh_8v7k":"894",":@computed_region_wbg7_3whc":"820",":@computed_region_kjdx_g34t":"2090"}},
{"type":"Feature","geometry":{"type":"Point","coordinates":[-73.919711,40.698664]},"properties":{":id":"row-qhc4-ssmk~t3dh",":version":"rv-4xjz-bcyw~vibq",":created_at":"2026-09-28T04:22:00.524Z",":updated_at":"2026-09-28T04:22:02.228Z","gtfs_stop_id":"M09","station_id":"113","complex_id":"113","division":"BMT","line":"Myrtle Av","stop_name":"Knickerbocker Av","borough":"Bk","cbd":"false","daytime_routes":"M","structure":"Elevated","gtfs_latitude":"40.698664","gtfs_longitude":"-73.919711","north_direction_label":"Inbound","south_direction_label":"Middle Village","ada":"0","ada_northbound":"0","ada_southbound":"0","ada_notes":null,":@computed_region_yamh_8v7k":"894",":@computed_region_wbg7_3whc":"820",":@computed_region_kjdx_g34t":"2090"}},
{"type":"Feature","geometry":{"type":"Point","coordinates":[-73.927397,40.697857]},"properties":{":id":"row-bwyp.qjta~hgks",":version":"rv-eiwd.7ka7.5t3i",":created_at":"2026-09-28T04:22:00.524Z",":updated_at":"2026-09-28T04:22:02.228Z","gtfs_stop_id":"M10","station_id":"114","complex_id":"114","division":"BMT","line":"Myrtle Av","stop_name":"Central Av","borough":"Bk","cbd":"false","daytime_routes":"M","structure":"Elevated","gtfs_latitude":"40.697857","gtfs_longitude":"-73.927397","north_direction_label":"Inbound","south_direction_label":"Middle Village","ada":"0","ada_northbound":"0","ada_southbound":"0","ada_notes":null,":@computed_region_yamh_8v7k":"894",":@computed_region_wbg7_3whc":"900",":@computed_region_kjdx_g34t":"2090"}},
{"type":"Feature","geometry":{"type":"Point","coordinates":[-74.002578,40.739777]},"properties":{":id":"row-3h2t~46hp-7bxp",":version":"rv-xhpf.z4um_kfyc",":created_at":"2026-09-28T04:22:00.524Z",":updated_at":"2026-09-28T04:22:02.228Z","gtfs_stop_id":"L01","station_id":"115","complex_id":"618","division":"BMT","line":"Canarsie","stop_name":"8 Av","borough":"M","cbd":"true","daytime_routes":"L","structure":"Subway","gtfs_latitude":"40.739777","gtfs_longitude":"-74.002578","north_direction_label":"Last Stop","south_direction_label":"Brooklyn","ada":"1","ada_northbound":"1","ada_southbound":"1","ada_notes":null,":@computed_region_yamh_8v7k":"749",":@computed_region_wbg7_3whc":"735",":@computed_region_kjdx_g34t":"2095"}},
{"type":"Feature","geometry":{"type":"Point","coordinates":[-73.996786,40.737335]},"properties":{":id":"row-bjhy~pta3.6diw",":version":"rv-equr.qme4.h9dr",":created_at":"2026-09-28T04:22:00.524Z",":updated_at":"2026-09-28T04:22:02.228Z","gtfs_stop_id":"L02","station_id":"116","complex_id":"601","division":"BMT","line":"Canarsie","stop_name":"6 Av","borough":"M","cbd":"true","daytime_routes":"L","structure":"Subway","gtfs_latitude":"40.737335","gtfs_longitude":"-73.996786","north_direction_label":"West Side","south_direction_label":"Brooklyn","ada":"1","ada_northbound":"1","ada_southbound":"1","ada_notes":null,":@computed_region_yamh_8v7k":"749",":@computed_region_wbg7_3whc":"735",":@computed_region_kjdx_g34t":"2095"}},
{"type":"Feature","geometry":{"type":"Point","coordinates":[-73.99073,40.734789]},"properties":{":id":"row-bk8m_tkb6-7eqm",":version":"rv-paq2~mekd_pske",":created_at":"2026-09-28T04:22:00.524Z",":updated_at":"2026-09-28T04:22:02.228Z","gtfs_stop_id":"L03","station_id":"117","complex_id":"602","division":"BMT","line":"Canarsie","stop_name":"14 St-Union Sq","borough":"M","cbd":"true","daytime_routes":"L","structure":"Subway","gtfs_latitude":"40.734789","gtfs_longitude":"-73.99073","north_direction_label":"West Side","south_direction_label":"Brooklyn","ada":"1","ada_northbound":"1","ada_southbound":"1","ada_notes":null,":@computed_region_yamh_8v7k":"749",":@computed_region_wbg7_3whc":"719",":@computed_region_kjdx_g34t":"2095"}},
{"type":"Feature","geometry":{"type":"Point","coordinates":[-73.986122,40.732849]},"properties":{":id":"row-3ax2~9h9f_ac35",":version":"rv-erh6-vsmk-7j3e",":created_at":"2026-09-28T04:22:00.524Z",":updated_at":"2026-09-28T04:22:02.228Z","gtfs_stop_id":"L05","station_id":"118","complex_id":"118","division":"BMT","line":"Canarsie","stop_name":"3 Av","borough":"M","cbd":"true","daytime_routes":"L","structure":"Subway","gtfs_latitude":"40.732849","gtfs_longitude":"-73.986122","north_direction_label":"West Side","south_direction_label":"Brooklyn","ada":"0","ada_northbound":"0","ada_southbound":"0","ada_notes":null,":@computed_region_yamh_8v7k":"749",":@computed_region_wbg7_3whc":"719",":@computed_region_kjdx_g34t":"2095"}},
{"type":"Feature","geometry":{"type":"Point","coordinates":[-73.981628,40.730953]},"properties":{":id":"row-kk54.7qe6~e9g6",":version":"rv-qh7c_qhac.9yhg",":created_at":"2026-09-28T04:22:00.524Z",":updated_at":"2026-09-28T04:22:02.228Z","gtfs_stop_id":"L06","station_id":"119","complex_id":"119","division":"BMT","line":"Canarsie","stop_name":"1 Av","borough":"M","cbd":"true","daytime_routes":"L","structure":"Subway","gtfs_latitude":"40.730953","gtfs_longitude":"-73.981628","north_direction_label":"West Side","south_direction_label":"Brooklyn","ada":"1","ada_northbound":"1","ada_southbound":"1","ada_notes":null,":@computed_region_yamh_8v7k":"749",":@computed_region_wbg7_3whc":"724",":@computed_region_kjdx_g34t":"2095"}},
{"type":"Feature","geometry":{"type":"Point","coordinates":[-73.956872,40.717304]},"properties":{":id":"row-wcyp~r8gn~phsz",":version":"rv-qtib-es3x-id7r",":created_at":"2026-09-28T04:22:00.524Z",":updated_at":"2026-09-28T04:22:02.228Z","gtfs_stop_id":"L08","station_id":"120","complex_id":"120","division":"BMT","line":"Canarsie","stop_name":"Bedford Av","borough":"Bk","cbd":"false","daytime_routes":"L","structure":"Subway","gtfs_latitude":"40.717304","gtfs_longitude":"-73.956872","north_direction_label":"Manhattan","south_direction_label":"Outbound","ada":"1","ada_northbound":"1","ada_southbound":"1","ada_notes":null,":@computed_region_yamh_8v7k":"894",":@computed_region_wbg7_3whc":"889",":@computed_region_kjdx_g34t":"2090"}},
{"type":"Feature","geometry":{"type":"Point","coordinates":[-73.950275,40.714063]},"properties":{":id":"row-spft.jxdy~up26",":version":"rv-3syv.yc72-74cq",":created_at":"2026-09-28T04:22:00.524Z",":updated_at":"2026-09-28T04:22:02.228Z","gtfs_stop_id":"L10","station_id":"121","complex_id":"629","division":"BMT","line":"Canarsie","stop_name":"Lorimer St","borough":"Bk","cbd":"false","daytime_routes":"L","structure":"Subway","gtfs_latitude":"40.714063","gtfs_longitude":"-73.950275","north_direction_label":"Manhattan","south_direction_label":"Outbound","ada":"1","ada_northbound":"1","ada_southbound":"1","ada_notes":null,":@computed_region_yamh_8v7k":"894",":@computed_region_wbg7_3whc":"889",":@computed_region_kjdx_g34t":"2090"}},
{"type":"Feature","geometry":{"type":"Point","coordinates":[-73.944053,40.714565]},"properties":{":id":"row-3wuk-9vg9-6wpg",":version":"rv-n985~kyta-qhhp",":created_at":"2026-09-28T04:22:00.524Z",":updated_at":"2026-09-28T04:22:02.228Z","gtfs_stop_id":"L11","station_id":"122","complex_id":"122","division":"BMT","line":"Canarsie","stop_name":"Graham Av","borough":"Bk","cbd":"false","daytime_routes":"L","structure":"Subway","gtfs_latitude":"40.714565","gtfs_longitude":"-73.944053","north_direction_label":"Manhattan","south_direction_label":"Outbound","ada":"0","ada_northbound":"0","ada_southbound":"0","ada_notes":null,":@computed_region_yamh_8v7k":"894",":@computed_region_wbg7_3whc":"889",":@computed_region_kjdx_g34t":"2090"}},
{"type":"Feature","geometry":{"type":"Point","coordinates":[-73.94067,40.711926]},"properties":{":id":"row-v7yx.b3b2_3yyf",":version":"rv-4gjc~3y7d~9uw4",":created_at":"2026-09-28T04:22:00.524Z",":updated_at":"2026-09-28T04:22:02.228Z","gtfs_stop_id":"L12","station_id":"123","complex_id":"123","division":"BMT","line":"Canarsie","stop_name":"Grand St","borough":"Bk","cbd":"false","daytime_routes":"L","structure":"Subway","gtfs_latitude":"40.711926","gtfs_longitude":"-73.94067","north_direction_label":"Manhattan","south_direction_label":"Outbound","ada":"1","ada_northbound":"1","ada_southbound":"1","ada_notes":null,":@computed_region_yamh_8v7k":"894",":@computed_region_wbg7_3whc":"889",":@computed_region_kjdx_g34t":"2090"}},
{"type":"Feature","geometry":{"type":"Point","coordinates":[-73.93985,40.707739]},"properties":{":id":"row-6qsf-texn-tmdu",":version":"rv-cc2r_6xnf.zh58",":created_at":"2026-09-28T04:22:00.524Z",":updated_at":"2026-09-28T04:22:02.228Z","gtfs_stop_id":"L13","station_id":"124","complex_id":"124","division":"BMT","line":"Canarsie","stop_name":"Montrose Av","borough":"Bk","cbd":"false","daytime_routes":"L","structure":"Subway","gtfs_latitude":"40.707739","gtfs_longitude":"-73.93985","north_direction_label":"Manhattan","south_direction_label":"Outbound","ada":"0","ada_northbound":"0","ada_southbound":"0","ada_notes":null,":@computed_region_yamh_8v7k":"894",":@computed_region_wbg7_3whc":"884",":@computed_region_kjdx_g34t":"2090"}},
{"type":"Feature","geometry":{"type":"Point","coordinates":[-73.933147,40.706152]},"properties":{":id":"row-9avh~j28v~rp67",":version":"rv-fyxz.wf9a.hy5h",":created_at":"2026-09-28T04:22:00.524Z",":updated_at":"2026-09-28T04:22:02.228Z","gtfs_stop_id":"L14","station_id":"125","complex_id":"125","division":"BMT","line":"Canarsie","stop_name":"Morgan Av","borough":"Bk","cbd":"false","daytime_routes":"L","structure":"Subway","gtfs_latitude":"40.706152","gtfs_longitude":"-73.933147","north_direction_label":"Manhattan","south_direction_label":"Outbound","ada":"0","ada_northbound":"0","ada_southbound":"0","ada_notes":null,":@computed_region_yamh_8v7k":"894",":@computed_region_wbg7_3whc":"884",":@computed_region_kjdx_g34t":"2090"}},
{"type":"Feature","geometry":{"type":"Point","coordinates":[-73.922913,40.706607]},"properties":{":id":"row-3g8t_3rje-ewxi",":version":"rv-j2nk-4jz7~ysf2",":created_at":"2026-09-28T04:22:00.524Z",":updated_at":"2026-09-28T04:22:02.228Z","gtfs_stop_id":"L15","station_id":"126","complex_id":"126","division":"BMT","line":"Canarsie","stop_name":"Jefferson St","borough":"Bk","cbd":"false","daytime_routes":"L","structure":"Subway","gtfs_latitude":"40.706607","gtfs_longitude":"-73.922913","north_direction_label":"Manhattan","south_direction_label":"Outbound","ada":"0","ada_northbound":"0","ada_southbound":"0","ada_notes":null,":@computed_region_yamh_8v7k":"894",":@computed_region_wbg7_3whc":"820",":@computed_region_kjdx_g34t":"2090"}},
{"type":"Feature","geometry":{"type":"Point","coordinates":[-73.918425,40.703811]},"properties":{":id":"row-kj7t_ygtu~kupx",":version":"rv-y3yh-exh5~tv55",":created_at":"2026-09-28T04:22:00.524Z",":updated_at":"2026-09-28T04:22:02.228Z","gtfs_stop_id":"L16","station_id":"127","complex_id":"127","division":"BMT","line":"Canarsie","stop_name":"DeKalb Av","borough":"Bk","cbd":"false","daytime_routes":"L","structure":"Subway","gtfs_latitude":"40.703811","gtfs_longitude":"-73.918425","north_direction_label":"Manhattan","south_direction_label":"Outbound","ada":"0","ada_northbound":"0","ada_southbound":"0","ada_notes":null,":@computed_region_yamh_8v7k":"894",":@computed_region_wbg7_3whc":"820",":@computed_region_kjdx_g34t":"2090"}},
{"type":"Feature","geometry":{"type":"Point","coordinates":[-73.911586,40.699814]},"properties":{":id":"row-gxpt-3guu-kew2",":version":"rv-c928-xkwu.kvsx",":created_at":"2026-09-28T04:22:00.524Z",":updated_at":"2026-09-28T04:22:02.228Z","gtfs_stop_id":"L17","station_id":"128","complex_id":"630","division":"BMT","line":"Canarsie","stop_name":"Myrtle-Wyckoff Avs","borough":"Bk","cbd":"false","daytime_routes":"L","structure":"Subway","gtfs_latitude":"40.699814","gtfs_longitude":"-73.911586","north_direction_label":"Manhattan","south_direction_label":"Outbound","ada":"1","ada_northbound":"1","ada_southbound":"1","ada_notes":null,":@computed_region_yamh_8v7k":"894",":@computed_region_wbg7_3whc":"820",":@computed_region_kjdx_g34t":"2090"}},
{"type":"Feature","geometry":{"type":"Point","coordinates":[-73.904084,40.695602]},"properties":{":id":"row-6jzk_urd7.z2nr",":version":"rv-kpgr-yzwb_x8mh",":created_at":"2026-09-28T04:22:00.524Z",":updated_at":"2026-09-28T04:22:02.228Z","gtfs_stop_id":"L19","station_id":"129","complex_id":"129","division":"BMT","line":"Canarsie","stop_name":"Halsey St","borough":"Q","cbd":"false","daytime_routes":"L","structure":"Subway","gtfs_latitude":"40.695602","gtfs_longitude":"-73.904084","north_direction_label":"Manhattan","south_direction_label":"Outbound","ada":"0","ada_northbound":"0","ada_southbound":"0","ada_notes":null,":@computed_region_yamh_8v7k":"196",":@computed_region_wbg7_3whc":"849",":@computed_region_kjdx_g34t":"2090"}},
{"type":"Feature","geometry":{"type":"Point","coordinates":[-73.904046,40.688764]},"properties":{":id":"row-a58p_yjt6.ukga",":version":"rv-icmm.n2rd~frre",":created_at":"2026-09-28T04:22:00.524Z",":updated_at":"2026-09-28T04:22:02.228Z","gtfs_stop_id":"L20","station_id":"130","complex_id":"130","division":"BMT","line":"Canarsie","stop_name":"Wilson Av","borough":"Bk","cbd":"false","daytime_routes":"L","structure":"Subway","gtfs_latitude":"40.688764","gtfs_longitude":"-73.904046","north_direction_label":"Manhattan","south_direction_label":"Outbound","ada":"2","ada_northbound":"1","ada_southbound":"0","ada_notes":"Manhattan-bound only",":@computed_region_yamh_8v7k":"894",":@computed_region_wbg7_3whc":"885",":@computed_region_kjdx_g34t":"2090"}},
{"type":"Feature","geometry":{"type":"Point","coordinates":[-73.905249,40.682829]},"properties":{":id":"row-x6ge_zwiq-m9bk",":version":"rv-b4ng-b89d.c7ks",":created_at":"2026-09-28T04:22:00.524Z",":updated_at":"2026-09-28T04:22:02.228Z","gtfs_stop_id":"L21","station_id":"131","complex_id":"131","division":"BMT","line":"Canarsie","stop_name":"Bushwick Av-Aberdeen St","borough":"Bk","cbd":"false","daytime_routes":"L","structure":"Subway","gtfs_latitude":"40.682829","gtfs_longitude":"-73.905249","north_direction_label":"Manhattan","south_direction_label":"Outbound","ada":"0","ada_northbound":"0","ada_southbound":"0","ada_notes":null,":@computed_region_yamh_8v7k":"894",":@computed_region_wbg7_3whc":"885",":@computed_region_kjdx_g34t":"2090"}},
{"type":"Feature","geometry":{"type":"Point","coordinates":[-73.90324,40.678856]},"properties":{":id":"row-nnmk~yhac_hs4c",":version":"rv-9eje~v62c_mvhq",":created_at":"2026-09-28T04:22:00.524Z",":updated_at":"2026-09-28T04:22:02.228Z","gtfs_stop_id":"L22","station_id":"132","complex_id":"621","division":"BMT","line":"Canarsie","stop_name":"Broadway Junction","borough":"Bk","cbd":"false","daytime_routes":"L","structure":"Elevated","gtfs_latitude":"40.678856","gtfs_longitude":"-73.90324","north_direction_label":"Manhattan","south_direction_label":"Outbound","ada":"0","ada_northbound":"0","ada_southbound":"0","ada_notes":null,":@computed_region_yamh_8v7k":"894",":@computed_region_wbg7_3whc":"885",":@computed_region_kjdx_g34t":"2090"}},
{"type":"Feature","geometry":{"type":"Point","coordinates":[-73.903097,40.675345]},"properties":{":id":"row-adi4-xrfg.4mi2",":version":"rv-kcqr~tt5v-6r5i",":created_at":"2026-09-28T04:22:00.524Z",":updated_at":"2026-09-28T04:22:02.228Z","gtfs_stop_id":"L24","station_id":"133","complex_id":"133","division":"BMT","line":"Canarsie","stop_name":"Atlantic Av","borough":"Bk","cbd":"false","daytime_routes":"L","structure":"Elevated","gtfs_latitude":"40.675345","gtfs_longitude":"-73.903097","north_direction_label":"Manhattan","south_direction_label":"Canarsie","ada":"0","ada_northbound":"0","ada_southbound":"0","ada_notes":null,":@computed_region_yamh_8v7k":"894",":@computed_region_wbg7_3whc":"885",":@computed_region_kjdx_g34t":"2090"}},
{"type":"Feature","geometry":{"type":"Point","coordinates":[-73.901975,40.669367]},"properties":{":id":"row-t9z7_cmis_ea4k",":version":"rv-uuv2-e4tz.vsyk",":created_at":"2026-09-28T04:22:00.524Z",":updated_at":"2026-09-28T04:22:02.228Z","gtfs_stop_id":"L25","station_id":"134","complex_id":"134","division":"BMT","line":"Canarsie","stop_name":"Sutter Av","borough":"Bk","cbd":"false","daytime_routes":"L","structure":"Elevated","gtfs_latitude":"40.669367","gtfs_longitude":"-73.901975","north_direction_label":"Manhattan","south_direction_label":"Canarsie","ada":"0","ada_northbound":"0","ada_southbound":"0","ada_notes":null,":@computed_region_yamh_8v7k":"894",":@computed_region_wbg7_3whc":"890",":@computed_region_kjdx_g34t":"2090"}},
{"type":"Feature","geometry":{"type":"Point","coordinates":[-73.900571,40.664038]},"properties":{":id":"row-fb3t~fv2e-ewu3",":version":"rv-jwr9~j7g6.w2ng",":created_at":"2026-09-28T04:22:00.524Z",":updated_at":"2026-09-28T04:22:02.228Z","gtfs_stop_id":"L26","station_id":"135","complex_id":"135","division":"BMT","line":"Canarsie","stop_name":"Livonia Av","borough":"Bk","cbd":"false","daytime_routes":"L","structure":"Elevated","gtfs_latitude":"40.664038","gtfs_longitude":"-73.900571","north_direction_label":"Manhattan","south_direction_label":"Canarsie","ada":"1","ada_northbound":"1","ada_southbound":"1","ada_notes":null,":@computed_region_yamh_8v7k":"894",":@computed_region_wbg7_3whc":"890",":@computed_region_kjdx_g34t":"2090"}},
{"type":"Feature","geometry":{"type":"Point","coordinates":[-73.899232,40.658733]},"properties":{":id":"row-ixby~kr2m.u67h",":version":"rv-52x2.mkku~an26",":created_at":"2026-09-28T04:22:00.524Z",":updated_at":"2026-09-28T04:22:02.228Z","gtfs_stop_id":"L27","station_id":"136","complex_id":"136","division":"BMT","line":"Canarsie","stop_name":"New Lots Av","borough":"Bk","cbd":"false","daytime_routes":"L","structure":"Elevated","gtfs_latitude":"40.658733","gtfs_longitude":"-73.899232","north_direction_label":"Manhattan","south_direction_label":"Canarsie","ada":"0","ada_northbound":"0","ada_southbound":"0","ada_notes":null,":@computed_region_yamh_8v7k":"894",":@computed_region_wbg7_3whc":"885",":@computed_region_kjdx_g34t":"2090"}},
{"type":"Feature","geometry":{"type":"Point","coordinates":[-73.899485,40.650573]},"properties":{":id":"row-zy5g~9mjx_yuym",":version":"rv-tyh5~buk5~wibi",":created_at":"2026-09-28T04:22:00.524Z",":updated_at":"2026-09-28T04:22:02.228Z","gtfs_stop_id":"L28","station_id":"137","complex_id":"137","division":"BMT","line":"Canarsie","stop_name":"East 105 St","borough":"Bk","cbd":"false","daytime_routes":"L","structure":"At Grade","gtfs_latitude":"40.650573","gtfs_longitude":"-73.899485","north_direction_label":"Manhattan","south_direction_label":"Canarsie","ada":"0","ada_northbound":"0","ada_southbound":"0","ada_notes":null,":@computed_region_yamh_8v7k":"894",":@computed_region_wbg7_3whc":"819",":@computed_region_kjdx_g34t":"2090"}},
{"type":"Feature","geometry":{"type":"Point","coordinates":[-73.90185,40.646654]},"properties":{":id":"row-i3nk~zp9k~dk4n",":version":"rv-4d5d.ki6v~t2bg",":created_at":"2026-09-28T04:22:00.524Z",":updated_at":"2026-09-28T04:22:02.228Z","gtfs_stop_id":"L29","station_id":"138","complex_id":"138","division":"BMT","line":"Canarsie","stop_name":"Canarsie-Rockaway Pkwy","borough":"Bk","cbd":"false","daytime_routes":"L","structure":"At Grade","gtfs_latitude":"40.646654","gtfs_longitude":"-73.90185","north_direction_label":"Manhattan","south_direction_label":"Last Stop","ada":"1","ada_northbound":"1","ada_southbound":"1","ada_notes":null,":@computed_region_yamh_8v7k":"894",":@computed_region_wbg7_3whc":"819",":@computed_region_kjdx_g34t":"2090"}},
{"type":"Feature","geometry":{"type":"Point","coordinates":[-73.955827,40.680596]},"properties":{":id":"row-78c9_khvt-ghnb",":version":"rv-4dem_36ez.tppj",":created_at":"2026-09-28T04:22:00.524Z",":updated_at":"2026-09-28T04:22:02.228Z","gtfs_stop_id":"S01","station_id":"139","complex_id":"627","division":"BMT","line":"Franklin Shuttle","stop_name":"Franklin Av","borough":"Bk","cbd":"false","daytime_routes":"S","structure":"Elevated","gtfs_latitude":"40.680596","gtfs_longitude":"-73.955827","north_direction_label":"Last Stop","south_direction_label":"Prospect Park","ada":"1","ada_northbound":"1","ada_southbound":"1","ada_notes":null,":@computed_region_yamh_8v7k":"894",":@computed_region_wbg7_3whc":"821",":@computed_region_kjdx_g34t":"2090"}},
{"type":"Feature","geometry":{"type":"Point","coordinates":[-73.957624,40.674772]},"properties":{":id":"row-buct~5fae~vam8",":version":"rv-qyva~amdz_m4rw",":created_at":"2026-09-28T04:22:00.524Z",":updated_at":"2026-09-28T04:22:02.228Z","gtfs_stop_id":"S03","station_id":"141","complex_id":"141","division":"BMT","line":"Franklin Shuttle","stop_name":"Park Pl","borough":"Bk","cbd":"false","daytime_routes":"S","structure":"Open Cut","gtfs_latitude":"40.674772","gtfs_longitude":"-73.957624","north_direction_label":"Franklin Av","south_direction_label":"Prospect Park","ada":"1","ada_northbound":"1","ada_southbound":"1","ada_notes":null,":@computed_region_yamh_8v7k":"894",":@computed_region_wbg7_3whc":"821",":@computed_region_kjdx_g34t":"2090"}},
{"type":"Feature","geometry":{"type":"Point","coordinates":[-73.959245,40.670343]},"properties":{":id":"row-p2e6_iiwp-e8pi",":version":"rv-wf42~hhi2.68rr",":created_at":"2026-09-28T04:22:00.524Z",":updated_at":"2026-09-28T04:22:02.228Z","gtfs_stop_id":"S04","station_id":"142","complex_id":"626","division":"BMT","line":"Franklin Shuttle","stop_name":"Botanic Garden","borough":"Bk","cbd":"false","daytime_routes":"S","structure":"Open Cut","gtfs_latitude":"40.670343","gtfs_longitude":"-73.959245","north_direction_label":"Franklin Av","south_direction_label":"Prospect Park","ada":"0","ada_northbound":"0","ada_southbound":"0","ada_notes":null,":@computed_region_yamh_8v7k":"894",":@computed_region_wbg7_3whc":"809",":@computed_region_kjdx_g34t":"2090"}},
{"type":"Feature","geometry":{"type":"Point","coordinates":[-73.919899,40.868072]},"properties":{":id":"row-5jci_73nc.s8mz",":version":"rv-c8vq-5jrv-bzi6",":created_at":"2026-09-28T04:22:00.524Z",":updated_at":"2026-09-28T04:22:02.228Z","gtfs_stop_id":"A02","station_id":"143","complex_id":"143","division":"IND","line":"8th Av - Fulton St","stop_name":"Inwood-207 St","borough":"M","cbd":"false","daytime_routes":"A","structure":"Subway","gtfs_latitude":"40.868072","gtfs_longitude":"-73.919899","north_direction_label":"Last Stop","south_direction_label":"Downtown","ada":"1","ada_northbound":"1","ada_southbound":"1","ada_notes":null,":@computed_region_yamh_8v7k":"749",":@computed_region_wbg7_3whc":"793",":@computed_region_kjdx_g34t":"2095"}},
{"type":"Feature","geometry":{"type":"Point","coordinates":[-73.927271,40.865491]},"properties":{":id":"row-97f8~q9ru~qjq6",":version":"rv-6qgj.svg6.54r8",":created_at":"2026-09-28T04:22:00.524Z",":updated_at":"2026-09-28T04:22:02.228Z","gtfs_stop_id":"A03","station_id":"144","complex_id":"144","division":"IND","line":"8th Av - Fulton St","stop_name":"Dyckman St","borough":"M","cbd":"false","daytime_routes":"A","structure":"Subway","gtfs_latitude":"40.865491","gtfs_longitude":"-73.927271","north_direction_label":"Uptown","south_direction_label":"Downtown","ada":"0","ada_northbound":"0","ada_southbound":"0","ada_notes":null,":@computed_region_yamh_8v7k":"749",":@computed_region_wbg7_3whc":"793",":@computed_region_kjdx_g34t":"2095"}},
{"type":"Feature","geometry":{"type":"Point","coordinates":[-73.93418,40.859022]},"properties":{":id":"row-z9xk-hbps_hs99",":version":"rv-tb9m_k97f.ia43",":created_at":"2026-09-28T04:22:00.524Z",":updated_at":"2026-09-28T04:22:02.228Z","gtfs_stop_id":"A05","station_id":"145","complex_id":"145","division":"IND","line":"8th Av - Fulton St","stop_name":"190 St","borough":"M","cbd":"false","daytime_routes":"A","structure":"Subway","gtfs_latitude":"40.859022","gtfs_longitude":"-73.93418","north_direction_label":"Uptown","south_direction_label":"Downtown","ada":"0","ada_northbound":"0","ada_southbound":"0","ada_notes":null,":@computed_region_yamh_8v7k":"749",":@computed_region_wbg7_3whc":"799",":@computed_region_kjdx_g34t":"2095"}},
{"type":"Feature","geometry":{"type":"Point","coordinates":[-73.937969,40.851695]},"properties":{":id":"row-jm7p.rush~yebs",":version":"rv-kprb_i4fa~fr5p",":created_at":"2026-09-28T04:22:00.524Z",":updated_at":"2026-09-28T04:22:02.228Z","gtfs_stop_id":"A06","station_id":"146","complex_id":"146","division":"IND","line":"8th Av - Fulton St","stop_name":"181 St","borough":"M","cbd":"false","daytime_routes":"A","structure":"Subway","gtfs_latitude":"40.851695","gtfs_longitude":"-73.937969","north_direction_label":"Uptown","south_direction_label":"Downtown","ada":"1","ada_northbound":"1","ada_southbound":"1","ada_notes":null,":@computed_region_yamh_8v7k":"749",":@computed_region_wbg7_3whc":"792",":@computed_region_kjdx_g34t":"2095"}},
{"type":"Feature","geometry":{"type":"Point","coordinates":[-73.939704,40.847391]},"properties":{":id":"row-mm86_ciju.pwyy",":version":"rv-efde-i7tp.b5vd",":created_at":"2026-09-28T04:22:00.524Z",":updated_at":"2026-09-28T04:22:02.228Z","gtfs_stop_id":"A07","station_id":"147","complex_id":"147","division":"IND","line":"8th Av - Fulton St","stop_name":"175 St","borough":"M","cbd":"false","daytime_routes":"A","structure":"Subway","gtfs_latitude":"40.847391","gtfs_longitude":"-73.939704","north_direction_label":"Uptown","south_direction_label":"Downtown","ada":"1","ada_northbound":"1","ada_southbound":"1","ada_notes":null,":@computed_region_yamh_8v7k":"749",":@computed_region_wbg7_3whc":"792",":@computed_region_kjdx_g34t":"2095"}},
{"type":"Feature","geometry":{"type":"Point","coordinates":[-73.939561,40.840719]},"properties":{":id":"row-i4gp.8uzq-y8mp",":version":"rv-afc6-iyax-chne",":created_at":"2026-09-28T04:22:00.524Z",":updated_at":"2026-09-28T04:22:02.228Z","gtfs_stop_id":"A09","station_id":"148","complex_id":"605","division":"IND","line":"8th Av - Fulton St","stop_name":"168 St","borough":"M","cbd":"false","daytime_routes":"A C","structure":"Subway","gtfs_latitude":"40.840719","gtfs_longitude":"-73.939561","north_direction_label":"Uptown","south_direction_label":"Downtown","ada":"1","ada_northbound":"1","ada_southbound":"1","ada_notes":null,":@computed_region_yamh_8v7k":"749",":@computed_region_wbg7_3whc":"791",":@computed_region_kjdx_g34t":"2095"}},
{"type":"Feature","geometry":{"type":"Point","coordinates":[-73.939892,40.836013]},"properties":{":id":"row-4q5z.hiim-av55",":version":"rv-db39.d99v_jtxu",":created_at":"2026-09-28T04:22:00.524Z",":updated_at":"2026-09-28T04:22:02.228Z","gtfs_stop_id":"A10","station_id":"149","complex_id":"149","division":"IND","line":"8th Av - Fulton St","stop_name":"163 St-Amsterdam Av","borough":"M","cbd":"false","daytime_routes":"C","structure":"Subway","gtfs_latitude":"40.836013","gtfs_longitude":"-73.939892","north_direction_label":"Uptown","south_direction_label":"Downtown","ada":"0","ada_northbound":"0","ada_southbound":"0","ada_notes":null,":@computed_region_yamh_8v7k":"749",":@computed_region_wbg7_3whc":"791",":@computed_region_kjdx_g34t":"2095"}},
{"type":"Feature","geometry":{"type":"Point","coordinates":[-73.941514,40.830518]},"properties":{":id":"row-g3b7_tx62_6gei",":version":"rv-mrgh~apih-4a3k",":created_at":"2026-09-28T04:22:00.524Z",":updated_at":"2026-09-28T04:22:02.228Z","gtfs_stop_id":"A11","station_id":"150","complex_id":"150","division":"IND","line":"8th Av - Fulton St","stop_name":"155 St","borough":"M","cbd":"false","daytime_routes":"C","structure":"Subway","gtfs_latitude":"40.830518","gtfs_longitude":"-73.941514","north_direction_label":"Uptown","south_direction_label":"Downtown","ada":"0","ada_northbound":"0","ada_southbound":"0","ada_notes":null,":@computed_region_yamh_8v7k":"749",":@computed_region_wbg7_3whc":"791",":@computed_region_kjdx_g34t":"2095"}},
{"type":"Feature","geometry":{"type":"Point","coordinates":[-73.944216,40.824783]},"properties":{":id":"row-hia9~tfn6~mn4h",":version":"rv-v95j.jrsq~bksa",":created_at":"2026-09-28T04:22:00.524Z",":updated_at":"2026-09-28T04:22:02.228Z","gtfs_stop_id":"A12","station_id":"151","complex_id":"151","division":"IND","line":"8th Av - Fulton St","stop_name":"145 St","borough":"M","cbd":"false","daytime_routes":"A C","structure":"Subway","gtfs_latitude":"40.824783","gtfs_longitude":"-73.944216","north_direction_label":"Uptown","south_direction_label":"Downtown","ada":"0","ada_northbound":"0","ada_southbound":"0","ada_notes":null,":@computed_region_yamh_8v7k":"749",":@computed_region_wbg7_3whc":"758",":@computed_region_kjdx_g34t":"2095"}},
{"type":"Feature","geometry":{"type":"Point","coordinates":[-73.944216,40.824783]},"properties":{":id":"row-r5ac-b6xe~tid9",":version":"rv-8gpw-djfi.uzhv",":created_at":"2026-09-28T04:22:00.524Z",":updated_at":"2026-09-28T04:22:02.228Z","gtfs_stop_id":"D13","station_id":"151","complex_id":"151","division":"IND","line":"Concourse","stop_name":"145 St","borough":"M","cbd":"false","daytime_routes":"B D","structure":"Subway","gtfs_latitude":"40.824783","gtfs_longitude":"-73.944216","north_direction_label":"Uptown","south_direction_label":"Downtown","ada":"0","ada_northbound":"0","ada_southbound":"0","ada_notes":null,":@computed_region_yamh_8v7k":"749",":@computed_region_wbg7_3whc":"758",":@computed_region_kjdx_g34t":"2095"}},
{"type":"Feature","geometry":{"type":"Point","coordinates":[-73.947649,40.817894]},"properties":{":id":"row-p3vv~x3kh.firg",":version":"rv-4p28_9ih6.fpjj",":created_at":"2026-09-28T04:22:00.524Z",":updated_at":"2026-09-28T04:22:02.228Z","gtfs_stop_id":"A14","station_id":"152","complex_id":"152","division":"IND","line":"8th Av - Fulton St","stop_name":"135 St","borough":"M","cbd":"false","daytime_routes":"C B","structure":"Subway","gtfs_latitude":"40.817894","gtfs_longitude":"-73.947649","north_direction_label":"Uptown","south_direction_label":"Downtown","ada":"0","ada_northbound":"0","ada_southbound":"0","ada_notes":null,":@computed_region_yamh_8v7k":"749",":@computed_region_wbg7_3whc":"757",":@computed_region_kjdx_g34t":"2095"}},
{"type":"Feature","geometry":{"type":"Point","coordinates":[-73.952343,40.811109]},"properties":{":id":"row-ywhs_yfkc.dp93",":version":"rv-9kd4.bt7v.hfzt",":created_at":"2026-09-28T04:22:00.524Z",":updated_at":"2026-09-28T04:22:02.228Z","gtfs_stop_id":"A15","station_id":"153","complex_id":"153","division":"IND","line":"8th Av - Fulton St","stop_name":"125 St","borough":"M","cbd":"false","daytime_routes":"A C B D","structure":"Subway","gtfs_latitude":"40.811109","gtfs_longitude":"-73.952343","north_direction_label":"Uptown","south_direction_label":"Downtown","ada":"1","ada_northbound":"1","ada_southbound":"1","ada_notes":null,":@computed_region_yamh_8v7k":"749",":@computed_region_wbg7_3whc":"754",":@computed_region_kjdx_g34t":"2095"}},
{"type":"Feature","geometry":{"type":"Point","coordinates":[-73.954882,40.805085]},"properties":{":id":"row-eq84.76cx.2qnm",":version":"rv-emuj-gapm~73x4",":created_at":"2026-09-28T04:22:00.524Z",":updated_at":"2026-09-28T04:22:02.228Z","gtfs_stop_id":"A16","station_id":"154","complex_id":"154","division":"IND","line":"8th Av - Fulton St","stop_name":"116 St","borough":"M","cbd":"false","daytime_routes":"C B","structure":"Subway","gtfs_latitude":"40.805085","gtfs_longitude":"-73.954882","north_direction_label":"Uptown","south_direction_label":"Downtown","ada":"0","ada_northbound":"0","ada_southbound":"0","ada_notes":null,":@computed_region_yamh_8v7k":"749",":@computed_region_wbg7_3whc":"753",":@computed_region_kjdx_g34t":"2095"}},
{"type":"Feature","geometry":{"type":"Point","coordinates":[-73.958161,40.800603]},"properties":{":id":"row-vg64~6y7s.npt9",":version":"rv-hrwt.2v8h.t65x",":created_at":"2026-09-28T04:22:00.524Z",":updated_at":"2026-09-28T04:22:02.228Z","gtfs_stop_id":"A17","station_id":"155","complex_id":"155","division":"IND","line":"8th Av - Fulton St","stop_name":"Cathedral Pkwy (110 St)","borough":"M","cbd":"false","daytime_routes":"C B","structure":"Subway","gtfs_latitude":"40.800603","gtfs_longitude":"-73.958161","north_direction_label":"Uptown","south_direction_label":"Downtown","ada":"0","ada_northbound":"0","ada_southbound":"0","ada_notes":null,":@computed_region_yamh_8v7k":"749",":@computed_region_wbg7_3whc":"753",":@computed_region_kjdx_g34t":"2095"}},
{"type":"Feature","geometry":{"type":"Point","coordinates":[-73.961454,40.796092]},"properties":{":id":"row-ewgf~9gp8.vji7",":version":"rv-4y4j~ztjb~5yhn",":created_at":"2026-09-28T04:22:00.524Z",":updated_at":"2026-09-28T04:22:02.228Z","gtfs_stop_id":"A18","station_id":"156","complex_id":"156","division":"IND","line":"8th Av - Fulton St","stop_name":"103 St","borough":"M","cbd":"false","daytime_routes":"C B","structure":"Subway","gtfs_latitude":"40.796092","gtfs_longitude":"-73.961454","north_direction_label":"Uptown","south_direction_label":"Downtown","ada":"0","ada_northbound":"0","ada_southbound":"0","ada_notes":null,":@computed_region_yamh_8v7k":"749",":@computed_region_wbg7_3whc":null,":@computed_region_kjdx_g34t":"2095"}},
{"type":"Feature","geometry":{"type":"Point","coordinates":[-73.964696,40.791642]},"properties":{":id":"row-f6ts-yhm5.pmuu",":version":"rv-npjd_d8ey.7fv4",":created_at":"2026-09-28T04:22:00.524Z",":updated_at":"2026-09-28T04:22:02.228Z","gtfs_stop_id":"A19","station_id":"157","complex_id":"157","division":"IND","line":"8th Av - Fulton St","stop_name":"96 St","borough":"M","cbd":"false","daytime_routes":"C B","structure":"Subway","gtfs_latitude":"40.791642","gtfs_longitude":"-73.964696","north_direction_label":"Uptown","south_direction_label":"Downtown","ada":"0","ada_northbound":"0","ada_southbound":"0","ada_notes":null,":@computed_region_yamh_8v7k":"749",":@computed_region_wbg7_3whc":null,":@computed_region_kjdx_g34t":"2095"}},
{"type":"Feature","geometry":{"type":"Point","coordinates":[-73.968916,40.785868]},"properties":{":id":"row-whch-6kqa_ygch",":version":"rv-enfu-yu3h-u5x5",":created_at":"2026-09-28T04:22:00.524Z",":updated_at":"2026-09-28T04:22:02.228Z","gtfs_stop_id":"A20","station_id":"158","complex_id":"158","division":"IND","line":"8th Av - Fulton St","stop_name":"86 St","borough":"M","cbd":"false","daytime_routes":"C B","structure":"Subway","gtfs_latitude":"40.785868","gtfs_longitude":"-73.968916","north_direction_label":"Uptown","south_direction_label":"Downtown","ada":"0","ada_northbound":"0","ada_southbound":"0","ada_notes":null,":@computed_region_yamh_8v7k":"749",":@computed_region_wbg7_3whc":null,":@computed_region_kjdx_g34t":"2095"}},
{"type":"Feature","geometry":{"type":"Point","coordinates":[-73.972143,40.781433]},"properties":{":id":"row-nvk9-gmxz~k7tn",":version":"rv-babn-pdux-vqjf",":created_at":"2026-09-28T04:22:00.524Z",":updated_at":"2026-09-28T04:22:02.228Z","gtfs_stop_id":"A21","station_id":"159","complex_id":"159","division":"IND","line":"8th Av - Fulton St","stop_name":"81 St-Museum of Natural History","borough":"M","cbd":"false","daytime_routes":"C B","structure":"Subway","gtfs_latitude":"40.781433","gtfs_longitude":"-73.972143","north_direction_label":"Uptown","south_direction_label":"Downtown","ada":"0","ada_northbound":"0","ada_southbound":"0","ada_notes":null,":@computed_region_yamh_8v7k":"749",":@computed_region_wbg7_3whc":null,":@computed_region_kjdx_g34t":"2095"}},
{"type":"Feature","geometry":{"type":"Point","coordinates":[-73.97641,40.775594]},"properties":{":id":"row-myw6-ppku~gwbw",":version":"rv-93hh~5hb4~6ynj",":created_at":"2026-09-28T04:22:00.524Z",":updated_at":"2026-09-28T04:22:02.228Z","gtfs_stop_id":"A22","station_id":"160","complex_id":"160","division":"IND","line":"8th Av - Fulton St","stop_name":"72 St","borough":"M","cbd":"false","daytime_routes":"C B","structure":"Subway","gtfs_latitude":"40.775594","gtfs_longitude":"-73.97641","north_direction_label":"Uptown","south_direction_label":"Downtown","ada":"0","ada_northbound":"0","ada_southbound":"0","ada_notes":null,":@computed_region_yamh_8v7k":"749",":@computed_region_wbg7_3whc":null,":@computed_region_kjdx_g34t":"2095"}},
{"type":"Feature","geometry":{"type":"Point","coordinates":[-73.981736,40.768296]},"properties":{":id":"row-74qw-btnk~gx4x",":version":"rv-a5a2.ard7.3hsu",":created_at":"2026-09-28T04:22:00.524Z",":updated_at":"2026-09-28T04:22:02.228Z","gtfs_stop_id":"A24","station_id":"161","complex_id":"614","division":"IND","line":"8th Av - Fulton St","stop_name":"59 St-Columbus Circle","borough":"M","cbd":"true","daytime_routes":"A C B D","structure":"Subway","gtfs_latitude":"40.768296","gtfs_longitude":"-73.981736","north_direction_label":"Uptown","south_direction_label":"Downtown","ada":"1","ada_northbound":"1","ada_southbound":"1","ada_notes":null,":@computed_region_yamh_8v7k":"749",":@computed_region_wbg7_3whc":null,":@computed_region_kjdx_g34t":"2095"}},
{"type":"Feature","geometry":{"type":"Point","coordinates":[-73.985984,40.762456]},"properties":{":id":"row-p6km~3vfx-ixz5",":version":"rv-p8bv-jhw5.uis5",":created_at":"2026-09-28T04:22:00.524Z",":updated_at":"2026-09-28T04:22:02.228Z","gtfs_stop_id":"A25","station_id":"162","complex_id":"162","division":"IND","line":"8th Av - Fulton St","stop_name":"50 St","borough":"M","cbd":"true","daytime_routes":"C E","structure":"Subway","gtfs_latitude":"40.762456","gtfs_longitude":"-73.985984","north_direction_label":"Uptown","south_direction_label":"Downtown","ada":"2","ada_northbound":"0","ada_southbound":"1","ada_notes":"Downtown only",":@computed_region_yamh_8v7k":"749",":@computed_region_wbg7_3whc":"742",":@computed_region_kjdx_g34t":"2095"}},
{"type":"Feature","geometry":{"type":"Point","coordinates":[-73.989735,40.757308]},"properties":{":id":"row-2isi_akk3_9m7g",":version":"rv-na5f_4tbf.9qsp",":created_at":"2026-09-28T04:22:00.524Z",":updated_at":"2026-09-28T04:22:02.228Z","gtfs_stop_id":"A27","station_id":"163","complex_id":"611","division":"IND","line":"8th Av - Fulton St","stop_name":"42 St-Port Authority Bus Terminal","borough":"M","cbd":"true","daytime_routes":"A C E","structure":"Subway","gtfs_latitude":"40.757308","gtfs_longitude":"-73.989735","north_direction_label":"Uptown","south_direction_label":"Downtown","ada":"1","ada_northbound":"1","ada_southbound":"1","ada_notes":null,":@computed_region_yamh_8v7k":"749",":@computed_region_wbg7_3whc":"795",":@computed_region_kjdx_g34t":"2095"}},
{"type":"Feature","geometry":{"type":"Point","coordinates":[-73.993391,40.752287]},"properties":{":id":"row-xg7g_zgh6~epgj",":version":"rv-2nqg.czxd.gjrj",":created_at":"2026-09-28T04:22:00.524Z",":updated_at":"2026-09-28T04:22:02.228Z","gtfs_stop_id":"A28","station_id":"164","complex_id":"164","division":"IND","line":"8th Av - Fulton St","stop_name":"34 St-Penn Station","borough":"M","cbd":"true","daytime_routes":"A C E","structure":"Subway","gtfs_latitude":"40.752287","gtfs_longitude":"-73.993391","north_direction_label":"Uptown","south_direction_label":"Downtown","ada":"1","ada_northbound":"1","ada_southbound":"1","ada_notes":null,":@computed_region_yamh_8v7k":"749",":@computed_region_wbg7_3whc":"717",":@computed_region_kjdx_g34t":"2095"}},
{"type":"Feature","geometry":{"type":"Point","coordinates":[-73.998041,40.745906]},"properties":{":id":"row-9gu3_58dj.s3xr",":version":"rv-j56j~ha5y~mirj",":created_at":"2026-09-28T04:22:00.524Z",":updated_at":"2026-09-28T04:22:02.228Z","gtfs_stop_id":"A30","station_id":"165","complex_id":"165","division":"IND","line":"8th Av - Fulton St","stop_name":"23 St","borough":"M","cbd":"true","daytime_routes":"C E","structure":"Subway","gtfs_latitude":"40.745906","gtfs_longitude":"-73.998041","north_direction_label":"Uptown","south_direction_label":"Downtown","ada":"0","ada_northbound":"0","ada_southbound":"0","ada_notes":null,":@computed_region_yamh_8v7k":"749",":@computed_region_wbg7_3whc":"735",":@computed_region_kjdx_g34t":"2095"}},
{"type":"Feature","geometry":{"type":"Point","coordinates":[-74.00169,40.740893]},"properties":{":id":"row-4898-yvbp~9b5s",":version":"rv-u6sb-ucat.27pe",":created_at":"2026-09-28T04:22:00.524Z",":updated_at":"2026-09-28T04:22:02.228Z","gtfs_stop_id":"A31","station_id":"166","complex_id":"618","division":"IND","line":"8th Av - Fulton St","stop_name":"14 St","borough":"M","cbd":"true","daytime_routes":"A C E","structure":"Subway","gtfs_latitude":"40.740893","gtfs_longitude":"-74.00169","north_direction_label":"Uptown","south_direction_label":"Downtown","ada":"1","ada_northbound":"1","ada_southbound":"1","ada_notes":null,":@computed_region_yamh_8v7k":"749",":@computed_region_wbg7_3whc":"735",":@computed_region_kjdx_g34t":"2095"}},
{"type":"Feature","geometry":{"type":"Point","coordinates":[-74.000495,40.732338]},"properties":{":id":"row-29ju_qet2-aihn",":version":"rv-xswq_b44w_38qg",":created_at":"2026-09-28T04:22:00.524Z",":updated_at":"2026-09-28T04:22:02.228Z","gtfs_stop_id":"A32","station_id":"167","complex_id":"167","division":"IND","line":"8th Av - Fulton St","stop_name":"W 4 St-Wash Sq","borough":"M","cbd":"true","daytime_routes":"A C E","structure":"Subway","gtfs_latitude":"40.732338","gtfs_longitude":"-74.000495","north_direction_label":"Uptown","south_direction_label":"Downtown","ada":"1","ada_northbound":"1","ada_southbound":"1","ada_notes":null,":@computed_region_yamh_8v7k":"749",":@computed_region_wbg7_3whc":"735",":@computed_region_kjdx_g34t":"2095"}},
{"type":"Feature","geometry":{"type":"Point","coordinates":[-74.000495,40.732338]},"properties":{":id":"row-r7bn.eztq~grvu",":version":"rv-pcqj.x4g8_m9d6",":created_at":"2026-09-28T04:22:00.524Z",":updated_at":"2026-09-28T04:22:02.228Z","gtfs_stop_id":"D20","station_id":"167","complex_id":"167","division":"IND","line":"6th Av - Culver","stop_name":"W 4 St-Wash Sq","borough":"M","cbd":"true","daytime_routes":"B D F M","structure":"Subway","gtfs_latitude":"40.732338","gtfs_longitude":"-74.000495","north_direction_label":"Uptown","south_direction_label":"Downtown","ada":"1","ada_northbound":"1","ada_southbound":"1","ada_notes":null,":@computed_region_yamh_8v7k":"749",":@computed_region_wbg7_3whc":"735",":@computed_region_kjdx_g34t":"2095"}},
{"type":"Feature","geometry":{"type":"Point","coordinates":[-74.003739,40.726227]},"properties":{":id":"row-dwiu-ywi3~pq4y",":version":"rv-xcwz_zpsn-mzzf",":created_at":"2026-09-28T04:22:00.524Z",":updated_at":"2026-09-28T04:22:02.228Z","gtfs_stop_id":"A33","station_id":"168","complex_id":"168","division":"IND","line":"8th Av - Fulton St","stop_name":"Spring St","borough":"M","cbd":"true","daytime_routes":"C E","structure":"Subway","gtfs_latitude":"40.726227","gtfs_longitude":"-74.003739","north_direction_label":"Uptown","south_direction_label":"Downtown","ada":"2","ada_northbound":"0","ada_southbound":"1","ada_notes":"Downtown only",":@computed_region_yamh_8v7k":"749",":@computed_region_wbg7_3whc":"736",":@computed_region_kjdx_g34t":"2095"}},
{"type":"Feature","geometry":{"type":"Point","coordinates":[-74.005229,40.720824]},"properties":{":id":"row-ipfr_rfsn-3kci",":version":"rv-89wa_vxwv-gtix",":created_at":"2026-09-28T04:22:00.524Z",":updated_at":"2026-09-28T04:22:02.228Z","gtfs_stop_id":"A34","station_id":"169","complex_id":"169","division":"IND","line":"8th Av - Fulton St","stop_name":"Canal St","borough":"M","cbd":"true","daytime_routes":"A C E","structure":"Subway","gtfs_latitude":"40.720824","gtfs_longitude":"-74.005229","north_direction_label":"Uptown","south_direction_label":"Downtown","ada":"0","ada_northbound":"0","ada_southbound":"0","ada_notes":null,":@computed_region_yamh_8v7k":"749",":@computed_region_wbg7_3whc":"737",":@computed_region_kjdx_g34t":"2095"}},
{"type":"Feature","geometry":{"type":"Point","coordinates":[-74.008585,40.714111]},"properties":{":id":"row-prpb~bz9f~pugs",":version":"rv-d3zu~ntu9_dvru",":created_at":"2026-09-28T04:22:00.524Z",":updated_at":"2026-09-28T04:22:02.228Z","gtfs_stop_id":"A36","station_id":"170","complex_id":"624","division":"IND","line":"8th Av - Fulton St","stop_name":"Chambers St","borough":"M","cbd":"true","daytime_routes":"A C","structure":"Subway","gtfs_latitude":"40.714111","gtfs_longitude":"-74.008585","north_direction_label":"Uptown","south_direction_label":"Brooklyn","ada":"0","ada_northbound":"0","ada_southbound":"0","ada_notes":null,":@computed_region_yamh_8v7k":"749",":@computed_region_wbg7_3whc":"723",":@computed_region_kjdx_g34t":"2095"}},
{"type":"Feature","geometry":{"type":"Point","coordinates":[-74.009781,40.712582]},"properties":{":id":"row-ftzj~tzw4.wpfx",":version":"rv-wja5~7ni9-w9an",":created_at":"2026-09-28T04:22:00.524Z",":updated_at":"2026-09-28T04:22:02.228Z","gtfs_stop_id":"E01","station_id":"171","complex_id":"624","division":"IND","line":"8th Av - Fulton St","stop_name":"World Trade Center","borough":"M","cbd":"true","daytime_routes":"E","structure":"Subway","gtfs_latitude":"40.712582","gtfs_longitude":"-74.009781","north_direction_label":"Uptown","south_direction_label":"Last Stop","ada":"1","ada_northbound":"1","ada_southbound":"1","ada_notes":null,":@computed_region_yamh_8v7k":"749",":@computed_region_wbg7_3whc":"723",":@computed_region_kjdx_g34t":"2095"}},
{"type":"Feature","geometry":{"type":"Point","coordinates":[-74.007691,40.710197]},"properties":{":id":"row-mxya-t9ps_68uj",":version":"rv-tgus~ykcg~2zfv",":created_at":"2026-09-28T04:22:00.524Z",":updated_at":"2026-09-28T04:22:02.228Z","gtfs_stop_id":"A38","station_id":"172","complex_id":"628","division":"IND","line":"8th Av - Fulton St","stop_name":"Fulton St","borough":"M","cbd":"true","daytime_routes":"A C","structure":"Subway","gtfs_latitude":"40.710197","gtfs_longitude":"-74.007691","north_direction_label":"Uptown","south_direction_label":"Brooklyn","ada":"1","ada_northbound":"1","ada_southbound":"1","ada_notes":null,":@computed_region_yamh_8v7k":"749",":@computed_region_wbg7_3whc":"797",":@computed_region_kjdx_g34t":"2095"}},
{"type":"Feature","geometry":{"type":"Point","coordinates":[-73.990531,40.699337]},"properties":{":id":"row-b7ym_9f7v-ae7x",":version":"rv-e42y_y7wf-d22m",":created_at":"2026-09-28T04:22:00.524Z",":updated_at":"2026-09-28T04:22:02.228Z","gtfs_stop_id":"A40","station_id":"173","complex_id":"173","division":"IND","line":"8th Av - Fulton St","stop_name":"High St","borough":"Bk","cbd":"false","daytime_routes":"A C","structure":"Subway","gtfs_latitude":"40.699337","gtfs_longitude":"-73.990531","north_direction_label":"Manhattan","south_direction_label":"Outbound","ada":"0","ada_northbound":"0","ada_southbound":"0","ada_notes":null,":@computed_region_yamh_8v7k":"894",":@computed_region_wbg7_3whc":"880",":@computed_region_kjdx_g34t":"2095"}},
{"type":"Feature","geometry":{"type":"Point","coordinates":[-73.987342,40.692338]},"properties":{":id":"row-h99i_g6cz_rks6",":version":"rv-b8hs~csv2-eu3j",":created_at":"2026-09-28T04:22:00.524Z",":updated_at":"2026-09-28T04:22:02.228Z","gtfs_stop_id":"A41","station_id":"174","complex_id":"636","division":"IND","line":"8th Av - Fulton St","stop_name":"Jay St-MetroTech","borough":"Bk","cbd":"false","daytime_routes":"A C F","structure":"Subway","gtfs_latitude":"40.692338","gtfs_longitude":"-73.987342","north_direction_label":"Manhattan","south_direction_label":"Outbound","ada":"1","ada_northbound":"1","ada_southbound":"1","ada_notes":null,":@computed_region_yamh_8v7k":"894",":@computed_region_wbg7_3whc":"880",":@computed_region_kjdx_g34t":"2090"}},
{"type":"Feature","geometry":{"type":"Point","coordinates":[-73.985001,40.688484]},"properties":{":id":"row-9q57_8dbc.k2wv",":version":"rv-n4bw.3ski.xwgm",":created_at":"2026-09-28T04:22:00.524Z",":updated_at":"2026-09-28T04:22:02.228Z","gtfs_stop_id":"A42","station_id":"175","complex_id":"175","division":"IND","line":"8th Av - Fulton St","stop_name":"Hoyt-Schermerhorn Sts","borough":"Bk","cbd":"false","daytime_routes":"A C G","structure":"Subway","gtfs_latitude":"40.688484","gtfs_longitude":"-73.985001","north_direction_label":"Westbound","south_direction_label":"Queens","ada":"0","ada_northbound":"0","ada_southbound":"0","ada_notes":null,":@computed_region_yamh_8v7k":"894",":@computed_region_wbg7_3whc":"880",":@computed_region_kjdx_g34t":"2090"}},
{"type":"Feature","geometry":{"type":"Point","coordinates":[-73.973946,40.686113]},"properties":{":id":"row-kfyk~fwt4.q47c",":version":"rv-2ak6.vwn4~tat5",":created_at":"2026-09-28T04:22:00.524Z",":updated_at":"2026-09-28T04:22:02.228Z","gtfs_stop_id":"A43","station_id":"176","complex_id":"176","division":"IND","line":"8th Av - Fulton St","stop_name":"Lafayette Av","borough":"Bk","cbd":"false","daytime_routes":"C","structure":"Subway","gtfs_latitude":"40.686113","gtfs_longitude":"-73.973946","north_direction_label":"Manhattan","south_direction_label":"Outbound","ada":"0","ada_northbound":"0","ada_southbound":"0","ada_notes":null,":@computed_region_yamh_8v7k":"894",":@computed_region_wbg7_3whc":"895",":@computed_region_kjdx_g34t":"2090"}},
{"type":"Feature","geometry":{"type":"Point","coordinates":[-73.965838,40.683263]},"properties":{":id":"row-qkyv.wsjd~ydaa",":version":"rv-ncqw-s4b6.si3m",":created_at":"2026-09-28T04:22:00.524Z",":updated_at":"2026-09-28T04:22:02.228Z","gtfs_stop_id":"A44","station_id":"177","complex_id":"177","division":"IND","line":"8th Av - Fulton St","stop_name":"Clinton-Washington Avs","borough":"Bk","cbd":"false","daytime_routes":"C","structure":"Subway","gtfs_latitude":"40.683263","gtfs_longitude":"-73.965838","north_direction_label":"Manhattan","south_direction_label":"Outbound","ada":"0","ada_northbound":"0","ada_southbound":"0","ada_notes":null,":@computed_region_yamh_8v7k":"894",":@computed_region_wbg7_3whc":"821",":@computed_region_kjdx_g34t":"2090"}},
{"type":"Feature","geometry":{"type":"Point","coordinates":[-73.956848,40.68138]},"properties":{":id":"row-2a85.42zj.8kaz",":version":"rv-enfw-pryp~itv7",":created_at":"2026-09-28T04:22:00.524Z",":updated_at":"2026-09-28T04:22:02.228Z","gtfs_stop_id":"A45","station_id":"178","complex_id":"627","division":"IND","line":"8th Av - Fulton St","stop_name":"Franklin Av","borough":"Bk","cbd":"false","daytime_routes":"C","structure":"Subway","gtfs_latitude":"40.68138","gtfs_longitude":"-73.956848","north_direction_label":"Manhattan","south_direction_label":"Outbound","ada":"1","ada_northbound":"1","ada_southbound":"1","ada_notes":null,":@computed_region_yamh_8v7k":"894",":@computed_region_wbg7_3whc":"821",":@computed_region_kjdx_g34t":"2090"}},
{"type":"Feature","geometry":{"type":"Point","coordinates":[-73.950426,40.680438]},"properties":{":id":"row-s8vq_jy8f_3nt3",":version":"rv-xccb~cbb2-qdz6",":created_at":"2026-09-28T04:22:00.524Z",":updated_at":"2026-09-28T04:22:02.228Z","gtfs_stop_id":"A46","station_id":"179","complex_id":"179","division":"IND","line":"8th Av - Fulton St","stop_name":"Nostrand Av","borough":"Bk","cbd":"false","daytime_routes":"A C","structure":"Subway","gtfs_latitude":"40.680438","gtfs_longitude":"-73.950426","north_direction_label":"Manhattan","south_direction_label":"Outbound","ada":"0","ada_northbound":"0","ada_southbound":"0","ada_notes":null,":@computed_region_yamh_8v7k":"894",":@computed_region_wbg7_3whc":"894",":@computed_region_kjdx_g34t":"2090"}},
{"type":"Feature","geometry":{"type":"Point","coordinates":[-73.940858,40.679921]},"properties":{":id":"row-evqz~yksb.47fm",":version":"rv-vgks~26af~xr5r",":created_at":"2026-09-28T04:22:00.524Z",":updated_at":"2026-09-28T04:22:02.228Z","gtfs_stop_id":"A47","station_id":"180","complex_id":"180","division":"IND","line":"8th Av - Fulton St","stop_name":"Kingston-Throop Avs","borough":"Bk","cbd":"false","daytime_routes":"C","structure":"Subway","gtfs_latitude":"40.679921","gtfs_longitude":"-73.940858","north_direction_label":"Manhattan","south_direction_label":"Outbound","ada":"0","ada_northbound":"0","ada_southbound":"0","ada_notes":null,":@computed_region_yamh_8v7k":"894",":@computed_region_wbg7_3whc":"891",":@computed_region_kjdx_g34t":"2090"}},
{"type":"Feature","geometry":{"type":"Point","coordinates":[-73.930729,40.679364]},"properties":{":id":"row-3rx5_r6sh.4kix",":version":"rv-x72m~ctcw_prdg",":created_at":"2026-09-28T04:22:00.524Z",":updated_at":"2026-09-28T04:22:02.228Z","gtfs_stop_id":"A48","station_id":"181","complex_id":"181","division":"IND","line":"8th Av - Fulton St","stop_name":"Utica Av","borough":"Bk","cbd":"false","daytime_routes":"A C","structure":"Subway","gtfs_latitude":"40.679364","gtfs_longitude":"-73.930729","north_direction_label":"Manhattan","south_direction_label":"Outbound","ada":"1","ada_northbound":"1","ada_southbound":"1","ada_notes":null,":@computed_region_yamh_8v7k":"894",":@computed_region_wbg7_3whc":"891",":@computed_region_kjdx_g34t":"2090"}},
{"type":"Feature","geometry":{"type":"Point","coordinates":[-73.920786,40.678822]},"properties":{":id":"row-g7kc-gqgf_g4my",":version":"rv-pqhd-qt77_jx3u",":created_at":"2026-09-28T04:22:00.524Z",":updated_at":"2026-09-28T04:22:02.228Z","gtfs_stop_id":"A49","station_id":"182","complex_id":"182","division":"IND","line":"8th Av - Fulton St","stop_name":"Ralph Av","borough":"Bk","cbd":"false","daytime_routes":"C","structure":"Subway","gtfs_latitude":"40.678822","gtfs_longitude":"-73.920786","north_direction_label":"Manhattan","south_direction_label":"Outbound","ada":"0","ada_northbound":"0","ada_southbound":"0","ada_notes":null,":@computed_region_yamh_8v7k":"894",":@computed_region_wbg7_3whc":"816",":@computed_region_kjdx_g34t":"2090"}},
{"type":"Feature","geometry":{"type":"Point","coordinates":[-73.911946,40.67834]},"properties":{":id":"row-pwnd_wzez~k8ni",":version":"rv-wsae.8nrf-u2xa",":created_at":"2026-09-28T04:22:00.524Z",":updated_at":"2026-09-28T04:22:02.228Z","gtfs_stop_id":"A50","station_id":"183","complex_id":"183","division":"IND","line":"8th Av - Fulton St","stop_name":"Rockaway Av","borough":"Bk","cbd":"false","daytime_routes":"C","structure":"Subway","gtfs_latitude":"40.67834","gtfs_longitude":"-73.911946","north_direction_label":"Manhattan","south_direction_label":"Outbound","ada":"0","ada_northbound":"0","ada_southbound":"0","ada_notes":null,":@computed_region_yamh_8v7k":"894",":@computed_region_wbg7_3whc":"816",":@computed_region_kjdx_g34t":"2090"}},
{"type":"Feature","geometry":{"type":"Point","coordinates":[-73.905316,40.678334]},"properties":{":id":"row-8fbs~43fz_a92u",":version":"rv-zikr~6jtj-3qjm",":created_at":"2026-09-28T04:22:00.524Z",":updated_at":"2026-09-28T04:22:02.228Z","gtfs_stop_id":"A51","station_id":"184","complex_id":"621","division":"IND","line":"8th Av - Fulton St","stop_name":"Broadway Junction","borough":"Bk","cbd":"false","daytime_routes":"A C","structure":"Subway","gtfs_latitude":"40.678334","gtfs_longitude":"-73.905316","north_direction_label":"Manhattan","south_direction_label":"Outbound","ada":"0","ada_northbound":"0","ada_southbound":"0","ada_notes":null,":@computed_region_yamh_8v7k":"894",":@computed_region_wbg7_3whc":"816",":@computed_region_kjdx_g34t":"2090"}},
{"type":"Feature","geometry":{"type":"Point","coordinates":[-73.896548,40.674542]},"properties":{":id":"row-ug5t_dp6c.njef",":version":"rv-7mmj.x8yi_v5xs",":created_at":"2026-09-28T04:22:00.524Z",":updated_at":"2026-09-28T04:22:02.228Z","gtfs_stop_id":"A52","station_id":"185","complex_id":"185","division":"IND","line":"8th Av - Fulton St","stop_name":"Liberty Av","borough":"Bk","cbd":"false","daytime_routes":"C","structure":"Subway","gtfs_latitude":"40.674542","gtfs_longitude":"-73.896548","north_direction_label":"Manhattan","south_direction_label":"Outbound","ada":"0","ada_northbound":"0","ada_southbound":"0","ada_notes":null,":@computed_region_yamh_8v7k":"894",":@computed_region_wbg7_3whc":"885",":@computed_region_kjdx_g34t":"2090"}},
{"type":"Feature","geometry":{"type":"Point","coordinates":[-73.890358,40.67271]},"properties":{":id":"row-tdsn_ewrh~ue8r",":version":"rv-ddgi~avrh_jz3a",":created_at":"2026-09-28T04:22:00.524Z",":updated_at":"2026-09-28T04:22:02.228Z","gtfs_stop_id":"A53","station_id":"186","complex_id":"186","division":"IND","line":"8th Av - Fulton St","stop_name":"Van Siclen Av","borough":"Bk","cbd":"false","daytime_routes":"C","structure":"Subway","gtfs_latitude":"40.67271","gtfs_longitude":"-73.890358","north_direction_label":"Manhattan","south_direction_label":"Outbound","ada":"0","ada_northbound":"0","ada_southbound":"0","ada_notes":null,":@computed_region_yamh_8v7k":"894",":@computed_region_wbg7_3whc":"885",":@computed_region_kjdx_g34t":"2090"}},
{"type":"Feature","geometry":{"type":"Point","coordinates":[-73.88075,40.67413]},"properties":{":id":"row-q73q~m4k8-fwa4",":version":"rv-jfhm.jdvz.p4gu",":created_at":"2026-09-28T04:22:00.524Z",":updated_at":"2026-09-28T04:22:02.228Z","gtfs_stop_id":"A54","station_id":"187","complex_id":"187","division":"IND","line":"8th Av - Fulton St","stop_name":"Shepherd Av","borough":"Bk","cbd":"false","daytime_routes":"C","structure":"Subway","gtfs_latitude":"40.67413","gtfs_longitude":"-73.88075","north_direction_label":"Manhattan","south_direction_label":"Outbound","ada":"0","ada_northbound":"0","ada_southbound":"0","ada_notes":null,":@computed_region_yamh_8v7k":"894",":@computed_region_wbg7_3whc":"886",":@computed_region_kjdx_g34t":"2137"}},
{"type":"Feature","geometry":{"type":"Point","coordinates":[-73.872106,40.675377]},"properties":{":id":"row-9nvq_mbaz_hqsz",":version":"rv-wwfs-i3c5.yxpg",":created_at":"2026-09-28T04:22:00.524Z",":updated_at":"2026-09-28T04:22:02.228Z","gtfs_stop_id":"A55","station_id":"188","complex_id":"188","division":"IND","line":"8th Av - Fulton St","stop_name":"Euclid Av","borough":"Bk","cbd":"false","daytime_routes":"A C","structure":"Subway","gtfs_latitude":"40.675377","gtfs_longitude":"-73.872106","north_direction_label":"Manhattan","south_direction_label":"Queens","ada":"1","ada_northbound":"1","ada_southbound":"1","ada_notes":null,":@computed_region_yamh_8v7k":"894",":@computed_region_wbg7_3whc":"886",":@computed_region_kjdx_g34t":"2137"}},
{"type":"Feature","geometry":{"type":"Point","coordinates":[-73.86505,40.677044]},"properties":{":id":"row-pwv2~vjdk~3fsy",":version":"rv-f7ua~wv7z~896g",":created_at":"2026-09-28T04:22:00.524Z",":updated_at":"2026-09-28T04:22:02.228Z","gtfs_stop_id":"A57","station_id":"189","complex_id":"189","division":"IND","line":"Liberty Av","stop_name":"Grant Av","borough":"Bk","cbd":"false","daytime_routes":"A","structure":"Subway","gtfs_latitude":"40.677044","gtfs_longitude":"-73.86505","north_direction_label":"Manhattan","south_direction_label":"Queens","ada":"0","ada_northbound":"0","ada_southbound":"0","ada_notes":null,":@computed_region_yamh_8v7k":"894",":@computed_region_wbg7_3whc":"886",":@computed_region_kjdx_g34t":"2137"}},
{"type":"Feature","geometry":{"type":"Point","coordinates":[-73.858992,40.679371]},"properties":{":id":"row-by8w_494r_teej",":version":"rv-6d2r~keu9_zxhh",":created_at":"2026-09-28T04:22:00.524Z",":updated_at":"2026-09-28T04:22:02.228Z","gtfs_stop_id":"A59","station_id":"190","complex_id":"190","division":"IND","line":"Liberty Av","stop_name":"80 St","borough":"Q","cbd":"false","daytime_routes":"A","structure":"Elevated","gtfs_latitude":"40.679371","gtfs_longitude":"-73.858992","north_direction_label":"Manhattan","south_direction_label":"Outbound","ada":"0","ada_northbound":"0","ada_southbound":"0","ada_notes":null,":@computed_region_yamh_8v7k":"196",":@computed_region_wbg7_3whc":"1164",":@computed_region_kjdx_g34t":"2137"}},
{"type":"Feature","geometry":{"type":"Point","coordinates":[-73.85147,40.679843]},"properties":{":id":"row-52mq~2trg_qimk",":version":"rv-8sfh~irsc-ngmu",":created_at":"2026-09-28T04:22:00.524Z",":updated_at":"2026-09-28T04:22:02.228Z","gtfs_stop_id":"A60","station_id":"191","complex_id":"191","division":"IND","line":"Liberty Av","stop_name":"88 St","borough":"Q","cbd":"false","daytime_routes":"A","structure":"Elevated","gtfs_latitude":"40.679843","gtfs_longitude":"-73.85147","north_direction_label":"Manhattan","south_direction_label":"Outbound","ada":"0","ada_northbound":"0","ada_southbound":"0","ada_notes":null,":@computed_region_yamh_8v7k":"196",":@computed_region_wbg7_3whc":"1164",":@computed_region_kjdx_g34t":"2137"}},
{"type":"Feature","geometry":{"type":"Point","coordinates":[-73.843853,40.680429]},"properties":{":id":"row-b45s-cvdc.pr7s",":version":"rv-p3u9.xkxc_kdmx",":created_at":"2026-09-28T04:22:00.524Z",":updated_at":"2026-09-28T04:22:02.228Z","gtfs_stop_id":"A61","station_id":"192","complex_id":"192","division":"IND","line":"Liberty Av","stop_name":"Rockaway Blvd","borough":"Q","cbd":"false","daytime_routes":"A","structure":"Elevated","gtfs_latitude":"40.680429","gtfs_longitude":"-73.843853","north_direction_label":"Manhattan","south_direction_label":"Outbound","ada":"1","ada_northbound":"1","ada_southbound":"1","ada_notes":null,":@computed_region_yamh_8v7k":"196",":@computed_region_wbg7_3whc":"1164",":@computed_region_kjdx_g34t":"2137"}},
{"type":"Feature","geometry":{"type":"Point","coordinates":[-73.837683,40.681711]},"properties":{":id":"row-2i3u~mjdk.x5bd",":version":"rv-49rp_wbv5.9x8i",":created_at":"2026-09-28T04:22:00.524Z",":updated_at":"2026-09-28T04:22:02.228Z","gtfs_stop_id":"A63","station_id":"193","complex_id":"193","division":"IND","line":"Liberty Av","stop_name":"104 St","borough":"Q","cbd":"false","daytime_routes":"A","structure":"Elevated","gtfs_latitude":"40.681711","gtfs_longitude":"-73.837683","north_direction_label":"Manhattan","south_direction_label":"Ozone Park","ada":"0","ada_northbound":"0","ada_southbound":"0","ada_notes":null,":@computed_region_yamh_8v7k":"196",":@computed_region_wbg7_3whc":"1164",":@computed_region_kjdx_g34t":"2137"}},
{"type":"Feature","geometry":{"type":"Point","coordinates":[-73.832163,40.684331]},"properties":{":id":"row-pj87~zwiw-bffg",":version":"rv-v7ku~m96u~yxqq",":created_at":"2026-09-28T04:22:00.524Z",":updated_at":"2026-09-28T04:22:02.228Z","gtfs_stop_id":"A64","station_id":"194","complex_id":"194","division":"IND","line":"Liberty Av","stop_name":"111 St","borough":"Q","cbd":"false","daytime_routes":"A","structure":"Elevated","gtfs_latitude":"40.684331","gtfs_longitude":"-73.832163","north_direction_label":"Manhattan","south_direction_label":"Ozone Park","ada":"0","ada_northbound":"0","ada_southbound":"0","ada_notes":null,":@computed_region_yamh_8v7k":"196",":@computed_region_wbg7_3whc":"1166",":@computed_region_kjdx_g34t":"2137"}},
{"type":"Feature","geometry":{"type":"Point","coordinates":[-73.825798,40.685951]},"properties":{":id":"row-ms67~6cvm-maef",":version":"rv-5zqx-6fwb-tvbr",":created_at":"2026-09-28T04:22:00.524Z",":updated_at":"2026-09-28T04:22:02.228Z","gtfs_stop_id":"A65","station_id":"195","complex_id":"195","division":"IND","line":"Liberty Av","stop_name":"Ozone Park-Lefferts Blvd","borough":"Q","cbd":"false","daytime_routes":"A","structure":"Elevated","gtfs_latitude":"40.685951","gtfs_longitude":"-73.825798","north_direction_label":"Manhattan","south_direction_label":"Last Stop","ada":"1","ada_northbound":"1","ada_southbound":"1","ada_notes":null,":@computed_region_yamh_8v7k":"196",":@computed_region_wbg7_3whc":"1166",":@computed_region_kjdx_g34t":"2137"}},
{"type":"Feature","geometry":{"type":"Point","coordinates":[-73.835919,40.672097]},"properties":{":id":"row-ktkd~gckv.cnyn",":version":"rv-swvu-wnpb-98ng",":created_at":"2026-09-28T04:22:00.524Z",":updated_at":"2026-09-28T04:22:02.228Z","gtfs_stop_id":"H01","station_id":"196","complex_id":"196","division":"IND","line":"Rockaway","stop_name":"Aqueduct Racetrack","borough":"Q","cbd":"false","daytime_routes":"A","structure":"At Grade","gtfs_latitude":"40.672097","gtfs_longitude":"-73.835919","north_direction_label":"Manhattan","south_direction_label":"Rockaways","ada":"1","ada_northbound":"1","ada_southbound":"1","ada_notes":null,":@computed_region_yamh_8v7k":"196",":@computed_region_wbg7_3whc":"1164",":@computed_region_kjdx_g34t":"2137"}},
{"type":"Feature","geometry":{"type":"Point","coordinates":[-73.834058,40.668234]},"properties":{":id":"row-8q4n_rngw-m82k",":version":"rv-u5j7.bi3k~s8sz",":created_at":"2026-09-28T04:22:00.524Z",":updated_at":"2026-09-28T04:22:02.228Z","gtfs_stop_id":"H02","station_id":"197","complex_id":"197","division":"IND","line":"Rockaway","stop_name":"Aqueduct-N Conduit Av","borough":"Q","cbd":"false","daytime_routes":"A","structure":"At Grade","gtfs_latitude":"40.668234","gtfs_longitude":"-73.834058","north_direction_label":"Manhattan","south_direction_label":"Rockaways","ada":"0","ada_northbound":"0","ada_southbound":"0","ada_notes":null,":@computed_region_yamh_8v7k":"196",":@computed_region_wbg7_3whc":"1164",":@computed_region_kjdx_g34t":"2137"}},
{"type":"Feature","geometry":{"type":"Point","coordinates":[-73.830301,40.660476]},"properties":{":id":"row-5g2v-ja7y.6mtx",":version":"rv-ijm6.nwr6-swpn",":created_at":"2026-09-28T04:22:00.524Z",":updated_at":"2026-09-28T04:22:02.228Z","gtfs_stop_id":"H03","station_id":"198","complex_id":"198","division":"IND","line":"Rockaway","stop_name":"Howard Beach-JFK Airport","borough":"Q","cbd":"false","daytime_routes":"A","structure":"At Grade","gtfs_latitude":"40.660476","gtfs_longitude":"-73.830301","north_direction_label":"Manhattan","south_direction_label":"Rockaways","ada":"1","ada_northbound":"1","ada_southbound":"1","ada_notes":null,":@computed_region_yamh_8v7k":"196",":@computed_region_wbg7_3whc":"853",":@computed_region_kjdx_g34t":"2137"}},
{"type":"Feature","geometry":{"type":"Point","coordinates":[-73.815925,40.608382]},"properties":{":id":"row-8atk~xtm4_rzbz",":version":"rv-dfg5_rp4k~rfzr",":created_at":"2026-09-28T04:22:00.524Z",":updated_at":"2026-09-28T04:22:02.228Z","gtfs_stop_id":"H04","station_id":"199","complex_id":"199","division":"IND","line":"Rockaway","stop_name":"Broad Channel","borough":"Q","cbd":"false","daytime_routes":"A S","structure":"At Grade","gtfs_latitude":"40.608382","gtfs_longitude":"-73.815925","north_direction_label":"Inbound","south_direction_label":"Rockaways","ada":"0","ada_northbound":"0","ada_southbound":"0","ada_notes":null,":@computed_region_yamh_8v7k":"196",":@computed_region_wbg7_3whc":"1029",":@computed_region_kjdx_g34t":"2137"}},
{"type":"Feature","geometry":{"type":"Point","coordinates":[-73.813641,40.588034]},"properties":{":id":"row-73ua~yefx.a9er",":version":"rv-92qy_yyep.beh9",":created_at":"2026-09-28T04:22:00.524Z",":updated_at":"2026-09-28T04:22:02.228Z","gtfs_stop_id":"H12","station_id":"200","complex_id":"200","division":"IND","line":"Rockaway","stop_name":"Beach 90 St","borough":"Q","cbd":"false","daytime_routes":"A S","structure":"Viaduct","gtfs_latitude":"40.588034","gtfs_longitude":"-73.813641","north_direction_label":"Inbound","south_direction_label":"Rockaway Park","ada":"0","ada_northbound":"0","ada_southbound":"0","ada_notes":null,":@computed_region_yamh_8v7k":"196",":@computed_region_wbg7_3whc":"1029",":@computed_region_kjdx_g34t":"2137"}},
{"type":"Feature","geometry":{"type":"Point","coordinates":[-73.820558,40.585307]},"properties":{":id":"row-c9pu-sntz_x4m9",":version":"rv-3fa4-xuwa.4s7s",":created_at":"2026-09-28T04:22:00.524Z",":updated_at":"2026-09-28T04:22:02.228Z","gtfs_stop_id":"H13","station_id":"201","complex_id":"201","division":"IND","line":"Rockaway","stop_name":"Beach 98 St","borough":"Q","cbd":"false","daytime_routes":"A S","structure":"Viaduct","gtfs_latitude":"40.585307","gtfs_longitude":"-73.820558","north_direction_label":"Inbound","south_direction_label":"Rockaway Park","ada":"0","ada_northbound":"0","ada_southbound":"0","ada_notes":null,":@computed_region_yamh_8v7k":"196",":@computed_region_wbg7_3whc":"1030",":@computed_region_kjdx_g34t":"2137"}},
{"type":"Feature","geometry":{"type":"Point","coordinates":[-73.827559,40.583209]},"properties":{":id":"row-tznr~ht8v.ws7t",":version":"rv-2j7k_upxv~fhmd",":created_at":"2026-09-28T04:22:00.524Z",":updated_at":"2026-09-28T04:22:02.228Z","gtfs_stop_id":"H14","station_id":"202","complex_id":"202","division":"IND","line":"Rockaway","stop_name":"Beach 105 St","borough":"Q","cbd":"false","daytime_routes":"A S","structure":"Viaduct","gtfs_latitude":"40.583209","gtfs_longitude":"-73.827559","north_direction_label":"Inbound","south_direction_label":"Rockaway Park","ada":"0","ada_northbound":"0","ada_southbound":"0","ada_notes":null,":@computed_region_yamh_8v7k":"196",":@computed_region_wbg7_3whc":"1030",":@computed_region_kjdx_g34t":"2137"}},
{"type":"Feature","geometry":{"type":"Point","coordinates":[-73.835592,40.580903]},"properties":{":id":"row-n2r6-u8u8_exbe",":version":"rv-g8pq-f4b2-b4j2",":created_at":"2026-09-28T04:22:00.524Z",":updated_at":"2026-09-28T04:22:02.228Z","gtfs_stop_id":"H15","station_id":"203","complex_id":"203","division":"IND","line":"Rockaway","stop_name":"Rockaway Park-Beach 116 St","borough":"Q","cbd":"false","daytime_routes":"A S","structure":"At Grade","gtfs_latitude":"40.580903","gtfs_longitude":"-73.835592","north_direction_label":"Inbound","south_direction_label":"Last Stop","ada":"1","ada_northbound":"1","ada_southbound":"1","ada_notes":null,":@computed_region_yamh_8v7k":"196",":@computed_region_wbg7_3whc":"1030",":@computed_region_kjdx_g34t":"2137"}},
{"type":"Feature","geometry":{"type":"Point","coordinates":[-73.796924,40.590927]},"properties":{":id":"row-zw5f.xum2~wcn8",":version":"rv-qcux_zhxt_irgp",":created_at":"2026-09-28T04:22:00.524Z",":updated_at":"2026-09-28T04:22:02.228Z","gtfs_stop_id":"H06","station_id":"204","complex_id":"204","division":"IND","line":"Rockaway","stop_name":"Beach 67 St","borough":"Q","cbd":"false","daytime_routes":"A","structure":"Viaduct","gtfs_latitude":"40.590927","gtfs_longitude":"-73.796924","north_direction_label":"Manhattan","south_direction_label":"Far Rockaway","ada":"1","ada_northbound":"1","ada_southbound":"1","ada_notes":null,":@computed_region_yamh_8v7k":"196",":@computed_region_wbg7_3whc":"1028",":@computed_region_kjdx_g34t":"2137"}},
{"type":"Feature","geometry":{"type":"Point","coordinates":[-73.788522,40.592374]},"properties":{":id":"row-zrtw_qf2b-m42t",":version":"rv-a7nn.mae9~49ac",":created_at":"2026-09-28T04:22:00.524Z",":updated_at":"2026-09-28T04:22:02.228Z","gtfs_stop_id":"H07","station_id":"205","complex_id":"205","division":"IND","line":"Rockaway","stop_name":"Beach 60 St","borough":"Q","cbd":"false","daytime_routes":"A","structure":"Viaduct","gtfs_latitude":"40.592374","gtfs_longitude":"-73.788522","north_direction_label":"Manhattan","south_direction_label":"Far Rockaway","ada":"0","ada_northbound":"0","ada_southbound":"0","ada_notes":null,":@computed_region_yamh_8v7k":"196",":@computed_region_wbg7_3whc":"1028",":@computed_region_kjdx_g34t":"2137"}},
{"type":"Feature","geometry":{"type":"Point","coordinates":[-73.776013,40.592943]},"properties":{":id":"row-3rbr-k7yi_5pmx",":version":"rv-dfi6_293r_d7ih",":created_at":"2026-09-28T04:22:00.524Z",":updated_at":"2026-09-28T04:22:02.228Z","gtfs_stop_id":"H08","station_id":"206","complex_id":"206","division":"IND","line":"Rockaway","stop_name":"Beach 44 St","borough":"Q","cbd":"false","daytime_routes":"A","structure":"Viaduct","gtfs_latitude":"40.592943","gtfs_longitude":"-73.776013","north_direction_label":"Manhattan","south_direction_label":"Far Rockaway","ada":"0","ada_northbound":"0","ada_southbound":"0","ada_notes":null,":@computed_region_yamh_8v7k":"196",":@computed_region_wbg7_3whc":"1027",":@computed_region_kjdx_g34t":"2137"}},
{"type":"Feature","geometry":{"type":"Point","coordinates":[-73.768175,40.595398]},"properties":{":id":"row-ki4m-a4va~nbgn",":version":"rv-u5wy-fwzi_bq2j",":created_at":"2026-09-28T04:22:00.524Z",":updated_at":"2026-09-28T04:22:02.228Z","gtfs_stop_id":"H09","station_id":"207","complex_id":"207","division":"IND","line":"Rockaway","stop_name":"Beach 36 St","borough":"Q","cbd":"false","daytime_routes":"A","structure":"Viaduct","gtfs_latitude":"40.595398","gtfs_longitude":"-73.768175","north_direction_label":"Manhattan","south_direction_label":"Far Rockaway","ada":"0","ada_northbound":"0","ada_southbound":"0","ada_notes":null,":@computed_region_yamh_8v7k":"196",":@computed_region_wbg7_3whc":"1027",":@computed_region_kjdx_g34t":"2137"}},
{"type":"Feature","geometry":{"type":"Point","coordinates":[-73.761353,40.600066]},"properties":{":id":"row-s2z5.zs4a.bp89",":version":"rv-addy~wgsg_v6g3",":created_at":"2026-09-28T04:22:00.524Z",":updated_at":"2026-09-28T04:22:02.228Z","gtfs_stop_id":"H10","station_id":"208","complex_id":"208","division":"IND","line":"Rockaway","stop_name":"Beach 25 St","borough":"Q","cbd":"false","daytime_routes":"A","structure":"Viaduct","gtfs_latitude":"40.600066","gtfs_longitude":"-73.761353","north_direction_label":"Manhattan","south_direction_label":"Far Rockaway","ada":"0","ada_northbound":"0","ada_southbound":"0","ada_notes":null,":@computed_region_yamh_8v7k":"196",":@computed_region_wbg7_3whc":"1027",":@computed_region_kjdx_g34t":"2137"}},
{"type":"Feature","geometry":{"type":"Point","coordinates":[-73.755405,40.603995]},"properties":{":id":"row-daqm~9kkr-tgf2",":version":"rv-r53m-qvq3_u5nm",":created_at":"2026-09-28T04:22:00.524Z",":updated_at":"2026-09-28T04:22:02.228Z","gtfs_stop_id":"H11","station_id":"209","complex_id":"209","division":"IND","line":"Rockaway","stop_name":"Far Rockaway-Mott Av","borough":"Q","cbd":"false","daytime_routes":"A","structure":"Viaduct","gtfs_latitude":"40.603995","gtfs_longitude":"-73.755405","north_direction_label":"Manhattan","south_direction_label":"Last Stop","ada":"1","ada_northbound":"1","ada_southbound":"1","ada_notes":null,":@computed_region_yamh_8v7k":"196",":@computed_region_wbg7_3whc":"1027",":@computed_region_kjdx_g34t":"2137"}},
{"type":"Feature","geometry":{"type":"Point","coordinates":[-73.878855,40.874811]},"properties":{":id":"row-tait~5k8b.vwex",":version":"rv-jkp3_y3nr-j8kw",":created_at":"2026-09-28T04:22:00.524Z",":updated_at":"2026-09-28T04:22:02.228Z","gtfs_stop_id":"D01","station_id":"210","complex_id":"210","division":"IND","line":"Concourse","stop_name":"Norwood-205 St","borough":"Bx","cbd":"false","daytime_routes":"D","structure":"Subway","gtfs_latitude":"40.874811","gtfs_longitude":"-73.878855","north_direction_label":"Last Stop","south_direction_label":"Manhattan","ada":"0","ada_northbound":"0","ada_southbound":"0","ada_notes":null,":@computed_region_yamh_8v7k":"307",":@computed_region_wbg7_3whc":"704",":@computed_region_kjdx_g34t":"2032"}},
{"type":"Feature","geometry":{"type":"Point","coordinates":[-73.887138,40.873244]},"properties":{":id":"row-yq65_cz9c-jgz7",":version":"rv-f3wb-t47v-whgf",":created_at":"2026-09-28T04:22:00.524Z",":updated_at":"2026-09-28T04:22:02.228Z","gtfs_stop_id":"D03","station_id":"211","complex_id":"211","division":"IND","line":"Concourse","stop_name":"Bedford Park Blvd","borough":"Bx","cbd":"false","daytime_routes":"B D","structure":"Subway","gtfs_latitude":"40.873244","gtfs_longitude":"-73.887138","north_direction_label":"Northbound","south_direction_label":"Manhattan","ada":"1","ada_northbound":"1","ada_southbound":"1","ada_notes":null,":@computed_region_yamh_8v7k":"307",":@computed_region_wbg7_3whc":"654",":@computed_region_kjdx_g34t":"2032"}},
{"type":"Feature","geometry":{"type":"Point","coordinates":[-73.893509,40.866978]},"properties":{":id":"row-bmcj_z3xp_ccw7",":version":"rv-4p9n~b8ms-xid4",":created_at":"2026-09-28T04:22:00.524Z",":updated_at":"2026-09-28T04:22:02.228Z","gtfs_stop_id":"D04","station_id":"212","complex_id":"212","division":"IND","line":"Concourse","stop_name":"Kingsbridge Rd","borough":"Bx","cbd":"false","daytime_routes":"B D","structure":"Subway","gtfs_latitude":"40.866978","gtfs_longitude":"-73.893509","north_direction_label":"Northbound","south_direction_label":"Manhattan","ada":"1","ada_northbound":"1","ada_southbound":"1","ada_notes":null,":@computed_region_yamh_8v7k":"307",":@computed_region_wbg7_3whc":"654",":@computed_region_kjdx_g34t":"2032"}},
{"type":"Feature","geometry":{"type":"Point","coordinates":[-73.897749,40.861296]},"properties":{":id":"row-drzi~v3tz_rjpd",":version":"rv-n9pc~ucjx~nm9q",":created_at":"2026-09-28T04:22:00.524Z",":updated_at":"2026-09-28T04:22:02.228Z","gtfs_stop_id":"D05","station_id":"213","complex_id":"213","division":"IND","line":"Concourse","stop_name":"Fordham Rd","borough":"Bx","cbd":"false","daytime_routes":"B D","structure":"Subway","gtfs_latitude":"40.861296","gtfs_longitude":"-73.897749","north_direction_label":"Northbound","south_direction_label":"Manhattan","ada":"0","ada_northbound":"0","ada_southbound":"0","ada_notes":null,":@computed_region_yamh_8v7k":"307",":@computed_region_wbg7_3whc":"654",":@computed_region_kjdx_g34t":"2032"}},
{"type":"Feature","geometry":{"type":"Point","coordinates":[-73.900741,40.856093]},"properties":{":id":"row-4ag8~uzv6_qvux",":version":"rv-we5h-46j2.i7bt",":created_at":"2026-09-28T04:22:00.524Z",":updated_at":"2026-09-28T04:22:02.228Z","gtfs_stop_id":"D06","station_id":"214","complex_id":"214","division":"IND","line":"Concourse","stop_name":"182-183 Sts","borough":"Bx","cbd":"false","daytime_routes":"B D","structure":"Subway","gtfs_latitude":"40.856093","gtfs_longitude":"-73.900741","north_direction_label":"Northbound","south_direction_label":"Manhattan","ada":"0","ada_northbound":"0","ada_southbound":"0","ada_notes":null,":@computed_region_yamh_8v7k":"307",":@computed_region_wbg7_3whc":"653",":@computed_region_kjdx_g34t":"2032"}},
{"type":"Feature","geometry":{"type":"Point","coordinates":[-73.905227,40.85041]},"properties":{":id":"row-pfju-r6qx.2d5y",":version":"rv-32wp_a8h9~w4fs",":created_at":"2026-09-28T04:22:00.524Z",":updated_at":"2026-09-28T04:22:02.228Z","gtfs_stop_id":"D07","station_id":"215","complex_id":"215","division":"IND","line":"Concourse","stop_name":"Tremont Av","borough":"Bx","cbd":"false","daytime_routes":"B D","structure":"Subway","gtfs_latitude":"40.85041","gtfs_longitude":"-73.905227","north_direction_label":"Northbound","south_direction_label":"Manhattan","ada":"1","ada_northbound":"1","ada_southbound":"1","ada_notes":null,":@computed_region_yamh_8v7k":"307",":@computed_region_wbg7_3whc":"653",":@computed_region_kjdx_g34t":"2032"}},
{"type":"Feature","geometry":{"type":"Point","coordinates":[-73.910136,40.8459]},"properties":{":id":"row-syis_rhyk~apmn",":version":"rv-4xr8_xws4_4n4r",":created_at":"2026-09-28T04:22:00.524Z",":updated_at":"2026-09-28T04:22:02.228Z","gtfs_stop_id":"D08","station_id":"216","complex_id":"216","division":"IND","line":"Concourse","stop_name":"174-175 Sts","borough":"Bx","cbd":"false","daytime_routes":"B D","structure":"Subway","gtfs_latitude":"40.8459","gtfs_longitude":"-73.910136","north_direction_label":"Northbound","south_direction_label":"Manhattan","ada":"0","ada_northbound":"0","ada_southbound":"0","ada_notes":null,":@computed_region_yamh_8v7k":"307",":@computed_region_wbg7_3whc":"649",":@computed_region_kjdx_g34t":"2032"}},
{"type":"Feature","geometry":{"type":"Point","coordinates":[-73.9134,40.839306]},"properties":{":id":"row-a6ty~y39d~gpip",":version":"rv-nbp5_d3tr.9uz2",":created_at":"2026-09-28T04:22:00.524Z",":updated_at":"2026-09-28T04:22:02.228Z","gtfs_stop_id":"D09","station_id":"217","complex_id":"217","division":"IND","line":"Concourse","stop_name":"170 St","borough":"Bx","cbd":"false","daytime_routes":"B D","structure":"Subway","gtfs_latitude":"40.839306","gtfs_longitude":"-73.9134","north_direction_label":"Northbound","south_direction_label":"Manhattan","ada":"0","ada_northbound":"0","ada_southbound":"0","ada_notes":null,":@computed_region_yamh_8v7k":"307",":@computed_region_wbg7_3whc":"652",":@computed_region_kjdx_g34t":"2032"}},
{"type":"Feature","geometry":{"type":"Point","coordinates":[-73.91844,40.833771]},"properties":{":id":"row-pnuh~zq7s_pta9",":version":"rv-z7mp.usut-kj9m",":created_at":"2026-09-28T04:22:00.524Z",":updated_at":"2026-09-28T04:22:02.228Z","gtfs_stop_id":"D10","station_id":"218","complex_id":"218","division":"IND","line":"Concourse","stop_name":"167 St","borough":"Bx","cbd":"false","daytime_routes":"B D","structure":"Subway","gtfs_latitude":"40.833771","gtfs_longitude":"-73.91844","north_direction_label":"Northbound","south_direction_label":"Manhattan","ada":"0","ada_northbound":"0","ada_southbound":"0","ada_notes":null,":@computed_region_yamh_8v7k":"307",":@computed_region_wbg7_3whc":"648",":@computed_region_kjdx_g34t":"2032"}},
{"type":"Feature","geometry":{"type":"Point","coordinates":[-73.925651,40.827905]},"properties":{":id":"row-wmgq-34z5~iubk",":version":"rv-4dtz.ey4x-drci",":created_at":"2026-09-28T04:22:00.524Z",":updated_at":"2026-09-28T04:22:02.228Z","gtfs_stop_id":"D11","station_id":"219","complex_id":"604","division":"IND","line":"Concourse","stop_name":"161 St-Yankee Stadium","borough":"Bx","cbd":"false","daytime_routes":"B D","structure":"Subway","gtfs_latitude":"40.827905","gtfs_longitude":"-73.925651","north_direction_label":"Northbound","south_direction_label":"Manhattan","ada":"1","ada_northbound":"1","ada_southbound":"1","ada_notes":null,":@computed_region_yamh_8v7k":"307",":@computed_region_wbg7_3whc":"647",":@computed_region_kjdx_g34t":"2032"}},
{"type":"Feature","geometry":{"type":"Point","coordinates":[-73.938209,40.830135]},"properties":{":id":"row-qm7i_bfzy-3t93",":version":"rv-ad36~b33v.mi4a",":created_at":"2026-09-28T04:22:00.524Z",":updated_at":"2026-09-28T04:22:02.228Z","gtfs_stop_id":"D12","station_id":"220","complex_id":"220","division":"IND","line":"Concourse","stop_name":"155 St","borough":"M","cbd":"false","daytime_routes":"B D","structure":"Subway","gtfs_latitude":"40.830135","gtfs_longitude":"-73.938209","north_direction_label":"The Bronx","south_direction_label":"Downtown","ada":"0","ada_northbound":"0","ada_southbound":"0","ada_notes":null,":@computed_region_yamh_8v7k":"749",":@computed_region_wbg7_3whc":"798",":@computed_region_kjdx_g34t":"2095"}},
{"type":"Feature","geometry":{"type":"Point","coordinates":[-73.942836,40.754203]},"properties":{":id":"row-76ch.ddmt~9r8u",":version":"rv-74w2~cdqg~t7g9",":created_at":"2026-09-28T04:22:00.524Z",":updated_at":"2026-09-28T04:22:02.228Z","gtfs_stop_id":"B04","station_id":"221","complex_id":"221","division":"IND","line":"63rd St","stop_name":"21 St-Queensbridge","borough":"Q","cbd":"false","daytime_routes":"M","structure":"Subway","gtfs_latitude":"40.754203","gtfs_longitude":"-73.942836","north_direction_label":"Outbound","south_direction_label":"Manhattan","ada":"1","ada_northbound":"1","ada_southbound":"1","ada_notes":null,":@computed_region_yamh_8v7k":"196",":@computed_region_wbg7_3whc":"873",":@computed_region_kjdx_g34t":"2137"}},
{"type":"Feature","geometry":{"type":"Point","coordinates":[-73.95326,40.759145]},"properties":{":id":"row-qb55-w99y_sxhx",":version":"rv-j9uk_jpar_baxd",":created_at":"2026-09-28T04:22:00.524Z",":updated_at":"2026-09-28T04:22:02.228Z","gtfs_stop_id":"B06","station_id":"222","complex_id":"222","division":"IND","line":"63rd St","stop_name":"Roosevelt Island","borough":"M","cbd":"false","daytime_routes":"M","structure":"Subway","gtfs_latitude":"40.759145","gtfs_longitude":"-73.95326","north_direction_label":"Queens","south_direction_label":"Downtown","ada":"1","ada_northbound":"1","ada_southbound":"1","ada_notes":null,":@computed_region_yamh_8v7k":"749",":@computed_region_wbg7_3whc":"800",":@computed_region_kjdx_g34t":"2095"}},
{"type":"Feature","geometry":{"type":"Point","coordinates":[-73.966113,40.764629]},"properties":{":id":"row-2ddd~re42.93j4",":version":"rv-vwn5.hbde~ekb8",":created_at":"2026-09-28T04:22:00.524Z",":updated_at":"2026-09-28T04:22:02.228Z","gtfs_stop_id":"B08","station_id":"223","complex_id":"223","division":"IND","line":"63rd St","stop_name":"Lexington Av/63 St","borough":"M","cbd":"false","daytime_routes":"M Q","structure":"Subway","gtfs_latitude":"40.764629","gtfs_longitude":"-73.966113","north_direction_label":"Uptown & Queens","south_direction_label":"Downtown","ada":"1","ada_northbound":"1","ada_southbound":"1","ada_notes":null,":@computed_region_yamh_8v7k":"749",":@computed_region_wbg7_3whc":null,":@computed_region_kjdx_g34t":"2095"}},
{"type":"Feature","geometry":{"type":"Point","coordinates":[-73.97745,40.763972]},"properties":{":id":"row-acmj.n8db~sgqy",":version":"rv-ju2s.d2k4-x8x3",":created_at":"2026-09-28T04:22:00.524Z",":updated_at":"2026-09-28T04:22:02.228Z","gtfs_stop_id":"B10","station_id":"224","complex_id":"224","division":"IND","line":"6th Av - Culver","stop_name":"57 St","borough":"M","cbd":"true","daytime_routes":"M","structure":"Subway","gtfs_latitude":"40.763972","gtfs_longitude":"-73.97745","north_direction_label":"Uptown","south_direction_label":"Downtown","ada":"1","ada_northbound":"1","ada_southbound":"1","ada_notes":null,":@computed_region_yamh_8v7k":"749",":@computed_region_wbg7_3whc":"742",":@computed_region_kjdx_g34t":"2095"}},
{"type":"Feature","geometry":{"type":"Point","coordinates":[-73.981329,40.758663]},"properties":{":id":"row-7afc_ibpn~wis9",":version":"rv-srcv~926x.7vuj",":created_at":"2026-09-28T04:22:00.524Z",":updated_at":"2026-09-28T04:22:02.228Z","gtfs_stop_id":"D15","station_id":"225","complex_id":"225","division":"IND","line":"6th Av - Culver","stop_name":"47-50 Sts-Rockefeller Ctr","borough":"M","cbd":"true","daytime_routes":"B D F M","structure":"Subway","gtfs_latitude":"40.758663","gtfs_longitude":"-73.981329","north_direction_label":"Uptown","south_direction_label":"Downtown","ada":"1","ada_northbound":"1","ada_southbound":"1","ada_notes":null,":@computed_region_yamh_8v7k":"749",":@computed_region_wbg7_3whc":"743",":@computed_region_kjdx_g34t":"2095"}},
{"type":"Feature","geometry":{"type":"Point","coordinates":[-73.984569,40.754222]},"properties":{":id":"row-t2en.sdvd~izs7",":version":"rv-hcvz_xjfy-shr6",":created_at":"2026-09-28T04:22:00.524Z",":updated_at":"2026-09-28T04:22:02.228Z","gtfs_stop_id":"D16","station_id":"226","complex_id":"609","division":"IND","line":"6th Av - Culver","stop_name":"42 St-Bryant Pk","borough":"M","cbd":"true","daytime_routes":"B D F M","structure":"Subway","gtfs_latitude":"40.754222","gtfs_longitude":"-73.984569","north_direction_label":"Uptown","south_direction_label":"Downtown","ada":"0","ada_northbound":"0","ada_southbound":"0","ada_notes":null,":@computed_region_yamh_8v7k":"749",":@computed_region_wbg7_3whc":"795",":@computed_region_kjdx_g34t":"2095"}},
{"type":"Feature","geometry":{"type":"Point","coordinates":[-73.987823,40.749719]},"properties":{":id":"row-zpur-8svt-kqgp",":version":"rv-39kw.52rn_nqpw",":created_at":"2026-09-28T04:22:00.524Z",":updated_at":"2026-09-28T04:22:02.228Z","gtfs_stop_id":"D17","station_id":"227","complex_id":"607","division":"IND","line":"6th Av - Culver","stop_name":"34 St-Herald Sq","borough":"M","cbd":"true","daytime_routes":"B D F M","structure":"Subway","gtfs_latitude":"40.749719","gtfs_longitude":"-73.987823","north_direction_label":"Uptown","south_direction_label":"Downtown","ada":"1","ada_northbound":"1","ada_southbound":"1","ada_notes":null,":@computed_region_yamh_8v7k":"749",":@computed_region_wbg7_3whc":"717",":@computed_region_kjdx_g34t":"2095"}},
{"type":"Feature","geometry":{"type":"Point","coordinates":[-73.992821,40.742878]},"properties":{":id":"row-radr_vn6f_32cf",":version":"rv-ctvp.atq6-avnk",":created_at":"2026-09-28T04:22:00.524Z",":updated_at":"2026-09-28T04:22:02.228Z","gtfs_stop_id":"D18","station_id":"228","complex_id":"228","division":"IND","line":"6th Av - Culver","stop_name":"23 St","borough":"M","cbd":"true","daytime_routes":"F M","structure":"Subway","gtfs_latitude":"40.742878","gtfs_longitude":"-73.992821","north_direction_label":"Uptown","south_direction_label":"Downtown","ada":"0","ada_northbound":"0","ada_southbound":"0","ada_notes":null,":@computed_region_yamh_8v7k":"749",":@computed_region_wbg7_3whc":"734",":@computed_region_kjdx_g34t":"2095"}},
{"type":"Feature","geometry":{"type":"Point","coordinates":[-73.996209,40.738228]},"properties":{":id":"row-qhkm-vxxx_fmxv",":version":"rv-ndgf.ru3n-x4yq",":created_at":"2026-09-28T04:22:00.524Z",":updated_at":"2026-09-28T04:22:02.228Z","gtfs_stop_id":"D19","station_id":"229","complex_id":"601","division":"IND","line":"6th Av - Culver","stop_name":"14 St","borough":"M","cbd":"true","daytime_routes":"F M","structure":"Subway","gtfs_latitude":"40.738228","gtfs_longitude":"-73.996209","north_direction_label":"Uptown","south_direction_label":"Downtown","ada":"1","ada_northbound":"1","ada_southbound":"1","ada_notes":null,":@computed_region_yamh_8v7k":"749",":@computed_region_wbg7_3whc":"735",":@computed_region_kjdx_g34t":"2095"}},
{"type":"Feature","geometry":{"type":"Point","coordinates":[-73.996204,40.725297]},"properties":{":id":"row-u6gu-fqxr-sj4g",":version":"rv-3xee-u8b4-wvgq",":created_at":"2026-09-28T04:22:00.524Z",":updated_at":"2026-09-28T04:22:02.228Z","gtfs_stop_id":"D21","station_id":"230","complex_id":"619","division":"IND","line":"6th Av - Culver","stop_name":"Broadway-Lafayette St","borough":"M","cbd":"true","daytime_routes":"B D F M","structure":"Subway","gtfs_latitude":"40.725297","gtfs_longitude":"-73.996204","north_direction_label":"Uptown","south_direction_label":"Downtown","ada":"1","ada_northbound":"1","ada_southbound":"1","ada_notes":null,":@computed_region_yamh_8v7k":"749",":@computed_region_wbg7_3whc":"736",":@computed_region_kjdx_g34t":"2095"}},
{"type":"Feature","geometry":{"type":"Point","coordinates":[-73.993753,40.718267]},"properties":{":id":"row-25ie-8u2i-7fyi",":version":"rv-z3uv.4cgr_ynzd",":created_at":"2026-09-28T04:22:00.524Z",":updated_at":"2026-09-28T04:22:02.228Z","gtfs_stop_id":"D22","station_id":"231","complex_id":"231","division":"IND","line":"6th Av - Culver","stop_name":"Grand St","borough":"M","cbd":"true","daytime_routes":"B D","structure":"Subway","gtfs_latitude":"40.718267","gtfs_longitude":"-73.993753","north_direction_label":"Uptown","south_direction_label":"Brooklyn","ada":"0","ada_northbound":"0","ada_southbound":"0","ada_notes":null,":@computed_region_yamh_8v7k":"749",":@computed_region_wbg7_3whc":"718",":@computed_region_kjdx_g34t":"2095"}},
{"type":"Feature","geometry":{"type":"Point","coordinates":[-73.989938,40.723402]},"properties":{":id":"row-nfs2~5r45.mzfb",":version":"rv-p25h-j22w_4daw",":created_at":"2026-09-28T04:22:00.524Z",":updated_at":"2026-09-28T04:22:02.228Z","gtfs_stop_id":"F14","station_id":"232","complex_id":"232","division":"IND","line":"6th Av - Culver","stop_name":"2 Av","borough":"M","cbd":"true","daytime_routes":"F","structure":"Subway","gtfs_latitude":"40.723402","gtfs_longitude":"-73.989938","north_direction_label":"Uptown","south_direction_label":"Downtown","ada":"0","ada_northbound":"0","ada_southbound":"0","ada_notes":null,":@computed_region_yamh_8v7k":"749",":@computed_region_wbg7_3whc":"719",":@computed_region_kjdx_g34t":"2095"}},
{"type":"Feature","geometry":{"type":"Point","coordinates":[-73.988114,40.718611]},"properties":{":id":"row-j4ri~hvv5.64a7",":version":"rv-cd9c.7qwz.hsjm",":created_at":"2026-09-28T04:22:00.524Z",":updated_at":"2026-09-28T04:22:02.228Z","gtfs_stop_id":"F15","station_id":"233","complex_id":"625","division":"IND","line":"6th Av - Culver","stop_name":"Delancey St-Essex St","borough":"M","cbd":"true","daytime_routes":"F","structure":"Subway","gtfs_latitude":"40.718611","gtfs_longitude":"-73.988114","north_direction_label":"Uptown","south_direction_label":"Brooklyn","ada":"0","ada_northbound":"0","ada_southbound":"0","ada_notes":null,":@computed_region_yamh_8v7k":"749",":@computed_region_wbg7_3whc":"718",":@computed_region_kjdx_g34t":"2095"}},
{"type":"Feature","geometry":{"type":"Point","coordinates":[-73.990173,40.713715]},"properties":{":id":"row-igsw~2gfz~6qyd",":version":"rv-n3zh-xrqb-2c8q",":created_at":"2026-09-28T04:22:00.524Z",":updated_at":"2026-09-28T04:22:02.228Z","gtfs_stop_id":"F16","station_id":"234","complex_id":"234","division":"IND","line":"6th Av - Culver","stop_name":"East Broadway","borough":"M","cbd":"true","daytime_routes":"F","structure":"Subway","gtfs_latitude":"40.713715","gtfs_longitude":"-73.990173","north_direction_label":"Uptown","south_direction_label":"Brooklyn","ada":"0","ada_northbound":"0","ada_southbound":"0","ada_notes":null,":@computed_region_yamh_8v7k":"749",":@computed_region_wbg7_3whc":"718",":@computed_region_kjdx_g34t":"2095"}},
{"type":"Feature","geometry":{"type":"Point","coordinates":[-73.986751,40.701397]},"properties":{":id":"row-uezz-qhpu.wwcx",":version":"rv-fx23~fxqs-gwix",":created_at":"2026-09-28T04:22:00.524Z",":updated_at":"2026-09-28T04:22:02.228Z","gtfs_stop_id":"F18","station_id":"235","complex_id":"235","division":"IND","line":"6th Av - Culver","stop_name":"York St","borough":"Bk","cbd":"false","daytime_routes":"F","structure":"Subway","gtfs_latitude":"40.701397","gtfs_longitude":"-73.986751","north_direction_label":"Manhattan","south_direction_label":"Southbound","ada":"0","ada_northbound":"0","ada_southbound":"0","ada_notes":null,":@computed_region_yamh_8v7k":"894",":@computed_region_wbg7_3whc":"880",":@computed_region_kjdx_g34t":"2095"}},
{"type":"Feature","geometry":{"type":"Point","coordinates":[-73.990862,40.686145]},"properties":{":id":"row-9dwz.rc8m-u8jk",":version":"rv-y4rt-6dn9-x334",":created_at":"2026-09-28T04:22:00.524Z",":updated_at":"2026-09-28T04:22:02.228Z","gtfs_stop_id":"F20","station_id":"236","complex_id":"236","division":"IND","line":"6th Av - Culver","stop_name":"Bergen St","borough":"Bk","cbd":"false","daytime_routes":"F G","structure":"Subway","gtfs_latitude":"40.686145","gtfs_longitude":"-73.990862","north_direction_label":"Northbound","south_direction_label":"Southbound","ada":"0","ada_northbound":"0","ada_southbound":"0","ada_notes":null,":@computed_region_yamh_8v7k":"894",":@computed_region_wbg7_3whc":"880",":@computed_region_kjdx_g34t":"2090"}},
{"type":"Feature","geometry":{"type":"Point","coordinates":[-73.995048,40.680303]},"properties":{":id":"row-d97j~9kgq_j2vb",":version":"rv-x6j2.yyha-3yt2",":created_at":"2026-09-28T04:22:00.524Z",":updated_at":"2026-09-28T04:22:02.228Z","gtfs_stop_id":"F21","station_id":"237","complex_id":"237","division":"IND","line":"6th Av - Culver","stop_name":"Carroll St","borough":"Bk","cbd":"false","daytime_routes":"F G","structure":"Subway","gtfs_latitude":"40.680303","gtfs_longitude":"-73.995048","north_direction_label":"Northbound","south_direction_label":"Southbound","ada":"0","ada_northbound":"0","ada_southbound":"0","ada_notes":null,":@computed_region_yamh_8v7k":"894",":@computed_region_wbg7_3whc":"814",":@computed_region_kjdx_g34t":"2090"}},
{"type":"Feature","geometry":{"type":"Point","coordinates":[-73.995959,40.67358]},"properties":{":id":"row-h7rb.8ctq.ge2a",":version":"rv-6k7z~j4y4~xiwm",":created_at":"2026-09-28T04:22:00.524Z",":updated_at":"2026-09-28T04:22:02.228Z","gtfs_stop_id":"F22","station_id":"238","complex_id":"238","division":"IND","line":"6th Av - Culver","stop_name":"Smith-9 Sts","borough":"Bk","cbd":"false","daytime_routes":"F G","structure":"Viaduct","gtfs_latitude":"40.67358","gtfs_longitude":"-73.995959","north_direction_label":"Northbound","south_direction_label":"Southbound","ada":"0","ada_northbound":"0","ada_southbound":"0","ada_notes":null,":@computed_region_yamh_8v7k":"894",":@computed_region_wbg7_3whc":"893",":@computed_region_kjdx_g34t":"2090"}},
{"type":"Feature","geometry":{"type":"Point","coordinates":[-73.989779,40.670272]},"properties":{":id":"row-vvnm.k3ua-4t4c",":version":"rv-tyzd~h2iu-7se9",":created_at":"2026-09-28T04:22:00.524Z",":updated_at":"2026-09-28T04:22:02.228Z","gtfs_stop_id":"F23","station_id":"239","complex_id":"608","division":"IND","line":"6th Av - Culver","stop_name":"4 Av-9 St","borough":"Bk","cbd":"false","daytime_routes":"F G","structure":"Viaduct","gtfs_latitude":"40.670272","gtfs_longitude":"-73.989779","north_direction_label":"Northbound","south_direction_label":"Southbound","ada":"0","ada_northbound":"0","ada_southbound":"0","ada_notes":null,":@computed_region_yamh_8v7k":"894",":@computed_region_wbg7_3whc":"893",":@computed_region_kjdx_g34t":"2090"}},
{"type":"Feature","geometry":{"type":"Point","coordinates":[-73.980305,40.666271]},"properties":{":id":"row-jgy6~qcse-yngn",":version":"rv-46k4_m8gi-uqqt",":created_at":"2026-09-28T04:22:00.524Z",":updated_at":"2026-09-28T04:22:02.228Z","gtfs_stop_id":"F24","station_id":"240","complex_id":"240","division":"IND","line":"6th Av - Culver","stop_name":"7 Av","borough":"Bk","cbd":"false","daytime_routes":"F G","structure":"Subway","gtfs_latitude":"40.666271","gtfs_longitude":"-73.980305","north_direction_label":"Northbound","south_direction_label":"Southbound","ada":"1","ada_northbound":"1","ada_southbound":"1","ada_notes":null,":@computed_region_yamh_8v7k":"894",":@computed_region_wbg7_3whc":"893",":@computed_region_kjdx_g34t":"2090"}},
{"type":"Feature","geometry":{"type":"Point","coordinates":[-73.979493,40.660365]},"properties":{":id":"row-ahzn.kymr.kkrm",":version":"rv-tfu5_c977~7vfb",":created_at":"2026-09-28T04:22:00.524Z",":updated_at":"2026-09-28T04:22:02.228Z","gtfs_stop_id":"F25","station_id":"241","complex_id":"241","division":"IND","line":"6th Av - Culver","stop_name":"15 St-Prospect Park","borough":"Bk","cbd":"false","daytime_routes":"F G","structure":"Subway","gtfs_latitude":"40.660365","gtfs_longitude":"-73.979493","north_direction_label":"Northbound","south_direction_label":"Southbound","ada":"0","ada_northbound":"0","ada_southbound":"0","ada_notes":null,":@computed_region_yamh_8v7k":"894",":@computed_region_wbg7_3whc":"893",":@computed_region_kjdx_g34t":"2090"}},
{"type":"Feature","geometry":{"type":"Point","coordinates":[-73.975776,40.650782]},"properties":{":id":"row-fb4q_ai7y_yphk",":version":"rv-zru7-xu3b~mqz6",":created_at":"2026-09-28T04:22:00.524Z",":updated_at":"2026-09-28T04:22:02.228Z","gtfs_stop_id":"F26","station_id":"242","complex_id":"242","division":"IND","line":"6th Av - Culver","stop_name":"Fort Hamilton Pkwy","borough":"Bk","cbd":"false","daytime_routes":"F G","structure":"Subway","gtfs_latitude":"40.650782","gtfs_longitude":"-73.975776","north_direction_label":"Northbound","south_direction_label":"Southbound","ada":"0","ada_northbound":"0","ada_southbound":"0","ada_notes":null,":@computed_region_yamh_8v7k":"894",":@computed_region_wbg7_3whc":"896",":@computed_region_kjdx_g34t":"2090"}},
{"type":"Feature","geometry":{"type":"Point","coordinates":[-73.979678,40.644041]},"properties":{":id":"row-p9wx_gmsu.krwh",":version":"rv-fjc9-sk42_fgcm",":created_at":"2026-09-28T04:22:00.524Z",":updated_at":"2026-09-28T04:22:02.228Z","gtfs_stop_id":"F27","station_id":"243","complex_id":"243","division":"IND","line":"6th Av - Culver","stop_name":"Church Av","borough":"Bk","cbd":"false","daytime_routes":"F G","structure":"Subway","gtfs_latitude":"40.644041","gtfs_longitude":"-73.979678","north_direction_label":"Northbound","south_direction_label":"Southbound","ada":"1","ada_northbound":"1","ada_southbound":"1","ada_notes":null,":@computed_region_yamh_8v7k":"894",":@computed_region_wbg7_3whc":"896",":@computed_region_kjdx_g34t":"2090"}},
{"type":"Feature","geometry":{"type":"Point","coordinates":[-73.978172,40.636119]},"properties":{":id":"row-zbnk-4a47_kx86",":version":"rv-9uxw-ac9c-jk5q",":created_at":"2026-09-28T04:22:00.524Z",":updated_at":"2026-09-28T04:22:02.228Z","gtfs_stop_id":"F29","station_id":"244","complex_id":"244","division":"IND","line":"6th Av - Culver","stop_name":"Ditmas Av","borough":"Bk","cbd":"false","daytime_routes":"F","structure":"Elevated","gtfs_latitude":"40.636119","gtfs_longitude":"-73.978172","north_direction_label":"Manhattan","south_direction_label":"Southbound","ada":"0","ada_northbound":"0","ada_southbound":"0","ada_notes":null,":@computed_region_yamh_8v7k":"894",":@computed_region_wbg7_3whc":"896",":@computed_region_kjdx_g34t":"2090"}},
{"type":"Feature","geometry":{"type":"Point","coordinates":[-73.976971,40.629755]},"properties":{":id":"row-ejkx-fwx2.2tpx",":version":"rv-83yn_nx86-4nys",":created_at":"2026-09-28T04:22:00.524Z",":updated_at":"2026-09-28T04:22:02.228Z","gtfs_stop_id":"F30","station_id":"245","complex_id":"245","division":"IND","line":"6th Av - Culver","stop_name":"18 Av","borough":"Bk","cbd":"false","daytime_routes":"F","structure":"Elevated","gtfs_latitude":"40.629755","gtfs_longitude":"-73.976971","north_direction_label":"Manhattan","south_direction_label":"Southbound","ada":"0","ada_northbound":"0","ada_southbound":"0","ada_notes":null,":@computed_region_yamh_8v7k":"894",":@computed_region_wbg7_3whc":"813",":@computed_region_kjdx_g34t":"2090"}},
{"type":"Feature","geometry":{"type":"Point","coordinates":[-73.976127,40.625322]},"properties":{":id":"row-pjcm_aiej~dmha",":version":"rv-jmn5~kefj-taim",":created_at":"2026-09-28T04:22:00.524Z",":updated_at":"2026-09-28T04:22:02.228Z","gtfs_stop_id":"F31","station_id":"246","complex_id":"246","division":"IND","line":"6th Av - Culver","stop_name":"Avenue I","borough":"Bk","cbd":"false","daytime_routes":"F","structure":"Elevated","gtfs_latitude":"40.625322","gtfs_longitude":"-73.976127","north_direction_label":"Manhattan","south_direction_label":"Southbound","ada":"0","ada_northbound":"0","ada_southbound":"0","ada_notes":null,":@computed_region_yamh_8v7k":"894",":@computed_region_wbg7_3whc":"813",":@computed_region_kjdx_g34t":"2090"}},
{"type":"Feature","geometry":{"type":"Point","coordinates":[-73.975264,40.620769]},"properties":{":id":"row-7w9e.gnxs_687r",":version":"rv-u3ak-2tap~spbh",":created_at":"2026-09-28T04:22:00.524Z",":updated_at":"2026-09-28T04:22:02.228Z","gtfs_stop_id":"F32","station_id":"247","complex_id":"247","division":"IND","line":"6th Av - Culver","stop_name":"Bay Pkwy","borough":"Bk","cbd":"false","daytime_routes":"F","structure":"Elevated","gtfs_latitude":"40.620769","gtfs_longitude":"-73.975264","north_direction_label":"Manhattan","south_direction_label":"Southbound","ada":"0","ada_northbound":"0","ada_southbound":"0","ada_notes":null,":@computed_region_yamh_8v7k":"894",":@computed_region_wbg7_3whc":"813",":@computed_region_kjdx_g34t":"2090"}},
{"type":"Feature","geometry":{"type":"Point","coordinates":[-73.974197,40.61514]},"properties":{":id":"row-vpug_waq4-usjt",":version":"rv-jn2s.fwbc_4qd7",":created_at":"2026-09-28T04:22:00.524Z",":updated_at":"2026-09-28T04:22:02.228Z","gtfs_stop_id":"F33","station_id":"248","complex_id":"248","division":"IND","line":"6th Av - Culver","stop_name":"Avenue N","borough":"Bk","cbd":"false","daytime_routes":"F","structure":"Elevated","gtfs_latitude":"40.61514","gtfs_longitude":"-73.974197","north_direction_label":"Manhattan","south_direction_label":"Southbound","ada":"0","ada_northbound":"0","ada_southbound":"0","ada_notes":null,":@computed_region_yamh_8v7k":"894",":@computed_region_wbg7_3whc":"813",":@computed_region_kjdx_g34t":"2090"}},
{"type":"Feature","geometry":{"type":"Point","coordinates":[-73.973022,40.608944]},"properties":{":id":"row-jqgp_rxsi-3fvw",":version":"rv-6ybw~gimf.2w69",":created_at":"2026-09-28T04:22:00.524Z",":updated_at":"2026-09-28T04:22:02.228Z","gtfs_stop_id":"F34","station_id":"249","complex_id":"249","division":"IND","line":"6th Av - Culver","stop_name":"Avenue P","borough":"Bk","cbd":"false","daytime_routes":"F","structure":"Elevated","gtfs_latitude":"40.608944","gtfs_longitude":"-73.973022","north_direction_label":"Manhattan","south_direction_label":"Southbound","ada":"0","ada_northbound":"0","ada_southbound":"0","ada_notes":null,":@computed_region_yamh_8v7k":"894",":@computed_region_wbg7_3whc":"882",":@computed_region_kjdx_g34t":"2090"}},
{"type":"Feature","geometry":{"type":"Point","coordinates":[-73.972361,40.603217]},"properties":{":id":"row-ijbk.893n-xjau",":version":"rv-nccr_xg85-p8du",":created_at":"2026-09-28T04:22:00.524Z",":updated_at":"2026-09-28T04:22:02.228Z","gtfs_stop_id":"F35","station_id":"250","complex_id":"250","division":"IND","line":"6th Av - Culver","stop_name":"Kings Hwy","borough":"Bk","cbd":"false","daytime_routes":"F","structure":"Elevated","gtfs_latitude":"40.603217","gtfs_longitude":"-73.972361","north_direction_label":"Manhattan","south_direction_label":"Southbound","ada":"1","ada_northbound":"1","ada_southbound":"1","ada_notes":null,":@computed_region_yamh_8v7k":"894",":@computed_region_wbg7_3whc":"902",":@computed_region_kjdx_g34t":"2090"}},
{"type":"Feature","geometry":{"type":"Point","coordinates":[-73.973357,40.596063]},"properties":{":id":"row-erwu-gjkd-kgnz",":version":"rv-z2nt-dgik_zky4",":created_at":"2026-09-28T04:22:00.524Z",":updated_at":"2026-09-28T04:22:02.228Z","gtfs_stop_id":"F36","station_id":"251","complex_id":"251","division":"IND","line":"6th Av - Culver","stop_name":"Avenue U","borough":"Bk","cbd":"false","daytime_routes":"F","structure":"Elevated","gtfs_latitude":"40.596063","gtfs_longitude":"-73.973357","north_direction_label":"Manhattan","south_direction_label":"Coney Island","ada":"0","ada_northbound":"0","ada_southbound":"0","ada_notes":null,":@computed_region_yamh_8v7k":"894",":@computed_region_wbg7_3whc":"902",":@computed_region_kjdx_g34t":"2090"}},
{"type":"Feature","geometry":{"type":"Point","coordinates":[-73.97425,40.58962]},"properties":{":id":"row-er63.3kmt.zmez",":version":"rv-5y5e.zpzn-yruc",":created_at":"2026-09-28T04:22:00.524Z",":updated_at":"2026-09-28T04:22:02.228Z","gtfs_stop_id":"F38","station_id":"252","complex_id":"252","division":"IND","line":"6th Av - Culver","stop_name":"Avenue X","borough":"Bk","cbd":"false","daytime_routes":"F","structure":"Elevated","gtfs_latitude":"40.58962","gtfs_longitude":"-73.97425","north_direction_label":"Manhattan","south_direction_label":"Coney Island","ada":"0","ada_northbound":"0","ada_southbound":"0","ada_notes":null,":@computed_region_yamh_8v7k":"894",":@computed_region_wbg7_3whc":"902",":@computed_region_kjdx_g34t":"2090"}},
{"type":"Feature","geometry":{"type":"Point","coordinates":[-73.974574,40.581011]},"properties":{":id":"row-zdnt.sce6.6i89",":version":"rv-c46x-fqic~aj32",":created_at":"2026-09-28T04:22:00.524Z",":updated_at":"2026-09-28T04:22:02.228Z","gtfs_stop_id":"F39","station_id":"253","complex_id":"253","division":"IND","line":"6th Av - Culver","stop_name":"Neptune Av","borough":"Bk","cbd":"false","daytime_routes":"F","structure":"Elevated","gtfs_latitude":"40.581011","gtfs_longitude":"-73.974574","north_direction_label":"Manhattan","south_direction_label":"Coney Island","ada":"0","ada_northbound":"0","ada_southbound":"0","ada_notes":null,":@computed_region_yamh_8v7k":"894",":@computed_region_wbg7_3whc":"903",":@computed_region_kjdx_g34t":"2090"}},
{"type":"Feature","geometry":{"type":"Point","coordinates":[-73.783817,40.712646]},"properties":{":id":"row-pv33~9y5f~sgjj",":version":"rv-j9hx-257r_wtca",":created_at":"2026-09-28T04:22:00.524Z",":updated_at":"2026-09-28T04:22:02.228Z","gtfs_stop_id":"F01","station_id":"254","complex_id":"254","division":"IND","line":"Queens Blvd","stop_name":"Jamaica-179 St","borough":"Q","cbd":"false","daytime_routes":"F","structure":"Subway","gtfs_latitude":"40.712646","gtfs_longitude":"-73.783817","north_direction_label":"Last Stop","south_direction_label":"Manhattan","ada":"1","ada_northbound":"1","ada_southbound":"1","ada_notes":null,":@computed_region_yamh_8v7k":"196",":@computed_region_wbg7_3whc":"1216",":@computed_region_kjdx_g34t":"2137"}},
{"type":"Feature","geometry":{"type":"Point","coordinates":[-73.793604,40.71047]},"properties":{":id":"row-9fsd~qkt6_khuh",":version":"rv-89c8_njt6.brje",":created_at":"2026-09-28T04:22:00.524Z",":updated_at":"2026-09-28T04:22:02.228Z","gtfs_stop_id":"F02","station_id":"255","complex_id":"255","division":"IND","line":"Queens Blvd","stop_name":"169 St","borough":"Q","cbd":"false","daytime_routes":"F","structure":"Subway","gtfs_latitude":"40.71047","gtfs_longitude":"-73.793604","north_direction_label":"Jamaica","south_direction_label":"Manhattan","ada":"0","ada_northbound":"0","ada_southbound":"0","ada_notes":null,":@computed_region_yamh_8v7k":"196",":@computed_region_wbg7_3whc":"1216",":@computed_region_kjdx_g34t":"2137"}},
{"type":"Feature","geometry":{"type":"Point","coordinates":[-73.803326,40.707564]},"properties":{":id":"row-jmw9_d3kq~zafz",":version":"rv-e22q-k6ic.c8a2",":created_at":"2026-09-28T04:22:00.524Z",":updated_at":"2026-09-28T04:22:02.228Z","gtfs_stop_id":"F03","station_id":"256","complex_id":"256","division":"IND","line":"Queens Blvd","stop_name":"Parsons Blvd","borough":"Q","cbd":"false","daytime_routes":"F","structure":"Subway","gtfs_latitude":"40.707564","gtfs_longitude":"-73.803326","north_direction_label":"Jamaica","south_direction_label":"Manhattan","ada":"0","ada_northbound":"0","ada_southbound":"0","ada_notes":null,":@computed_region_yamh_8v7k":"196",":@computed_region_wbg7_3whc":"1216",":@computed_region_kjdx_g34t":"2137"}},
{"type":"Feature","geometry":{"type":"Point","coordinates":[-73.810708,40.70546]},"properties":{":id":"row-dg9q.ycn7~i25a",":version":"rv-vgbv-nchn-qq48",":created_at":"2026-09-28T04:22:00.524Z",":updated_at":"2026-09-28T04:22:02.228Z","gtfs_stop_id":"F04","station_id":"257","complex_id":"257","division":"IND","line":"Queens Blvd","stop_name":"Sutphin Blvd","borough":"Q","cbd":"false","daytime_routes":"F","structure":"Subway","gtfs_latitude":"40.70546","gtfs_longitude":"-73.810708","north_direction_label":"Jamaica","south_direction_label":"Manhattan","ada":"0","ada_northbound":"0","ada_southbound":"0","ada_notes":null,":@computed_region_yamh_8v7k":"196",":@computed_region_wbg7_3whc":"1262",":@computed_region_kjdx_g34t":"2137"}},
{"type":"Feature","geometry":{"type":"Point","coordinates":[-73.820574,40.709179]},"properties":{":id":"row-it2i-6wrs~s6ve",":version":"rv-9r5s.z4r9_re5c",":created_at":"2026-09-28T04:22:00.524Z",":updated_at":"2026-09-28T04:22:02.228Z","gtfs_stop_id":"F05","station_id":"258","complex_id":"258","division":"IND","line":"Queens Blvd","stop_name":"Briarwood","borough":"Q","cbd":"false","daytime_routes":"E F","structure":"Subway","gtfs_latitude":"40.709179","gtfs_longitude":"-73.820574","north_direction_label":"Jamaica","south_direction_label":"Manhattan","ada":"0","ada_northbound":"0","ada_southbound":"0","ada_notes":null,":@computed_region_yamh_8v7k":"196",":@computed_region_wbg7_3whc":"1162",":@computed_region_kjdx_g34t":"2137"}},
{"type":"Feature","geometry":{"type":"Point","coordinates":[-73.831008,40.714441]},"properties":{":id":"row-67nq_ehbf~m6qb",":version":"rv-udms-yump~hi9f",":created_at":"2026-09-28T04:22:00.524Z",":updated_at":"2026-09-28T04:22:02.228Z","gtfs_stop_id":"F06","station_id":"259","complex_id":"259","division":"IND","line":"Queens Blvd","stop_name":"Kew Gardens-Union Tpke","borough":"Q","cbd":"false","daytime_routes":"E F","structure":"Subway","gtfs_latitude":"40.714441","gtfs_longitude":"-73.831008","north_direction_label":"Jamaica","south_direction_label":"Manhattan","ada":"1","ada_northbound":"1","ada_southbound":"1","ada_notes":null,":@computed_region_yamh_8v7k":"196",":@computed_region_wbg7_3whc":"845",":@computed_region_kjdx_g34t":"2137"}},
{"type":"Feature","geometry":{"type":"Point","coordinates":[-73.837324,40.718331]},"properties":{":id":"row-ufht_m3pi_txx6",":version":"rv-nr3a.htrz-wa92",":created_at":"2026-09-28T04:22:00.524Z",":updated_at":"2026-09-28T04:22:02.228Z","gtfs_stop_id":"F07","station_id":"260","complex_id":"260","division":"IND","line":"Queens Blvd","stop_name":"75 Av","borough":"Q","cbd":"false","daytime_routes":"E F","structure":"Subway","gtfs_latitude":"40.718331","gtfs_longitude":"-73.837324","north_direction_label":"Jamaica","south_direction_label":"Manhattan","ada":"0","ada_northbound":"0","ada_southbound":"0","ada_notes":null,":@computed_region_yamh_8v7k":"196",":@computed_region_wbg7_3whc":"845",":@computed_region_kjdx_g34t":"2137"}},
{"type":"Feature","geometry":{"type":"Point","coordinates":[-73.844521,40.721691]},"properties":{":id":"row-xm3n~cev6-3cer",":version":"rv-wf7s_r3db.2uww",":created_at":"2026-09-28T04:22:00.524Z",":updated_at":"2026-09-28T04:22:02.228Z","gtfs_stop_id":"G08","station_id":"261","complex_id":"261","division":"IND","line":"Queens Blvd","stop_name":"Forest Hills-71 Av","borough":"Q","cbd":"false","daytime_routes":"E F M R","structure":"Subway","gtfs_latitude":"40.721691","gtfs_longitude":"-73.844521","north_direction_label":"Outbound","south_direction_label":"Manhattan","ada":"1","ada_northbound":"1","ada_southbound":"1","ada_notes":null,":@computed_region_yamh_8v7k":"196",":@computed_region_wbg7_3whc":"845",":@computed_region_kjdx_g34t":"2137"}},
{"type":"Feature","geometry":{"type":"Point","coordinates":[-73.852719,40.726523]},"properties":{":id":"row-u2j3.vzh9.5nrz",":version":"rv-xhe3-dzw5-vq9r",":created_at":"2026-09-28T04:22:00.524Z",":updated_at":"2026-09-28T04:22:02.228Z","gtfs_stop_id":"G09","station_id":"262","complex_id":"262","division":"IND","line":"Queens Blvd","stop_name":"67 Av","borough":"Q","cbd":"false","daytime_routes":"M R","structure":"Subway","gtfs_latitude":"40.726523","gtfs_longitude":"-73.852719","north_direction_label":"Outbound","south_direction_label":"Manhattan","ada":"0","ada_northbound":"0","ada_southbound":"0","ada_notes":null,":@computed_region_yamh_8v7k":"196",":@computed_region_wbg7_3whc":"845",":@computed_region_kjdx_g34t":"2137"}},
{"type":"Feature","geometry":{"type":"Point","coordinates":[-73.861604,40.729846]},"properties":{":id":"row-j92j~frrv_dkij",":version":"rv-3m8k_ryyz-syki",":created_at":"2026-09-28T04:22:00.524Z",":updated_at":"2026-09-28T04:22:02.228Z","gtfs_stop_id":"G10","station_id":"263","complex_id":"263","division":"IND","line":"Queens Blvd","stop_name":"63 Dr-Rego Park","borough":"Q","cbd":"false","daytime_routes":"M R","structure":"Subway","gtfs_latitude":"40.729846","gtfs_longitude":"-73.861604","north_direction_label":"Outbound","south_direction_label":"Manhattan","ada":"0","ada_northbound":"0","ada_southbound":"0","ada_notes":null,":@computed_region_yamh_8v7k":"196",":@computed_region_wbg7_3whc":"844",":@computed_region_kjdx_g34t":"2137"}},
{"type":"Feature","geometry":{"type":"Point","coordinates":[-73.869229,40.733106]},"properties":{":id":"row-zfrh~h8wb_4zhf",":version":"rv-sqfv_hdsa~cx8f",":created_at":"2026-09-28T04:22:00.524Z",":updated_at":"2026-09-28T04:22:02.228Z","gtfs_stop_id":"G11","station_id":"264","complex_id":"264","division":"IND","line":"Queens Blvd","stop_name":"Woodhaven Blvd","borough":"Q","cbd":"false","daytime_routes":"M R","structure":"Subway","gtfs_latitude":"40.733106","gtfs_longitude":"-73.869229","north_direction_label":"Outbound","south_direction_label":"Manhattan","ada":"0","ada_northbound":"0","ada_southbound":"0","ada_notes":null,":@computed_region_yamh_8v7k":"196",":@computed_region_wbg7_3whc":"843",":@computed_region_kjdx_g34t":"2137"}},
{"type":"Feature","geometry":{"type":"Point","coordinates":[-73.877223,40.737015]},"properties":{":id":"row-npn2-qwgh_yry5",":version":"rv-c77b~jtek_e8fk",":created_at":"2026-09-28T04:22:00.524Z",":updated_at":"2026-09-28T04:22:02.228Z","gtfs_stop_id":"G12","station_id":"265","complex_id":"265","division":"IND","line":"Queens Blvd","stop_name":"Grand Av-Newtown","borough":"Q","cbd":"false","daytime_routes":"M R","structure":"Subway","gtfs_latitude":"40.737015","gtfs_longitude":"-73.877223","north_direction_label":"Outbound","south_direction_label":"Manhattan","ada":"0","ada_northbound":"0","ada_southbound":"0","ada_notes":null,":@computed_region_yamh_8v7k":"196",":@computed_region_wbg7_3whc":"843",":@computed_region_kjdx_g34t":"2137"}},
{"type":"Feature","geometry":{"type":"Point","coordinates":[-73.882017,40.742454]},"properties":{":id":"row-47aw.7h7z.6g7w",":version":"rv-gt67~exzp-xwc3",":created_at":"2026-09-28T04:22:00.524Z",":updated_at":"2026-09-28T04:22:02.228Z","gtfs_stop_id":"G13","station_id":"266","complex_id":"266","division":"IND","line":"Queens Blvd","stop_name":"Elmhurst Av","borough":"Q","cbd":"false","daytime_routes":"M R","structure":"Subway","gtfs_latitude":"40.742454","gtfs_longitude":"-73.882017","north_direction_label":"Outbound","south_direction_label":"Manhattan","ada":"0","ada_northbound":"0","ada_southbound":"0","ada_notes":null,":@computed_region_yamh_8v7k":"196",":@computed_region_wbg7_3whc":"843",":@computed_region_kjdx_g34t":"2137"}},
{"type":"Feature","geometry":{"type":"Point","coordinates":[-73.891338,40.746644]},"properties":{":id":"row-ahad~mjmh.ttgn",":version":"rv-mcyz~baqi-4e48",":created_at":"2026-09-28T04:22:00.524Z",":updated_at":"2026-09-28T04:22:02.228Z","gtfs_stop_id":"G14","station_id":"267","complex_id":"616","division":"IND","line":"Queens Blvd","stop_name":"Jackson Hts-Roosevelt Av","borough":"Q","cbd":"false","daytime_routes":"E F M R","structure":"Subway","gtfs_latitude":"40.746644","gtfs_longitude":"-73.891338","north_direction_label":"Outbound","south_direction_label":"Manhattan","ada":"1","ada_northbound":"1","ada_southbound":"1","ada_notes":null,":@computed_region_yamh_8v7k":"196",":@computed_region_wbg7_3whc":"843",":@computed_region_kjdx_g34t":"2137"}},
{"type":"Feature","geometry":{"type":"Point","coordinates":[-73.898453,40.749669]},"properties":{":id":"row-jgt9~fxkg_m7hc",":version":"rv-p6a2.ekg2_y9dq",":created_at":"2026-09-28T04:22:00.524Z",":updated_at":"2026-09-28T04:22:02.228Z","gtfs_stop_id":"G15","station_id":"268","complex_id":"268","division":"IND","line":"Queens Blvd","stop_name":"65 St","borough":"Q","cbd":"false","daytime_routes":"M R","structure":"Subway","gtfs_latitude":"40.749669","gtfs_longitude":"-73.898453","north_direction_label":"Outbound","south_direction_label":"Manhattan","ada":"0","ada_northbound":"0","ada_southbound":"0","ada_notes":null,":@computed_region_yamh_8v7k":"196",":@computed_region_wbg7_3whc":"846",":@computed_region_kjdx_g34t":"2137"}},
{"type":"Feature","geometry":{"type":"Point","coordinates":[-73.906006,40.752885]},"properties":{":id":"row-bihj.iv72-qdfw",":version":"rv-ecn8_r6hm-cmwf",":created_at":"2026-09-28T04:22:00.524Z",":updated_at":"2026-09-28T04:22:02.228Z","gtfs_stop_id":"G16","station_id":"269","complex_id":"269","division":"IND","line":"Queens Blvd","stop_name":"Northern Blvd","borough":"Q","cbd":"false","daytime_routes":"M R","structure":"Subway","gtfs_latitude":"40.752885","gtfs_longitude":"-73.906006","north_direction_label":"Outbound","south_direction_label":"Manhattan","ada":"1","ada_northbound":"1","ada_southbound":"1","ada_notes":null,":@computed_region_yamh_8v7k":"196",":@computed_region_wbg7_3whc":"846",":@computed_region_kjdx_g34t":"2137"}},
{"type":"Feature","geometry":{"type":"Point","coordinates":[-73.913333,40.756312]},"properties":{":id":"row-k3ad.2w47~svti",":version":"rv-fxgy~vivi.ruuq",":created_at":"2026-09-28T04:22:00.524Z",":updated_at":"2026-09-28T04:22:02.228Z","gtfs_stop_id":"G18","station_id":"270","complex_id":"270","division":"IND","line":"Queens Blvd","stop_name":"46 St","borough":"Q","cbd":"false","daytime_routes":"M R","structure":"Subway","gtfs_latitude":"40.756312","gtfs_longitude":"-73.913333","north_direction_label":"Outbound","south_direction_label":"Manhattan","ada":"0","ada_northbound":"0","ada_southbound":"0","ada_notes":null,":@computed_region_yamh_8v7k":"196",":@computed_region_wbg7_3whc":"875",":@computed_region_kjdx_g34t":"2137"}},
{"type":"Feature","geometry":{"type":"Point","coordinates":[-73.92074,40.756879]},"properties":{":id":"row-n6cr~32is_bcfa",":version":"rv-3t2t~u5ac-rxpf",":created_at":"2026-09-28T04:22:00.524Z",":updated_at":"2026-09-28T04:22:02.228Z","gtfs_stop_id":"G19","station_id":"271","complex_id":"271","division":"IND","line":"Queens Blvd","stop_name":"Steinway St","borough":"Q","cbd":"false","daytime_routes":"M R","structure":"Subway","gtfs_latitude":"40.756879","gtfs_longitude":"-73.92074","north_direction_label":"Outbound","south_direction_label":"Manhattan","ada":"0","ada_northbound":"0","ada_southbound":"0","ada_notes":null,":@computed_region_yamh_8v7k":"196",":@computed_region_wbg7_3whc":"875",":@computed_region_kjdx_g34t":"2137"}},
{"type":"Feature","geometry":{"type":"Point","coordinates":[-73.928781,40.752039]},"properties":{":id":"row-6ukn.tdbt_3yh7",":version":"rv-rdq8-gtb2-jasv",":created_at":"2026-09-28T04:22:00.524Z",":updated_at":"2026-09-28T04:22:02.228Z","gtfs_stop_id":"G20","station_id":"272","complex_id":"272","division":"IND","line":"Queens Blvd","stop_name":"36 St","borough":"Q","cbd":"false","daytime_routes":"M R","structure":"Subway","gtfs_latitude":"40.752039","gtfs_longitude":"-73.928781","north_direction_label":"Outbound","south_direction_label":"Manhattan","ada":"0","ada_northbound":"0","ada_southbound":"0","ada_notes":null,":@computed_region_yamh_8v7k":"196",":@computed_region_wbg7_3whc":"873",":@computed_region_kjdx_g34t":"2137"}},
{"type":"Feature","geometry":{"type":"Point","coordinates":[-73.937243,40.748973]},"properties":{":id":"row-ktjp.9kdg~6huh",":version":"rv-q7st-yh6i_4jp3",":created_at":"2026-09-28T04:22:00.524Z",":updated_at":"2026-09-28T04:22:02.228Z","gtfs_stop_id":"G21","station_id":"273","complex_id":"273","division":"IND","line":"Queens Blvd","stop_name":"Queens Plaza","borough":"Q","cbd":"false","daytime_routes":"E F R","structure":"Subway","gtfs_latitude":"40.748973","gtfs_longitude":"-73.937243","north_direction_label":"Outbound","south_direction_label":"Manhattan","ada":"1","ada_northbound":"1","ada_southbound":"1","ada_notes":null,":@computed_region_yamh_8v7k":"196",":@computed_region_wbg7_3whc":"873",":@computed_region_kjdx_g34t":"2137"}},
{"type":"Feature","geometry":{"type":"Point","coordinates":[-73.946,40.747846]},"properties":{":id":"row-2xzj_beug.gngt",":version":"rv-utde.68st_tgre",":created_at":"2026-09-28T04:22:00.524Z",":updated_at":"2026-09-28T04:22:02.228Z","gtfs_stop_id":"F09","station_id":"274","complex_id":"606","division":"IND","line":"Queens Blvd","stop_name":"Court Sq-23 St","borough":"Q","cbd":"false","daytime_routes":"E F","structure":"Subway","gtfs_latitude":"40.747846","gtfs_longitude":"-73.946","north_direction_label":"Outbound","south_direction_label":"Manhattan","ada":"2","ada_northbound":"0","ada_southbound":"1","ada_notes":"Manhattan-bound only",":@computed_region_yamh_8v7k":"196",":@computed_region_wbg7_3whc":"873",":@computed_region_kjdx_g34t":"2137"}},
{"type":"Feature","geometry":{"type":"Point","coordinates":[-73.969055,40.757552]},"properties":{":id":"row-w6vv-qp98~c8ks",":version":"rv-4uic-t2m6.cdcc",":created_at":"2026-09-28T04:22:00.524Z",":updated_at":"2026-09-28T04:22:02.228Z","gtfs_stop_id":"F11","station_id":"275","complex_id":"612","division":"IND","line":"Queens Blvd","stop_name":"Lexington Av/53 St","borough":"M","cbd":"true","daytime_routes":"E F","structure":"Subway","gtfs_latitude":"40.757552","gtfs_longitude":"-73.969055","north_direction_label":"Queens","south_direction_label":"Downtown","ada":"1","ada_northbound":"1","ada_southbound":"1","ada_notes":null,":@computed_region_yamh_8v7k":"749",":@computed_region_wbg7_3whc":"749",":@computed_region_kjdx_g34t":"2095"}},
{"type":"Feature","geometry":{"type":"Point","coordinates":[-73.975224,40.760167]},"properties":{":id":"row-q5rk~w4r3.vqvp",":version":"rv-dkme_7qzq_4n4f",":created_at":"2026-09-28T04:22:00.524Z",":updated_at":"2026-09-28T04:22:02.228Z","gtfs_stop_id":"F12","station_id":"276","complex_id":"276","division":"IND","line":"Queens Blvd","stop_name":"5 Av/53 St","borough":"M","cbd":"true","daytime_routes":"E F","structure":"Subway","gtfs_latitude":"40.760167","gtfs_longitude":"-73.975224","north_direction_label":"Queens","south_direction_label":"Downtown","ada":"0","ada_northbound":"0","ada_southbound":"0","ada_notes":null,":@computed_region_yamh_8v7k":"749",":@computed_region_wbg7_3whc":"749",":@computed_region_kjdx_g34t":"2095"}},
{"type":"Feature","geometry":{"type":"Point","coordinates":[-73.981637,40.762862]},"properties":{":id":"row-e789-pycw~dycr",":version":"rv-py8x-4bzq-bzrx",":created_at":"2026-09-28T04:22:00.524Z",":updated_at":"2026-09-28T04:22:02.228Z","gtfs_stop_id":"D14","station_id":"277","complex_id":"277","division":"IND","line":"Queens Blvd","stop_name":"7 Av","borough":"M","cbd":"true","daytime_routes":"E B D","structure":"Subway","gtfs_latitude":"40.762862","gtfs_longitude":"-73.981637","north_direction_label":"Outbound","south_direction_label":"Downtown","ada":"0","ada_northbound":"0","ada_southbound":"0","ada_notes":null,":@computed_region_yamh_8v7k":"749",":@computed_region_wbg7_3whc":"742",":@computed_region_kjdx_g34t":"2095"}},
{"type":"Feature","geometry":{"type":"Point","coordinates":[-73.801109,40.702147]},"properties":{":id":"row-5vhx-3cps-xqxh",":version":"rv-fmwn_ukyu_7hsx",":created_at":"2026-09-28T04:22:00.524Z",":updated_at":"2026-09-28T04:22:02.228Z","gtfs_stop_id":"G05","station_id":"278","complex_id":"278","division":"IND","line":"Queens - Archer","stop_name":"Jamaica Center-Parsons/Archer","borough":"Q","cbd":"false","daytime_routes":"E J Z","structure":"Subway","gtfs_latitude":"40.702147","gtfs_longitude":"-73.801109","north_direction_label":"Last Stop","south_direction_label":"Manhattan","ada":"1","ada_northbound":"1","ada_southbound":"1","ada_notes":null,":@computed_region_yamh_8v7k":"196",":@computed_region_wbg7_3whc":"1216",":@computed_region_kjdx_g34t":"2137"}},
{"type":"Feature","geometry":{"type":"Point","coordinates":[-73.807969,40.700486]},"properties":{":id":"row-bwtz-vdeh.weqv",":version":"rv-28y4.w5np.uqiy",":created_at":"2026-09-28T04:22:00.524Z",":updated_at":"2026-09-28T04:22:02.228Z","gtfs_stop_id":"G06","station_id":"279","complex_id":"279","division":"IND","line":"Queens - Archer","stop_name":"Sutphin Blvd-Archer Av-JFK Airport","borough":"Q","cbd":"false","daytime_routes":"E J Z","structure":"Subway","gtfs_latitude":"40.700486","gtfs_longitude":"-73.807969","north_direction_label":"Jamaica","south_direction_label":"Manhattan","ada":"1","ada_northbound":"1","ada_southbound":"1","ada_notes":null,":@computed_region_yamh_8v7k":"196",":@computed_region_wbg7_3whc":"1262",":@computed_region_kjdx_g34t":"2137"}},
{"type":"Feature","geometry":{"type":"Point","coordinates":[-73.816859,40.702566]},"properties":{":id":"row-bpfv.sax3.jykj",":version":"rv-akr9~p6zb~rrb2",":created_at":"2026-09-28T04:22:00.524Z",":updated_at":"2026-09-28T04:22:02.228Z","gtfs_stop_id":"G07","station_id":"280","complex_id":"280","division":"IND","line":"Queens - Archer","stop_name":"Jamaica-Van Wyck","borough":"Q","cbd":"false","daytime_routes":"E","structure":"Subway","gtfs_latitude":"40.702566","gtfs_longitude":"-73.816859","north_direction_label":"Jamaica","south_direction_label":"Manhattan","ada":"1","ada_northbound":"1","ada_southbound":"1","ada_notes":null,":@computed_region_yamh_8v7k":"196",":@computed_region_wbg7_3whc":"1165",":@computed_region_kjdx_g34t":"2137"}},
{"type":"Feature","geometry":{"type":"Point","coordinates":[-73.943832,40.746554]},"properties":{":id":"row-zjfw.j9xi_t82h",":version":"rv-azcb~f5kp_8p3j",":created_at":"2026-09-28T04:22:00.524Z",":updated_at":"2026-09-28T04:22:02.228Z","gtfs_stop_id":"G22","station_id":"281","complex_id":"606","division":"IND","line":"Crosstown","stop_name":"Court Sq","borough":"Q","cbd":"false","daytime_routes":"G","structure":"Subway","gtfs_latitude":"40.746554","gtfs_longitude":"-73.943832","north_direction_label":"Last Stop","south_direction_label":"Brooklyn","ada":"1","ada_northbound":"1","ada_southbound":"1","ada_notes":null,":@computed_region_yamh_8v7k":"196",":@computed_region_wbg7_3whc":"873",":@computed_region_kjdx_g34t":"2137"}},
{"type":"Feature","geometry":{"type":"Point","coordinates":[-73.949724,40.744065]},"properties":{":id":"row-eegp.utan~4wwh",":version":"rv-vub7.sm9d_x9ws",":created_at":"2026-09-28T04:22:00.524Z",":updated_at":"2026-09-28T04:22:02.228Z","gtfs_stop_id":"G24","station_id":"282","complex_id":"282","division":"IND","line":"Crosstown","stop_name":"21 St","borough":"Q","cbd":"false","daytime_routes":"G","structure":"Subway","gtfs_latitude":"40.744065","gtfs_longitude":"-73.949724","north_direction_label":"Court Square","south_direction_label":"Brooklyn","ada":"0","ada_northbound":"0","ada_southbound":"0","ada_notes":null,":@computed_region_yamh_8v7k":"196",":@computed_region_wbg7_3whc":"873",":@computed_region_kjdx_g34t":"2137"}},
{"type":"Feature","geometry":{"type":"Point","coordinates":[-73.954449,40.731352]},"properties":{":id":"row-wfye-m63g~pg3g",":version":"rv-ew3c_c37e.bfng",":created_at":"2026-09-28T04:22:00.524Z",":updated_at":"2026-09-28T04:22:02.228Z","gtfs_stop_id":"G26","station_id":"283","complex_id":"283","division":"IND","line":"Crosstown","stop_name":"Greenpoint Av","borough":"Bk","cbd":"false","daytime_routes":"G","structure":"Subway","gtfs_latitude":"40.731352","gtfs_longitude":"-73.954449","north_direction_label":"Queens","south_direction_label":"Southbound","ada":"1","ada_northbound":"1","ada_southbound":"1","ada_notes":null,":@computed_region_yamh_8v7k":"894",":@computed_region_wbg7_3whc":"901",":@computed_region_kjdx_g34t":"2090"}},
{"type":"Feature","geometry":{"type":"Point","coordinates":[-73.951277,40.724635]},"properties":{":id":"row-du4j_br7n_w6x4",":version":"rv-vjmf-7ujp~kc2r",":created_at":"2026-09-28T04:22:00.524Z",":updated_at":"2026-09-28T04:22:02.228Z","gtfs_stop_id":"G28","station_id":"284","complex_id":"284","division":"IND","line":"Crosstown","stop_name":"Nassau Av","borough":"Bk","cbd":"false","daytime_routes":"G","structure":"Subway","gtfs_latitude":"40.724635","gtfs_longitude":"-73.951277","north_direction_label":"Queens","south_direction_label":"Southbound","ada":"0","ada_northbound":"0","ada_southbound":"0","ada_notes":null,":@computed_region_yamh_8v7k":"894",":@computed_region_wbg7_3whc":"901",":@computed_region_kjdx_g34t":"2090"}},
{"type":"Feature","geometry":{"type":"Point","coordinates":[-73.951418,40.712792]},"properties":{":id":"row-f6rb-9dxc~74ak",":version":"rv-heki-f23z~wd57",":created_at":"2026-09-28T04:22:00.524Z",":updated_at":"2026-09-28T04:22:02.228Z","gtfs_stop_id":"G29","station_id":"285","complex_id":"629","division":"IND","line":"Crosstown","stop_name":"Metropolitan Av","borough":"Bk","cbd":"false","daytime_routes":"G","structure":"Subway","gtfs_latitude":"40.712792","gtfs_longitude":"-73.951418","north_direction_label":"Queens","south_direction_label":"Southbound","ada":"1","ada_northbound":"1","ada_southbound":"1","ada_notes":null,":@computed_region_yamh_8v7k":"894",":@computed_region_wbg7_3whc":"889",":@computed_region_kjdx_g34t":"2090"}},
{"type":"Feature","geometry":{"type":"Point","coordinates":[-73.950308,40.706092]},"properties":{":id":"row-u8gz_x27g_qe8y",":version":"rv-ptgv_7zqe-vp9j",":created_at":"2026-09-28T04:22:00.524Z",":updated_at":"2026-09-28T04:22:02.228Z","gtfs_stop_id":"G30","station_id":"286","complex_id":"286","division":"IND","line":"Crosstown","stop_name":"Broadway","borough":"Bk","cbd":"false","daytime_routes":"G","structure":"Subway","gtfs_latitude":"40.706092","gtfs_longitude":"-73.950308","north_direction_label":"Queens","south_direction_label":"Southbound","ada":"0","ada_northbound":"0","ada_southbound":"0","ada_notes":null,":@computed_region_yamh_8v7k":"894",":@computed_region_wbg7_3whc":"884",":@computed_region_kjdx_g34t":"2090"}},
{"type":"Feature","geometry":{"type":"Point","coordinates":[-73.950234,40.700377]},"properties":{":id":"row-7h4w.i6rt~k9eg",":version":"rv-67nh~sc5s.2paw",":created_at":"2026-09-28T04:22:00.524Z",":updated_at":"2026-09-28T04:22:02.228Z","gtfs_stop_id":"G31","station_id":"287","complex_id":"287","division":"IND","line":"Crosstown","stop_name":"Flushing Av","borough":"Bk","cbd":"false","daytime_routes":"G","structure":"Subway","gtfs_latitude":"40.700377","gtfs_longitude":"-73.950234","north_direction_label":"Queens","south_direction_label":"Southbound","ada":"0","ada_northbound":"0","ada_southbound":"0","ada_notes":null,":@computed_region_yamh_8v7k":"894",":@computed_region_wbg7_3whc":"884",":@computed_region_kjdx_g34t":"2090"}},
{"type":"Feature","geometry":{"type":"Point","coordinates":[-73.949046,40.694568]},"properties":{":id":"row-s32f.y7jz-ywgg",":version":"rv-ic8e-3yym~w2an",":created_at":"2026-09-28T04:22:00.524Z",":updated_at":"2026-09-28T04:22:02.228Z","gtfs_stop_id":"G32","station_id":"288","complex_id":"288","division":"IND","line":"Crosstown","stop_name":"Myrtle-Willoughby Avs","borough":"Bk","cbd":"false","daytime_routes":"G","structure":"Subway","gtfs_latitude":"40.694568","gtfs_longitude":"-73.949046","north_direction_label":"Queens","south_direction_label":"Southbound","ada":"0","ada_northbound":"0","ada_southbound":"0","ada_notes":null,":@computed_region_yamh_8v7k":"894",":@computed_region_wbg7_3whc":"884",":@computed_region_kjdx_g34t":"2090"}},
{"type":"Feature","geometry":{"type":"Point","coordinates":[-73.953522,40.689627]},"properties":{":id":"row-jtzx-cq8n_4wuw",":version":"rv-eqpg-cwjf-naex",":created_at":"2026-09-28T04:22:00.524Z",":updated_at":"2026-09-28T04:22:02.228Z","gtfs_stop_id":"G33","station_id":"289","complex_id":"289","division":"IND","line":"Crosstown","stop_name":"Bedford-Nostrand Avs","borough":"Bk","cbd":"false","daytime_routes":"G","structure":"Subway","gtfs_latitude":"40.689627","gtfs_longitude":"-73.953522","north_direction_label":"Queens","south_direction_label":"Southbound","ada":"0","ada_northbound":"0","ada_southbound":"0","ada_notes":null,":@computed_region_yamh_8v7k":"894",":@computed_region_wbg7_3whc":"883",":@computed_region_kjdx_g34t":"2090"}},
{"type":"Feature","geometry":{"type":"Point","coordinates":[-73.96007,40.688873]},"properties":{":id":"row-wrg6-qhkt-i23z",":version":"rv-n283.s4cf~p5ep",":created_at":"2026-09-28T04:22:00.524Z",":updated_at":"2026-09-28T04:22:02.228Z","gtfs_stop_id":"G34","station_id":"290","complex_id":"290","division":"IND","line":"Crosstown","stop_name":"Classon Av","borough":"Bk","cbd":"false","daytime_routes":"G","structure":"Subway","gtfs_latitude":"40.688873","gtfs_longitude":"-73.96007","north_direction_label":"Queens","south_direction_label":"Southbound","ada":"0","ada_northbound":"0","ada_southbound":"0","ada_notes":null,":@computed_region_yamh_8v7k":"894",":@computed_region_wbg7_3whc":"821",":@computed_region_kjdx_g34t":"2090"}},
{"type":"Feature","geometry":{"type":"Point","coordinates":[-73.966839,40.688089]},"properties":{":id":"row-apjz-rtks-eig4",":version":"rv-6xvh.h52i_8ety",":created_at":"2026-09-28T04:22:00.524Z",":updated_at":"2026-09-28T04:22:02.228Z","gtfs_stop_id":"G35","station_id":"291","complex_id":"291","division":"IND","line":"Crosstown","stop_name":"Clinton-Washington Avs","borough":"Bk","cbd":"false","daytime_routes":"G","structure":"Subway","gtfs_latitude":"40.688089","gtfs_longitude":"-73.966839","north_direction_label":"Queens","south_direction_label":"Southbound","ada":"0","ada_northbound":"0","ada_southbound":"0","ada_notes":null,":@computed_region_yamh_8v7k":"894",":@computed_region_wbg7_3whc":"821",":@computed_region_kjdx_g34t":"2090"}},
{"type":"Feature","geometry":{"type":"Point","coordinates":[-73.975375,40.687119]},"properties":{":id":"row-7vzj.ytwr~2dah",":version":"rv-399q_b2av-ic73",":created_at":"2026-09-28T04:22:00.524Z",":updated_at":"2026-09-28T04:22:02.228Z","gtfs_stop_id":"G36","station_id":"292","complex_id":"292","division":"IND","line":"Crosstown","stop_name":"Fulton St","borough":"Bk","cbd":"false","daytime_routes":"G","structure":"Subway","gtfs_latitude":"40.687119","gtfs_longitude":"-73.975375","north_direction_label":"Queens","south_direction_label":"Southbound","ada":"0","ada_northbound":"0","ada_southbound":"0","ada_notes":null,":@computed_region_yamh_8v7k":"894",":@computed_region_wbg7_3whc":"895",":@computed_region_kjdx_g34t":"2090"}},
{"type":"Feature","geometry":{"type":"Point","coordinates":[-73.898583,40.889248]},"properties":{":id":"row-sjvq_hujx.k9zv",":version":"rv-2rfr-4x8q.w5zc",":created_at":"2026-09-28T04:22:00.524Z",":updated_at":"2026-09-28T04:22:02.228Z","gtfs_stop_id":"101","station_id":"293","complex_id":"293","division":"IRT","line":"Broadway - 7Av","stop_name":"Van Cortlandt Park-242 St","borough":"Bx","cbd":"false","daytime_routes":"1","structure":"Elevated","gtfs_latitude":"40.889248","gtfs_longitude":"-73.898583","north_direction_label":"Last Stop","south_direction_label":"Manhattan","ada":"0","ada_northbound":"0","ada_southbound":"0","ada_notes":null,":@computed_region_yamh_8v7k":"307",":@computed_region_wbg7_3whc":"708",":@computed_region_kjdx_g34t":"2032"}},
{"type":"Feature","geometry":{"type":"Point","coordinates":[-73.90087,40.884667]},"properties":{":id":"row-njxq_adm7.eskz",":version":"rv-z3fy_5yen-7c3d",":created_at":"2026-09-28T04:22:00.524Z",":updated_at":"2026-09-28T04:22:02.228Z","gtfs_stop_id":"103","station_id":"294","complex_id":"294","division":"IRT","line":"Broadway - 7Av","stop_name":"238 St","borough":"Bx","cbd":"false","daytime_routes":"1","structure":"Elevated","gtfs_latitude":"40.884667","gtfs_longitude":"-73.90087","north_direction_label":"Van Cortlandt","south_direction_label":"Manhattan","ada":"0","ada_northbound":"0","ada_southbound":"0","ada_notes":null,":@computed_region_yamh_8v7k":"307",":@computed_region_wbg7_3whc":"676",":@computed_region_kjdx_g34t":"2032"}},
{"type":"Feature","geometry":{"type":"Point","coordinates":[-73.904834,40.878856]},"properties":{":id":"row-wkgd~a8z2_m7j3",":version":"rv-nc8i~7sku~hefj",":created_at":"2026-09-28T04:22:00.524Z",":updated_at":"2026-09-28T04:22:02.228Z","gtfs_stop_id":"104","station_id":"295","complex_id":"295","division":"IRT","line":"Broadway - 7Av","stop_name":"231 St","borough":"Bx","cbd":"false","daytime_routes":"1","structure":"Elevated","gtfs_latitude":"40.878856","gtfs_longitude":"-73.904834","north_direction_label":"Van Cortlandt","south_direction_label":"Manhattan","ada":"1","ada_northbound":"1","ada_southbound":"1","ada_notes":null,":@computed_region_yamh_8v7k":"307",":@computed_region_wbg7_3whc":"676",":@computed_region_kjdx_g34t":"2032"}},
{"type":"Feature","geometry":{"type":"Point","coordinates":[-73.909831,40.874561]},"properties":{":id":"row-epz8_cs3r~k8fk",":version":"rv-7ptp-935y-ways",":created_at":"2026-09-28T04:22:00.524Z",":updated_at":"2026-09-28T04:22:02.228Z","gtfs_stop_id":"106","station_id":"296","complex_id":"296","division":"IRT","line":"Broadway - 7Av","stop_name":"Marble Hill-225 St","borough":"M","cbd":"false","daytime_routes":"1","structure":"Elevated","gtfs_latitude":"40.874561","gtfs_longitude":"-73.909831","north_direction_label":"The Bronx","south_direction_label":"Downtown","ada":"0","ada_northbound":"0","ada_southbound":"0","ada_notes":null,":@computed_region_yamh_8v7k":"749",":@computed_region_wbg7_3whc":"676",":@computed_region_kjdx_g34t":"2032"}},
{"type":"Feature","geometry":{"type":"Point","coordinates":[-73.915279,40.869444]},"properties":{":id":"row-5dk4.k8w9~zh7q",":version":"rv-yz3u~s2r4.qagj",":created_at":"2026-09-28T04:22:00.524Z",":updated_at":"2026-09-28T04:22:02.228Z","gtfs_stop_id":"107","station_id":"297","complex_id":"297","division":"IRT","line":"Broadway - 7Av","stop_name":"215 St","borough":"M","cbd":"false","daytime_routes":"1","structure":"Elevated","gtfs_latitude":"40.869444","gtfs_longitude":"-73.915279","north_direction_label":"The Bronx","south_direction_label":"Downtown","ada":"0","ada_northbound":"0","ada_southbound":"0","ada_notes":null,":@computed_region_yamh_8v7k":"749",":@computed_region_wbg7_3whc":"793",":@computed_region_kjdx_g34t":"2095"}},
{"type":"Feature","geometry":{"type":"Point","coordinates":[-73.918822,40.864621]},"properties":{":id":"row-djed_itbu~hgsc",":version":"rv-u6vj_kktg~7ajm",":created_at":"2026-09-28T04:22:00.524Z",":updated_at":"2026-09-28T04:22:02.228Z","gtfs_stop_id":"108","station_id":"298","complex_id":"298","division":"IRT","line":"Broadway - 7Av","stop_name":"207 St","borough":"M","cbd":"false","daytime_routes":"1","structure":"Elevated","gtfs_latitude":"40.864621","gtfs_longitude":"-73.918822","north_direction_label":"The Bronx","south_direction_label":"Downtown","ada":"0","ada_northbound":"0","ada_southbound":"0","ada_notes":null,":@computed_region_yamh_8v7k":"749",":@computed_region_wbg7_3whc":"793",":@computed_region_kjdx_g34t":"2095"}},
{"type":"Feature","geometry":{"type":"Point","coordinates":[-73.925536,40.860531]},"properties":{":id":"row-3pbc~sh4r_kjkh",":version":"rv-62di-4t9u_jw57",":created_at":"2026-09-28T04:22:00.524Z",":updated_at":"2026-09-28T04:22:02.228Z","gtfs_stop_id":"109","station_id":"299","complex_id":"299","division":"IRT","line":"Broadway - 7Av","stop_name":"Dyckman St","borough":"M","cbd":"false","daytime_routes":"1","structure":"Elevated","gtfs_latitude":"40.860531","gtfs_longitude":"-73.925536","north_direction_label":"The Bronx","south_direction_label":"Downtown","ada":"1","ada_northbound":"1","ada_southbound":"1","ada_notes":null,":@computed_region_yamh_8v7k":"749",":@computed_region_wbg7_3whc":"799",":@computed_region_kjdx_g34t":"2095"}},
{"type":"Feature","geometry":{"type":"Point","coordinates":[-73.929412,40.855225]},"properties":{":id":"row-qq4i.6ew7_mkyr",":version":"rv-xr5a.fwd6-5n9a",":created_at":"2026-09-28T04:22:00.524Z",":updated_at":"2026-09-28T04:22:02.228Z","gtfs_stop_id":"110","station_id":"300","complex_id":"300","division":"IRT","line":"Broadway - 7Av","stop_name":"191 St","borough":"M","cbd":"false","daytime_routes":"1","structure":"Subway","gtfs_latitude":"40.855225","gtfs_longitude":"-73.929412","north_direction_label":"The Bronx","south_direction_label":"Downtown","ada":"0","ada_northbound":"0","ada_southbound":"0","ada_notes":null,":@computed_region_yamh_8v7k":"749",":@computed_region_wbg7_3whc":"799",":@computed_region_kjdx_g34t":"2095"}},
{"type":"Feature","geometry":{"type":"Point","coordinates":[-73.933596,40.849505]},"properties":{":id":"row-etp2-bmuq.yivm",":version":"rv-raaa~hzs7-c9fc",":created_at":"2026-09-28T04:22:00.524Z",":updated_at":"2026-09-28T04:22:02.228Z","gtfs_stop_id":"111","station_id":"301","complex_id":"301","division":"IRT","line":"Broadway - 7Av","stop_name":"181 St","borough":"M","cbd":"false","daytime_routes":"1","structure":"Subway","gtfs_latitude":"40.849505","gtfs_longitude":"-73.933596","north_direction_label":"The Bronx","south_direction_label":"Downtown","ada":"0","ada_northbound":"0","ada_southbound":"0","ada_notes":null,":@computed_region_yamh_8v7k":"749",":@computed_region_wbg7_3whc":"792",":@computed_region_kjdx_g34t":"2095"}},
{"type":"Feature","geometry":{"type":"Point","coordinates":[-73.940133,40.840556]},"properties":{":id":"row-dq7b_gucy_tkek",":version":"rv-vtga_8jan~mh6i",":created_at":"2026-09-28T04:22:00.524Z",":updated_at":"2026-09-28T04:22:02.228Z","gtfs_stop_id":"112","station_id":"302","complex_id":"605","division":"IRT","line":"Broadway - 7Av","stop_name":"168 St-Washington Hts","borough":"M","cbd":"false","daytime_routes":"1","structure":"Subway","gtfs_latitude":"40.840556","gtfs_longitude":"-73.940133","north_direction_label":"Uptown","south_direction_label":"Downtown","ada":"0","ada_northbound":"0","ada_southbound":"0","ada_notes":null,":@computed_region_yamh_8v7k":"749",":@computed_region_wbg7_3whc":"791",":@computed_region_kjdx_g34t":"2095"}},
{"type":"Feature","geometry":{"type":"Point","coordinates":[-73.94489,40.834041]},"properties":{":id":"row-g9qf.cd3g-xb63",":version":"rv-yntb.rmac_bmy2",":created_at":"2026-09-28T04:22:00.524Z",":updated_at":"2026-09-28T04:22:02.228Z","gtfs_stop_id":"113","station_id":"303","complex_id":"303","division":"IRT","line":"Broadway - 7Av","stop_name":"157 St","borough":"M","cbd":"false","daytime_routes":"1","structure":"Subway","gtfs_latitude":"40.834041","gtfs_longitude":"-73.94489","north_direction_label":"Uptown","south_direction_label":"Downtown","ada":"0","ada_northbound":"0","ada_southbound":"0","ada_notes":null,":@computed_region_yamh_8v7k":"749",":@computed_region_wbg7_3whc":"791",":@computed_region_kjdx_g34t":"2095"}},
{"type":"Feature","geometry":{"type":"Point","coordinates":[-73.95036,40.826551]},"properties":{":id":"row-awt3_jxac_epac",":version":"rv-hg99-ipti_q6cz",":created_at":"2026-09-28T04:22:00.524Z",":updated_at":"2026-09-28T04:22:02.228Z","gtfs_stop_id":"114","station_id":"304","complex_id":"304","division":"IRT","line":"Broadway - 7Av","stop_name":"145 St","borough":"M","cbd":"false","daytime_routes":"1","structure":"Subway","gtfs_latitude":"40.826551","gtfs_longitude":"-73.95036","north_direction_label":"Uptown","south_direction_label":"Downtown","ada":"0","ada_northbound":"0","ada_southbound":"0","ada_notes":null,":@computed_region_yamh_8v7k":"749",":@computed_region_wbg7_3whc":"758",":@computed_region_kjdx_g34t":"2095"}},
{"type":"Feature","geometry":{"type":"Point","coordinates":[-73.953676,40.822008]},"properties":{":id":"row-i2pu-ybiz-4dq2",":version":"rv-gb4x_nis6_28yv",":created_at":"2026-09-28T04:22:00.524Z",":updated_at":"2026-09-28T04:22:02.228Z","gtfs_stop_id":"115","station_id":"305","complex_id":"305","division":"IRT","line":"Broadway - 7Av","stop_name":"137 St-City College","borough":"M","cbd":"false","daytime_routes":"1","structure":"Subway","gtfs_latitude":"40.822008","gtfs_longitude":"-73.953676","north_direction_label":"Uptown","south_direction_label":"Downtown","ada":"2","ada_northbound":"1","ada_southbound":"0","ada_notes":"Uptown only",":@computed_region_yamh_8v7k":"749",":@computed_region_wbg7_3whc":"758",":@computed_region_kjdx_g34t":"2095"}},
{"type":"Feature","geometry":{"type":"Point","coordinates":[-73.958372,40.815581]},"properties":{":id":"row-fq8y-jb2d~way3",":version":"rv-vs26~c827.st74",":created_at":"2026-09-28T04:22:00.524Z",":updated_at":"2026-09-28T04:22:02.228Z","gtfs_stop_id":"116","station_id":"306","complex_id":"306","division":"IRT","line":"Broadway - 7Av","stop_name":"125 St","borough":"M","cbd":"false","daytime_routes":"1","structure":"Elevated","gtfs_latitude":"40.815581","gtfs_longitude":"-73.958372","north_direction_label":"Uptown","south_direction_label":"Downtown","ada":"0","ada_northbound":"0","ada_southbound":"0","ada_notes":null,":@computed_region_yamh_8v7k":"749",":@computed_region_wbg7_3whc":"754",":@computed_region_kjdx_g34t":"2095"}},
{"type":"Feature","geometry":{"type":"Point","coordinates":[-73.96411,40.807722]},"properties":{":id":"row-zbnk.75zv~ezjg",":version":"rv-jccj-mdve.czgv",":created_at":"2026-09-28T04:22:00.524Z",":updated_at":"2026-09-28T04:22:02.228Z","gtfs_stop_id":"117","station_id":"307","complex_id":"307","division":"IRT","line":"Broadway - 7Av","stop_name":"116 St-Columbia University","borough":"M","cbd":"false","daytime_routes":"1","structure":"Subway","gtfs_latitude":"40.807722","gtfs_longitude":"-73.96411","north_direction_label":"Uptown","south_direction_label":"Downtown","ada":"0","ada_northbound":"0","ada_southbound":"0","ada_notes":null,":@computed_region_yamh_8v7k":"749",":@computed_region_wbg7_3whc":"754",":@computed_region_kjdx_g34t":"2095"}},
{"type":"Feature","geometry":{"type":"Point","coordinates":[-73.966847,40.803967]},"properties":{":id":"row-npvt-65n5-qjre",":version":"rv-cc62~jtq2~wvju",":created_at":"2026-09-28T04:22:00.524Z",":updated_at":"2026-09-28T04:22:02.228Z","gtfs_stop_id":"118","station_id":"308","complex_id":"308","division":"IRT","line":"Broadway - 7Av","stop_name":"Cathedral Pkwy (110 St)","borough":"M","cbd":"false","daytime_routes":"1","structure":"Subway","gtfs_latitude":"40.803967","gtfs_longitude":"-73.966847","north_direction_label":"Uptown","south_direction_label":"Downtown","ada":"0","ada_northbound":"0","ada_southbound":"0","ada_notes":null,":@computed_region_yamh_8v7k":"749",":@computed_region_wbg7_3whc":"752",":@computed_region_kjdx_g34t":"2095"}},
{"type":"Feature","geometry":{"type":"Point","coordinates":[-73.968379,40.799446]},"properties":{":id":"row-93hv~mvsu~4j5f",":version":"rv-7jrz~uwxc.sbka",":created_at":"2026-09-28T04:22:00.524Z",":updated_at":"2026-09-28T04:22:02.228Z","gtfs_stop_id":"119","station_id":"309","complex_id":"309","division":"IRT","line":"Broadway - 7Av","stop_name":"103 St","borough":"M","cbd":"false","daytime_routes":"1","structure":"Subway","gtfs_latitude":"40.799446","gtfs_longitude":"-73.968379","north_direction_label":"Uptown","south_direction_label":"Downtown","ada":"0","ada_northbound":"0","ada_southbound":"0","ada_notes":null,":@computed_region_yamh_8v7k":"749",":@computed_region_wbg7_3whc":"752",":@computed_region_kjdx_g34t":"2095"}},
{"type":"Feature","geometry":{"type":"Point","coordinates":[-73.972323,40.793919]},"properties":{":id":"row-9vt5_ssz6~hxgf",":version":"rv-ehuc~ivry~5msz",":created_at":"2026-09-28T04:22:00.524Z",":updated_at":"2026-09-28T04:22:02.228Z","gtfs_stop_id":"120","station_id":"310","complex_id":"310","division":"IRT","line":"Broadway - 7Av","stop_name":"96 St","borough":"M","cbd":"false","daytime_routes":"1 2 3","structure":"Subway","gtfs_latitude":"40.793919","gtfs_longitude":"-73.972323","north_direction_label":"Uptown","south_direction_label":"Downtown","ada":"1","ada_northbound":"1","ada_southbound":"1","ada_notes":null,":@computed_region_yamh_8v7k":"749",":@computed_region_wbg7_3whc":"752",":@computed_region_kjdx_g34t":"2095"}},
{"type":"Feature","geometry":{"type":"Point","coordinates":[-73.976218,40.788644]},"properties":{":id":"row-ggrc-976d_t7n2",":version":"rv-fsuk_8db7~bapr",":created_at":"2026-09-28T04:22:00.524Z",":updated_at":"2026-09-28T04:22:02.228Z","gtfs_stop_id":"121","station_id":"311","complex_id":"311","division":"IRT","line":"Broadway - 7Av","stop_name":"86 St","borough":"M","cbd":"false","daytime_routes":"1","structure":"Subway","gtfs_latitude":"40.788644","gtfs_longitude":"-73.976218","north_direction_label":"Uptown","south_direction_label":"Downtown","ada":"0","ada_northbound":"0","ada_southbound":"0","ada_notes":null,":@computed_region_yamh_8v7k":"749",":@computed_region_wbg7_3whc":"751",":@computed_region_kjdx_g34t":"2095"}},
{"type":"Feature","geometry":{"type":"Point","coordinates":[-73.979917,40.783934]},"properties":{":id":"row-zke6_jm48_67w7",":version":"rv-vkww.eyyi~af27",":created_at":"2026-09-28T04:22:00.524Z",":updated_at":"2026-09-28T04:22:02.228Z","gtfs_stop_id":"122","station_id":"312","complex_id":"312","division":"IRT","line":"Broadway - 7Av","stop_name":"79 St","borough":"M","cbd":"false","daytime_routes":"1","structure":"Subway","gtfs_latitude":"40.783934","gtfs_longitude":"-73.979917","north_direction_label":"Uptown","south_direction_label":"Downtown","ada":"0","ada_northbound":"0","ada_southbound":"0","ada_notes":null,":@computed_region_yamh_8v7k":"749",":@computed_region_wbg7_3whc":"751",":@computed_region_kjdx_g34t":"2095"}},
{"type":"Feature","geometry":{"type":"Point","coordinates":[-73.98197,40.778453]},"properties":{":id":"row-q3zf.vwjn~ibq4",":version":"rv-bixq.zzyw.nt6f",":created_at":"2026-09-28T04:22:00.524Z",":updated_at":"2026-09-28T04:22:02.228Z","gtfs_stop_id":"123","station_id":"313","complex_id":"313","division":"IRT","line":"Broadway - 7Av","stop_name":"72 St","borough":"M","cbd":"false","daytime_routes":"1 2 3","structure":"Subway","gtfs_latitude":"40.778453","gtfs_longitude":"-73.98197","north_direction_label":"Uptown","south_direction_label":"Downtown","ada":"1","ada_northbound":"1","ada_southbound":"1","ada_notes":null,":@computed_region_yamh_8v7k":"749",":@computed_region_wbg7_3whc":"750",":@computed_region_kjdx_g34t":"2095"}},
{"type":"Feature","geometry":{"type":"Point","coordinates":[-73.982209,40.77344]},"properties":{":id":"row-b3e7~vqr4_mvjw",":version":"rv-bgjc_pk2v_kzpf",":created_at":"2026-09-28T04:22:00.524Z",":updated_at":"2026-09-28T04:22:02.228Z","gtfs_stop_id":"124","station_id":"314","complex_id":"314","division":"IRT","line":"Broadway - 7Av","stop_name":"66 St-Lincoln Center","borough":"M","cbd":"false","daytime_routes":"1","structure":"Subway","gtfs_latitude":"40.77344","gtfs_longitude":"-73.982209","north_direction_label":"Uptown","south_direction_label":"Downtown","ada":"1","ada_northbound":"1","ada_southbound":"1","ada_notes":null,":@computed_region_yamh_8v7k":"749",":@computed_region_wbg7_3whc":"750",":@computed_region_kjdx_g34t":"2095"}},
{"type":"Feature","geometry":{"type":"Point","coordinates":[-73.981929,40.768247]},"properties":{":id":"row-dt4h.ynt2-xfu3",":version":"rv-fddc~grcn_nzr4",":created_at":"2026-09-28T04:22:00.524Z",":updated_at":"2026-09-28T04:22:02.228Z","gtfs_stop_id":"125","station_id":"315","complex_id":"614","division":"IRT","line":"Broadway - 7Av","stop_name":"59 St-Columbus Circle","borough":"M","cbd":"true","daytime_routes":"1","structure":"Subway","gtfs_latitude":"40.768247","gtfs_longitude":"-73.981929","north_direction_label":"Uptown","south_direction_label":"Downtown","ada":"1","ada_northbound":"1","ada_southbound":"1","ada_notes":null,":@computed_region_yamh_8v7k":"749",":@computed_region_wbg7_3whc":"742",":@computed_region_kjdx_g34t":"2095"}},
{"type":"Feature","geometry":{"type":"Point","coordinates":[-73.983849,40.761728]},"properties":{":id":"row-tyde_vwsv~5zcu",":version":"rv-t3mw_637u_mndu",":created_at":"2026-09-28T04:22:00.524Z",":updated_at":"2026-09-28T04:22:02.228Z","gtfs_stop_id":"126","station_id":"316","complex_id":"316","division":"IRT","line":"Broadway - 7Av","stop_name":"50 St","borough":"M","cbd":"true","daytime_routes":"1","structure":"Subway","gtfs_latitude":"40.761728","gtfs_longitude":"-73.983849","north_direction_label":"Uptown","south_direction_label":"Downtown","ada":"0","ada_northbound":"0","ada_southbound":"0","ada_notes":null,":@computed_region_yamh_8v7k":"749",":@computed_region_wbg7_3whc":"742",":@computed_region_kjdx_g34t":"2095"}},
{"type":"Feature","geometry":{"type":"Point","coordinates":[-73.987495,40.75529]},"properties":{":id":"row-j8nk.vznr~6hwb",":version":"rv-73bj.vmuc.4e4v",":created_at":"2026-09-28T04:22:00.524Z",":updated_at":"2026-09-28T04:22:02.228Z","gtfs_stop_id":"127","station_id":"317","complex_id":"611","division":"IRT","line":"Broadway - 7Av","stop_name":"Times Sq-42 St","borough":"M","cbd":"true","daytime_routes":"1 2 3","structure":"Subway","gtfs_latitude":"40.75529","gtfs_longitude":"-73.987495","north_direction_label":"Uptown","south_direction_label":"Downtown","ada":"1","ada_northbound":"1","ada_southbound":"1","ada_notes":null,":@computed_region_yamh_8v7k":"749",":@computed_region_wbg7_3whc":"741",":@computed_region_kjdx_g34t":"2095"}},
{"type":"Feature","geometry":{"type":"Point","coordinates":[-73.991057,40.750373]},"properties":{":id":"row-fbpt.88kd.4pcg",":version":"rv-xwjg-8qra-abnw",":created_at":"2026-09-28T04:22:00.524Z",":updated_at":"2026-09-28T04:22:02.228Z","gtfs_stop_id":"128","station_id":"318","complex_id":"318","division":"IRT","line":"Broadway - 7Av","stop_name":"34 St-Penn Station","borough":"M","cbd":"true","daytime_routes":"1 2 3","structure":"Subway","gtfs_latitude":"40.750373","gtfs_longitude":"-73.991057","north_direction_label":"Uptown","south_direction_label":"Downtown","ada":"1","ada_northbound":"1","ada_southbound":"1","ada_notes":null,":@computed_region_yamh_8v7k":"749",":@computed_region_wbg7_3whc":"717",":@computed_region_kjdx_g34t":"2095"}},
{"type":"Feature","geometry":{"type":"Point","coordinates":[-73.993365,40.747215]},"properties":{":id":"row-w3m5_utgy-9ji6",":version":"rv-d4ax_vy6t-gwc5",":created_at":"2026-09-28T04:22:00.524Z",":updated_at":"2026-09-28T04:22:02.228Z","gtfs_stop_id":"129","station_id":"319","complex_id":"319","division":"IRT","line":"Broadway - 7Av","stop_name":"28 St","borough":"M","cbd":"true","daytime_routes":"1","structure":"Subway","gtfs_latitude":"40.747215","gtfs_longitude":"-73.993365","north_direction_label":"Uptown","south_direction_label":"Downtown","ada":"0","ada_northbound":"0","ada_southbound":"0","ada_notes":null,":@computed_region_yamh_8v7k":"749",":@computed_region_wbg7_3whc":"717",":@computed_region_kjdx_g34t":"2095"}},
{"type":"Feature","geometry":{"type":"Point","coordinates":[-73.995657,40.744081]},"properties":{":id":"row-jaaz-exk4-j8bd",":version":"rv-iq2s.5am6.bewk",":created_at":"2026-09-28T04:22:00.524Z",":updated_at":"2026-09-28T04:22:02.228Z","gtfs_stop_id":"130","station_id":"320","complex_id":"320","division":"IRT","line":"Broadway - 7Av","stop_name":"23 St","borough":"M","cbd":"true","daytime_routes":"1","structure":"Subway","gtfs_latitude":"40.744081","gtfs_longitude":"-73.995657","north_direction_label":"Uptown","south_direction_label":"Downtown","ada":"0","ada_northbound":"0","ada_southbound":"0","ada_notes":null,":@computed_region_yamh_8v7k":"749",":@computed_region_wbg7_3whc":"735",":@computed_region_kjdx_g34t":"2095"}},
{"type":"Feature","geometry":{"type":"Point","coordinates":[-73.997871,40.74104]},"properties":{":id":"row-exxn.4zj3.3th5",":version":"rv-9zf6.wgfm.sse7",":created_at":"2026-09-28T04:22:00.524Z",":updated_at":"2026-09-28T04:22:02.228Z","gtfs_stop_id":"131","station_id":"321","complex_id":"321","division":"IRT","line":"Broadway - 7Av","stop_name":"18 St","borough":"M","cbd":"true","daytime_routes":"1","structure":"Subway","gtfs_latitude":"40.74104","gtfs_longitude":"-73.997871","north_direction_label":"Uptown","south_direction_label":"Downtown","ada":"0","ada_northbound":"0","ada_southbound":"0","ada_notes":null,":@computed_region_yamh_8v7k":"749",":@computed_region_wbg7_3whc":"735",":@computed_region_kjdx_g34t":"2095"}},
{"type":"Feature","geometry":{"type":"Point","coordinates":[-74.000201,40.737826]},"properties":{":id":"row-9ynu-7q86_a6hp",":version":"rv-2f9t-9bcq.2qw9",":created_at":"2026-09-28T04:22:00.524Z",":updated_at":"2026-09-28T04:22:02.228Z","gtfs_stop_id":"132","station_id":"322","complex_id":"601","division":"IRT","line":"Broadway - 7Av","stop_name":"14 St","borough":"M","cbd":"true","daytime_routes":"1 2 3","structure":"Subway","gtfs_latitude":"40.737826","gtfs_longitude":"-74.000201","north_direction_label":"Uptown","south_direction_label":"Downtown","ada":"1","ada_northbound":"1","ada_southbound":"1","ada_notes":null,":@computed_region_yamh_8v7k":"749",":@computed_region_wbg7_3whc":"735",":@computed_region_kjdx_g34t":"2095"}},
{"type":"Feature","geometry":{"type":"Point","coordinates":[-74.002906,40.733422]},"properties":{":id":"row-3n9g-f945_g8sp",":version":"rv-am3g~e9bt-jz4d",":created_at":"2026-09-28T04:22:00.524Z",":updated_at":"2026-09-28T04:22:02.228Z","gtfs_stop_id":"133","station_id":"323","complex_id":"323","division":"IRT","line":"Broadway - 7Av","stop_name":"Christopher St-Stonewall","borough":"M","cbd":"true","daytime_routes":"1","structure":"Subway","gtfs_latitude":"40.733422","gtfs_longitude":"-74.002906","north_direction_label":"Uptown","south_direction_label":"Downtown","ada":"0","ada_northbound":"0","ada_southbound":"0","ada_notes":null,":@computed_region_yamh_8v7k":"749",":@computed_region_wbg7_3whc":"738",":@computed_region_kjdx_g34t":"2095"}},
{"type":"Feature","geometry":{"type":"Point","coordinates":[-74.005367,40.728251]},"properties":{":id":"row-bsdq~4nvi~nhpp",":version":"rv-xxf7_rq2z-g7vk",":created_at":"2026-09-28T04:22:00.524Z",":updated_at":"2026-09-28T04:22:02.228Z","gtfs_stop_id":"134","station_id":"324","complex_id":"324","division":"IRT","line":"Broadway - 7Av","stop_name":"Houston St","borough":"M","cbd":"true","daytime_routes":"1","structure":"Subway","gtfs_latitude":"40.728251","gtfs_longitude":"-74.005367","north_direction_label":"Uptown","south_direction_label":"Downtown","ada":"0","ada_northbound":"0","ada_southbound":"0","ada_notes":null,":@computed_region_yamh_8v7k":"749",":@computed_region_wbg7_3whc":"738",":@computed_region_kjdx_g34t":"2095"}},
{"type":"Feature","geometry":{"type":"Point","coordinates":[-74.006277,40.722854]},"properties":{":id":"row-r6pc-6g67.dxee",":version":"rv-6ruc-45r7-vgi4",":created_at":"2026-09-28T04:22:00.524Z",":updated_at":"2026-09-28T04:22:02.228Z","gtfs_stop_id":"135","station_id":"325","complex_id":"325","division":"IRT","line":"Broadway - 7Av","stop_name":"Canal St","borough":"M","cbd":"true","daytime_routes":"1","structure":"Subway","gtfs_latitude":"40.722854","gtfs_longitude":"-74.006277","north_direction_label":"Uptown","south_direction_label":"Downtown","ada":"0","ada_northbound":"0","ada_southbound":"0","ada_notes":null,":@computed_region_yamh_8v7k":"749",":@computed_region_wbg7_3whc":"737",":@computed_region_kjdx_g34t":"2095"}},
{"type":"Feature","geometry":{"type":"Point","coordinates":[-74.006886,40.719318]},"properties":{":id":"row-8jda.evwe_8r4x",":version":"rv-w3p7_etmb.mrvc",":created_at":"2026-09-28T04:22:00.524Z",":updated_at":"2026-09-28T04:22:02.228Z","gtfs_stop_id":"136","station_id":"326","complex_id":"326","division":"IRT","line":"Broadway - 7Av","stop_name":"Franklin St","borough":"M","cbd":"true","daytime_routes":"1","structure":"Subway","gtfs_latitude":"40.719318","gtfs_longitude":"-74.006886","north_direction_label":"Uptown","south_direction_label":"Downtown","ada":"0","ada_northbound":"0","ada_southbound":"0","ada_notes":null,":@computed_region_yamh_8v7k":"749",":@computed_region_wbg7_3whc":"737",":@computed_region_kjdx_g34t":"2095"}},
{"type":"Feature","geometry":{"type":"Point","coordinates":[-74.009266,40.715478]},"properties":{":id":"row-y5x7_3kw8_x23u",":version":"rv-gvyi-iphx-bxir",":created_at":"2026-09-28T04:22:00.524Z",":updated_at":"2026-09-28T04:22:02.228Z","gtfs_stop_id":"137","station_id":"327","complex_id":"327","division":"IRT","line":"Broadway - 7Av","stop_name":"Chambers St","borough":"M","cbd":"true","daytime_routes":"1 2 3","structure":"Subway","gtfs_latitude":"40.715478","gtfs_longitude":"-74.009266","north_direction_label":"Uptown","south_direction_label":"Downtown","ada":"1","ada_northbound":"1","ada_southbound":"1","ada_notes":null,":@computed_region_yamh_8v7k":"749",":@computed_region_wbg7_3whc":"723",":@computed_region_kjdx_g34t":"2095"}},
{"type":"Feature","geometry":{"type":"Point","coordinates":[-74.012188,40.711835]},"properties":{":id":"row-9qq3~z27q-fdeh",":version":"rv-mg64-8n9q-rjgt",":created_at":"2026-09-28T04:22:00.524Z",":updated_at":"2026-09-28T04:22:02.228Z","gtfs_stop_id":"138","station_id":"328","complex_id":"328","division":"IRT","line":"Broadway - 7Av","stop_name":"WTC Cortlandt","borough":"M","cbd":"true","daytime_routes":"1","structure":"Subway","gtfs_latitude":"40.711835","gtfs_longitude":"-74.012188","north_direction_label":"Uptown","south_direction_label":"Downtown","ada":"1","ada_northbound":"1","ada_southbound":"1","ada_notes":null,":@computed_region_yamh_8v7k":"749",":@computed_region_wbg7_3whc":"722",":@computed_region_kjdx_g34t":"2095"}},
{"type":"Feature","geometry":{"type":"Point","coordinates":[-74.013783,40.707513]},"properties":{":id":"row-syti.69an_m9ch",":version":"rv-er65-iaay~kayr",":created_at":"2026-09-28T04:22:00.524Z",":updated_at":"2026-09-28T04:22:02.228Z","gtfs_stop_id":"139","station_id":"329","complex_id":"329","division":"IRT","line":"Broadway - 7Av","stop_name":"Rector St","borough":"M","cbd":"true","daytime_routes":"1","structure":"Subway","gtfs_latitude":"40.707513","gtfs_longitude":"-74.013783","north_direction_label":"Uptown","south_direction_label":"Downtown","ada":"0","ada_northbound":"0","ada_southbound":"0","ada_notes":null,":@computed_region_yamh_8v7k":"749",":@computed_region_wbg7_3whc":"722",":@computed_region_kjdx_g34t":"2095"}},
{"type":"Feature","geometry":{"type":"Point","coordinates":[-74.013664,40.702068]},"properties":{":id":"row-t6rn.cwb4.a3ch",":version":"rv-iwin_7gsj-2hts",":created_at":"2026-09-28T04:22:00.524Z",":updated_at":"2026-09-28T04:22:02.228Z","gtfs_stop_id":"142","station_id":"330","complex_id":"635","division":"IRT","line":"Broadway - 7Av","stop_name":"South Ferry","borough":"M","cbd":"true","daytime_routes":"1","structure":"Subway","gtfs_latitude":"40.702068","gtfs_longitude":"-74.013664","north_direction_label":"Uptown","south_direction_label":"Last Stop","ada":"1","ada_northbound":"1","ada_southbound":"1","ada_notes":null,":@computed_region_yamh_8v7k":"749",":@computed_region_wbg7_3whc":"720",":@computed_region_kjdx_g34t":"2095"}},
{"type":"Feature","geometry":{"type":"Point","coordinates":[-74.008811,40.713051]},"properties":{":id":"row-6uym~5hhf.3u87",":version":"rv-5gbf~jsgj-nq7e",":created_at":"2026-09-28T04:22:00.524Z",":updated_at":"2026-09-28T04:22:02.228Z","gtfs_stop_id":"228","station_id":"331","complex_id":"624","division":"IRT","line":"Clark St","stop_name":"Park Place","borough":"M","cbd":"true","daytime_routes":"2 3","structure":"Subway","gtfs_latitude":"40.713051","gtfs_longitude":"-74.008811","north_direction_label":"Uptown","south_direction_label":"Brooklyn","ada":"0","ada_northbound":"0","ada_southbound":"0","ada_notes":null,":@computed_region_yamh_8v7k":"749",":@computed_region_wbg7_3whc":"601",":@computed_region_kjdx_g34t":"2095"}},
{"type":"Feature","geometry":{"type":"Point","coordinates":[-74.006571,40.709416]},"properties":{":id":"row-3sbt-jyae.cjj4",":version":"rv-t3sh-v82g~ee5d",":created_at":"2026-09-28T04:22:00.524Z",":updated_at":"2026-09-28T04:22:02.228Z","gtfs_stop_id":"229","station_id":"332","complex_id":"628","division":"IRT","line":"Clark St","stop_name":"Fulton St","borough":"M","cbd":"true","daytime_routes":"2 3","structure":"Subway","gtfs_latitude":"40.709416","gtfs_longitude":"-74.006571","north_direction_label":"Uptown","south_direction_label":"Brooklyn","ada":"1","ada_northbound":"1","ada_southbound":"1","ada_notes":null,":@computed_region_yamh_8v7k":"749",":@computed_region_wbg7_3whc":"797",":@computed_region_kjdx_g34t":"2095"}},
{"type":"Feature","geometry":{"type":"Point","coordinates":[-74.0091,40.706821]},"properties":{":id":"row-6e29_run2_cqf7",":version":"rv-cqxh_jvvb.9x7t",":created_at":"2026-09-28T04:22:00.524Z",":updated_at":"2026-09-28T04:22:02.228Z","gtfs_stop_id":"230","station_id":"333","complex_id":"333","division":"IRT","line":"Clark St","stop_name":"Wall St","borough":"M","cbd":"true","daytime_routes":"2 3","structure":"Subway","gtfs_latitude":"40.706821","gtfs_longitude":"-74.0091","north_direction_label":"Uptown","south_direction_label":"Brooklyn","ada":"0","ada_northbound":"0","ada_southbound":"0","ada_notes":null,":@computed_region_yamh_8v7k":"749",":@computed_region_wbg7_3whc":"721",":@computed_region_kjdx_g34t":"2095"}},
{"type":"Feature","geometry":{"type":"Point","coordinates":[-73.993086,40.697466]},"properties":{":id":"row-jvx2~rfe4-ir5w",":version":"rv-tsmk~pn8c~q5hi",":created_at":"2026-09-28T04:22:00.524Z",":updated_at":"2026-09-28T04:22:02.228Z","gtfs_stop_id":"231","station_id":"334","complex_id":"334","division":"IRT","line":"Clark St","stop_name":"Clark St","borough":"Bk","cbd":"false","daytime_routes":"2 3","structure":"Subway","gtfs_latitude":"40.697466","gtfs_longitude":"-73.993086","north_direction_label":"Manhattan","south_direction_label":"Outbound","ada":"0","ada_northbound":"0","ada_southbound":"0","ada_notes":null,":@computed_region_yamh_8v7k":"894",":@computed_region_wbg7_3whc":"880",":@computed_region_kjdx_g34t":"2095"}},
{"type":"Feature","geometry":{"type":"Point","coordinates":[-73.989998,40.693219]},"properties":{":id":"row-z2ci~gbr2~58qe",":version":"rv-3jxp-qfk7-3bjy",":created_at":"2026-09-28T04:22:00.524Z",":updated_at":"2026-09-28T04:22:02.228Z","gtfs_stop_id":"232","station_id":"335","complex_id":"620","division":"IRT","line":"Clark St","stop_name":"Borough Hall","borough":"Bk","cbd":"false","daytime_routes":"2 3","structure":"Subway","gtfs_latitude":"40.693219","gtfs_longitude":"-73.989998","north_direction_label":"Manhattan","south_direction_label":"Outbound","ada":"1","ada_northbound":"1","ada_southbound":"1","ada_notes":null,":@computed_region_yamh_8v7k":"894",":@computed_region_wbg7_3whc":"880",":@computed_region_kjdx_g34t":"2090"}},
{"type":"Feature","geometry":{"type":"Point","coordinates":[-73.985065,40.690545]},"properties":{":id":"row-wsst_29sy~ntfw",":version":"rv-c6gk~ujsr-cgi6",":created_at":"2026-09-28T04:22:00.524Z",":updated_at":"2026-09-28T04:22:02.228Z","gtfs_stop_id":"233","station_id":"336","complex_id":"336","division":"IRT","line":"Eastern Pky","stop_name":"Hoyt St","borough":"Bk","cbd":"false","daytime_routes":"2 3","structure":"Subway","gtfs_latitude":"40.690545","gtfs_longitude":"-73.985065","north_direction_label":"Manhattan","south_direction_label":"Outbound","ada":"2","ada_northbound":"0","ada_southbound":"1","ada_notes":"Outbound only",":@computed_region_yamh_8v7k":"894",":@computed_region_wbg7_3whc":"880",":@computed_region_kjdx_g34t":"2090"}},
{"type":"Feature","geometry":{"type":"Point","coordinates":[-73.980492,40.688246]},"properties":{":id":"row-ydsr~va6u.pcjt",":version":"rv-hsab.ft2i.pbbd",":created_at":"2026-09-28T04:22:00.524Z",":updated_at":"2026-09-28T04:22:02.228Z","gtfs_stop_id":"234","station_id":"337","complex_id":"337","division":"IRT","line":"Eastern Pky","stop_name":"Nevins St","borough":"Bk","cbd":"false","daytime_routes":"2 3 4 5","structure":"Subway","gtfs_latitude":"40.688246","gtfs_longitude":"-73.980492","north_direction_label":"Manhattan","south_direction_label":"Outbound","ada":"0","ada_northbound":"0","ada_southbound":"0","ada_notes":null,":@computed_region_yamh_8v7k":"894",":@computed_region_wbg7_3whc":"895",":@computed_region_kjdx_g34t":"2090"}},
{"type":"Feature","geometry":{"type":"Point","coordinates":[-73.977666,40.684359]},"properties":{":id":"row-7mp8.pvyc-cham",":version":"rv-8r2m_sj28~seze",":created_at":"2026-09-28T04:22:00.524Z",":updated_at":"2026-09-28T04:22:02.228Z","gtfs_stop_id":"235","station_id":"338","complex_id":"617","division":"IRT","line":"Eastern Pky","stop_name":"Atlantic Av-Barclays Ctr","borough":"Bk","cbd":"false","daytime_routes":"2 3 4 5","structure":"Subway","gtfs_latitude":"40.684359","gtfs_longitude":"-73.977666","north_direction_label":"Manhattan","south_direction_label":"Outbound","ada":"1","ada_northbound":"1","ada_southbound":"1","ada_notes":null,":@computed_region_yamh_8v7k":"894",":@computed_region_wbg7_3whc":"895",":@computed_region_kjdx_g34t":"2090"}},
{"type":"Feature","geometry":{"type":"Point","coordinates":[-73.975098,40.680829]},"properties":{":id":"row-bm5t_fg56_q4z6",":version":"rv-3px6_fxin-y9gn",":created_at":"2026-09-28T04:22:00.524Z",":updated_at":"2026-09-28T04:22:02.228Z","gtfs_stop_id":"236","station_id":"339","complex_id":"339","division":"IRT","line":"Eastern Pky","stop_name":"Bergen St","borough":"Bk","cbd":"false","daytime_routes":"2 3","structure":"Subway","gtfs_latitude":"40.680829","gtfs_longitude":"-73.975098","north_direction_label":"Manhattan","south_direction_label":"Outbound","ada":"0","ada_northbound":"0","ada_southbound":"0","ada_notes":null,":@computed_region_yamh_8v7k":"894",":@computed_region_wbg7_3whc":"895",":@computed_region_kjdx_g34t":"2090"}},
{"type":"Feature","geometry":{"type":"Point","coordinates":[-73.971046,40.675235]},"properties":{":id":"row-m77g.9c7w~jhwi",":version":"rv-3ixq_rxn8_3crj",":created_at":"2026-09-28T04:22:00.524Z",":updated_at":"2026-09-28T04:22:02.228Z","gtfs_stop_id":"237","station_id":"340","complex_id":"340","division":"IRT","line":"Eastern Pky","stop_name":"Grand Army Plaza","borough":"Bk","cbd":"false","daytime_routes":"2 3","structure":"Subway","gtfs_latitude":"40.675235","gtfs_longitude":"-73.971046","north_direction_label":"Manhattan","south_direction_label":"Outbound","ada":"0","ada_northbound":"0","ada_southbound":"0","ada_notes":null,":@computed_region_yamh_8v7k":"894",":@computed_region_wbg7_3whc":"821",":@computed_region_kjdx_g34t":"2090"}},
{"type":"Feature","geometry":{"type":"Point","coordinates":[-73.964375,40.671987]},"properties":{":id":"row-jede~r2fp_szg2",":version":"rv-asq9-dx8i-suiq",":created_at":"2026-09-28T04:22:00.524Z",":updated_at":"2026-09-28T04:22:02.228Z","gtfs_stop_id":"238","station_id":"341","complex_id":"341","division":"IRT","line":"Eastern Pky","stop_name":"Eastern Pkwy-Brooklyn Museum","borough":"Bk","cbd":"false","daytime_routes":"2 3","structure":"Subway","gtfs_latitude":"40.671987","gtfs_longitude":"-73.964375","north_direction_label":"Manhattan","south_direction_label":"Outbound","ada":"1","ada_northbound":"1","ada_southbound":"1","ada_notes":null,":@computed_region_yamh_8v7k":"894",":@computed_region_wbg7_3whc":"821",":@computed_region_kjdx_g34t":"2090"}},
{"type":"Feature","geometry":{"type":"Point","coordinates":[-73.958131,40.670682]},"properties":{":id":"row-ac84_kjb2.dpmy",":version":"rv-w7a4.3hzm.wkmb",":created_at":"2026-09-28T04:22:00.524Z",":updated_at":"2026-09-28T04:22:02.228Z","gtfs_stop_id":"239","station_id":"342","complex_id":"626","division":"IRT","line":"Eastern Pky","stop_name":"Franklin Av-Medgar Evers College","borough":"Bk","cbd":"false","daytime_routes":"2 3 4 5","structure":"Subway","gtfs_latitude":"40.670682","gtfs_longitude":"-73.958131","north_direction_label":"Manhattan","south_direction_label":"Outbound","ada":"0","ada_northbound":"0","ada_southbound":"0","ada_notes":null,":@computed_region_yamh_8v7k":"894",":@computed_region_wbg7_3whc":"809",":@computed_region_kjdx_g34t":"2090"}},
{"type":"Feature","geometry":{"type":"Point","coordinates":[-73.950466,40.669847]},"properties":{":id":"row-m2nf.8uqb~wa45",":version":"rv-9tk6_77h4-q6j8",":created_at":"2026-09-28T04:22:00.524Z",":updated_at":"2026-09-28T04:22:02.228Z","gtfs_stop_id":"248","station_id":"343","complex_id":"343","division":"IRT","line":"Eastern Pky","stop_name":"Nostrand Av","borough":"Bk","cbd":"false","daytime_routes":"3","structure":"Subway","gtfs_latitude":"40.669847","gtfs_longitude":"-73.950466","north_direction_label":"Manhattan","south_direction_label":"Outbound","ada":"0","ada_northbound":"0","ada_southbound":"0","ada_notes":null,":@computed_region_yamh_8v7k":"894",":@computed_region_wbg7_3whc":"809",":@computed_region_kjdx_g34t":"2090"}},
{"type":"Feature","geometry":{"type":"Point","coordinates":[-73.942161,40.669399]},"properties":{":id":"row-qbs2~k67h~q9vu",":version":"rv-h6bu_z3wp.pdjj",":created_at":"2026-09-28T04:22:00.524Z",":updated_at":"2026-09-28T04:22:02.228Z","gtfs_stop_id":"249","station_id":"344","complex_id":"344","division":"IRT","line":"Eastern Pky","stop_name":"Kingston Av","borough":"Bk","cbd":"false","daytime_routes":"3","structure":"Subway","gtfs_latitude":"40.669399","gtfs_longitude":"-73.942161","north_direction_label":"Manhattan","south_direction_label":"Outbound","ada":"0","ada_northbound":"0","ada_southbound":"0","ada_notes":null,":@computed_region_yamh_8v7k":"894",":@computed_region_wbg7_3whc":"891",":@computed_region_kjdx_g34t":"2090"}},
{"type":"Feature","geometry":{"type":"Point","coordinates":[-73.932942,40.668897]},"properties":{":id":"row-uj2a_saqw-miwv",":version":"rv-fc8i.sus9.fk9a",":created_at":"2026-09-28T04:22:00.524Z",":updated_at":"2026-09-28T04:22:02.228Z","gtfs_stop_id":"250","station_id":"345","complex_id":"345","division":"IRT","line":"Eastern Pky","stop_name":"Crown Hts-Utica Av","borough":"Bk","cbd":"false","daytime_routes":"3 4","structure":"Subway","gtfs_latitude":"40.668897","gtfs_longitude":"-73.932942","north_direction_label":"Manhattan","south_direction_label":"Outbound","ada":"1","ada_northbound":"1","ada_southbound":"1","ada_notes":null,":@computed_region_yamh_8v7k":"894",":@computed_region_wbg7_3whc":"891",":@computed_region_kjdx_g34t":"2090"}},
{"type":"Feature","geometry":{"type":"Point","coordinates":[-73.92261,40.664717]},"properties":{":id":"row-y3zj~ny3w.u29p",":version":"rv-mvnp_25uk~m3f6",":created_at":"2026-09-28T04:22:00.524Z",":updated_at":"2026-09-28T04:22:02.228Z","gtfs_stop_id":"251","station_id":"346","complex_id":"346","division":"IRT","line":"Eastern Pky","stop_name":"Sutter Av-Rutland Rd","borough":"Bk","cbd":"false","daytime_routes":"3","structure":"Elevated","gtfs_latitude":"40.664717","gtfs_longitude":"-73.92261","north_direction_label":"Manhattan","south_direction_label":"New Lots","ada":"0","ada_northbound":"0","ada_southbound":"0","ada_notes":null,":@computed_region_yamh_8v7k":"894",":@computed_region_wbg7_3whc":"890",":@computed_region_kjdx_g34t":"2090"}},
{"type":"Feature","geometry":{"type":"Point","coordinates":[-73.916327,40.661453]},"properties":{":id":"row-4rac_7sue_ih7k",":version":"rv-7s77-w3br~gi73",":created_at":"2026-09-28T04:22:00.524Z",":updated_at":"2026-09-28T04:22:02.228Z","gtfs_stop_id":"252","station_id":"347","complex_id":"347","division":"IRT","line":"Eastern Pky","stop_name":"Saratoga Av","borough":"Bk","cbd":"false","daytime_routes":"3","structure":"Elevated","gtfs_latitude":"40.661453","gtfs_longitude":"-73.916327","north_direction_label":"Manhattan","south_direction_label":"New Lots","ada":"0","ada_northbound":"0","ada_southbound":"0","ada_notes":null,":@computed_region_yamh_8v7k":"894",":@computed_region_wbg7_3whc":"890",":@computed_region_kjdx_g34t":"2090"}},
{"type":"Feature","geometry":{"type":"Point","coordinates":[-73.908946,40.662549]},"properties":{":id":"row-vxvw-3uq2.zfrd",":version":"rv-njj6-bfx3_fcu5",":created_at":"2026-09-28T04:22:00.524Z",":updated_at":"2026-09-28T04:22:02.228Z","gtfs_stop_id":"253","station_id":"348","complex_id":"348","division":"IRT","line":"Eastern Pky","stop_name":"Rockaway Av","borough":"Bk","cbd":"false","daytime_routes":"3","structure":"Elevated","gtfs_latitude":"40.662549","gtfs_longitude":"-73.908946","north_direction_label":"Manhattan","south_direction_label":"New Lots","ada":"0","ada_northbound":"0","ada_southbound":"0","ada_notes":null,":@computed_region_yamh_8v7k":"894",":@computed_region_wbg7_3whc":"890",":@computed_region_kjdx_g34t":"2090"}},
{"type":"Feature","geometry":{"type":"Point","coordinates":[-73.902447,40.663515]},"properties":{":id":"row-2w2a_kmz7.aake",":version":"rv-4rfg.verj~g6rb",":created_at":"2026-09-28T04:22:00.524Z",":updated_at":"2026-09-28T04:22:02.228Z","gtfs_stop_id":"254","station_id":"349","complex_id":"349","division":"IRT","line":"Eastern Pky","stop_name":"Junius St","borough":"Bk","cbd":"false","daytime_routes":"3","structure":"Elevated","gtfs_latitude":"40.663515","gtfs_longitude":"-73.902447","north_direction_label":"Manhattan","south_direction_label":"New Lots","ada":"0","ada_northbound":"0","ada_southbound":"0","ada_notes":null,":@computed_region_yamh_8v7k":"894",":@computed_region_wbg7_3whc":"890",":@computed_region_kjdx_g34t":"2090"}},
{"type":"Feature","geometry":{"type":"Point","coordinates":[-73.894895,40.664635]},"properties":{":id":"row-5s9v~dagf~bd2f",":version":"rv-wi32-a5km~s8tf",":created_at":"2026-09-28T04:22:00.524Z",":updated_at":"2026-09-28T04:22:02.228Z","gtfs_stop_id":"255","station_id":"350","complex_id":"350","division":"IRT","line":"Eastern Pky","stop_name":"Pennsylvania Av","borough":"Bk","cbd":"false","daytime_routes":"3","structure":"Elevated","gtfs_latitude":"40.664635","gtfs_longitude":"-73.894895","north_direction_label":"Manhattan","south_direction_label":"New Lots","ada":"0","ada_northbound":"0","ada_southbound":"0","ada_notes":null,":@computed_region_yamh_8v7k":"894",":@computed_region_wbg7_3whc":"885",":@computed_region_kjdx_g34t":"2090"}},
{"type":"Feature","geometry":{"type":"Point","coordinates":[-73.889395,40.665449]},"properties":{":id":"row-rdnh_pnee~h3j8",":version":"rv-wuii-v9h8-thyh",":created_at":"2026-09-28T04:22:00.524Z",":updated_at":"2026-09-28T04:22:02.228Z","gtfs_stop_id":"256","station_id":"351","complex_id":"351","division":"IRT","line":"Eastern Pky","stop_name":"Van Siclen Av","borough":"Bk","cbd":"false","daytime_routes":"3","structure":"Elevated","gtfs_latitude":"40.665449","gtfs_longitude":"-73.889395","north_direction_label":"Manhattan","south_direction_label":"New Lots","ada":"0","ada_northbound":"0","ada_southbound":"0","ada_notes":null,":@computed_region_yamh_8v7k":"894",":@computed_region_wbg7_3whc":"885",":@computed_region_kjdx_g34t":"2090"}},
{"type":"Feature","geometry":{"type":"Point","coordinates":[-73.884079,40.666235]},"properties":{":id":"row-cx6s-hpm9~2qhf",":version":"rv-pag4-bjxx-fkxt",":created_at":"2026-09-28T04:22:00.524Z",":updated_at":"2026-09-28T04:22:02.228Z","gtfs_stop_id":"257","station_id":"352","complex_id":"352","division":"IRT","line":"Eastern Pky","stop_name":"New Lots Av","borough":"Bk","cbd":"false","daytime_routes":"3","structure":"Elevated","gtfs_latitude":"40.666235","gtfs_longitude":"-73.884079","north_direction_label":"Manhattan","south_direction_label":"Last Stop","ada":"0","ada_northbound":"0","ada_southbound":"0","ada_notes":null,":@computed_region_yamh_8v7k":"894",":@computed_region_wbg7_3whc":"885",":@computed_region_kjdx_g34t":"2090"}},
{"type":"Feature","geometry":{"type":"Point","coordinates":[-73.950683,40.667883]},"properties":{":id":"row-6ud4.uidm-nbcz",":version":"rv-w7zi.amek~mbg2",":created_at":"2026-09-28T04:22:00.524Z",":updated_at":"2026-09-28T04:22:02.228Z","gtfs_stop_id":"241","station_id":"353","complex_id":"353","division":"IRT","line":"Nostrand","stop_name":"President St-Medgar Evers College","borough":"Bk","cbd":"false","daytime_routes":"2 5","structure":"Subway","gtfs_latitude":"40.667883","gtfs_longitude":"-73.950683","north_direction_label":"Manhattan","south_direction_label":"Flatbush","ada":"0","ada_northbound":"0","ada_southbound":"0","ada_notes":null,":@computed_region_yamh_8v7k":"894",":@computed_region_wbg7_3whc":"809",":@computed_region_kjdx_g34t":"2090"}},
{"type":"Feature","geometry":{"type":"Point","coordinates":[-73.95085,40.662742]},"properties":{":id":"row-43xe.mpxp~4ifs",":version":"rv-xy5c_h94u.6a9v",":created_at":"2026-09-28T04:22:00.524Z",":updated_at":"2026-09-28T04:22:02.228Z","gtfs_stop_id":"242","station_id":"354","complex_id":"354","division":"IRT","line":"Nostrand","stop_name":"Sterling St","borough":"Bk","cbd":"false","daytime_routes":"2 5","structure":"Subway","gtfs_latitude":"40.662742","gtfs_longitude":"-73.95085","north_direction_label":"Manhattan","south_direction_label":"Flatbush","ada":"0","ada_northbound":"0","ada_southbound":"0","ada_notes":null,":@computed_region_yamh_8v7k":"894",":@computed_region_wbg7_3whc":"809",":@computed_region_kjdx_g34t":"2090"}},
{"type":"Feature","geometry":{"type":"Point","coordinates":[-73.9502,40.656652]},"properties":{":id":"row-bzbb-wrq9~5xpt",":version":"rv-8xky~6s7e-wnky",":created_at":"2026-09-28T04:22:00.524Z",":updated_at":"2026-09-28T04:22:02.228Z","gtfs_stop_id":"243","station_id":"355","complex_id":"355","division":"IRT","line":"Nostrand","stop_name":"Winthrop St","borough":"Bk","cbd":"false","daytime_routes":"2 5","structure":"Subway","gtfs_latitude":"40.656652","gtfs_longitude":"-73.9502","north_direction_label":"Manhattan","south_direction_label":"Flatbush","ada":"0","ada_northbound":"0","ada_southbound":"0","ada_notes":null,":@computed_region_yamh_8v7k":"894",":@computed_region_wbg7_3whc":"809",":@computed_region_kjdx_g34t":"2090"}},
{"type":"Feature","geometry":{"type":"Point","coordinates":[-73.949575,40.650843]},"properties":{":id":"row-quzk.nyqx-s7aa",":version":"rv-yrvb-bv7m~qd9n",":created_at":"2026-09-28T04:22:00.524Z",":updated_at":"2026-09-28T04:22:02.228Z","gtfs_stop_id":"244","station_id":"356","complex_id":"356","division":"IRT","line":"Nostrand","stop_name":"Church Av","borough":"Bk","cbd":"false","daytime_routes":"2 5","structure":"Subway","gtfs_latitude":"40.650843","gtfs_longitude":"-73.949575","north_direction_label":"Manhattan","south_direction_label":"Flatbush","ada":"1","ada_northbound":"1","ada_southbound":"1","ada_notes":null,":@computed_region_yamh_8v7k":"894",":@computed_region_wbg7_3whc":"810",":@computed_region_kjdx_g34t":"2090"}},
{"type":"Feature","geometry":{"type":"Point","coordinates":[-73.948959,40.645098]},"properties":{":id":"row-pj4g~zuru~md7x",":version":"rv-xanp~whqj~8nfh",":created_at":"2026-09-28T04:22:00.524Z",":updated_at":"2026-09-28T04:22:02.228Z","gtfs_stop_id":"245","station_id":"357","complex_id":"357","division":"IRT","line":"Nostrand","stop_name":"Beverly Rd","borough":"Bk","cbd":"false","daytime_routes":"2 5","structure":"Subway","gtfs_latitude":"40.645098","gtfs_longitude":"-73.948959","north_direction_label":"Manhattan","south_direction_label":"Flatbush","ada":"0","ada_northbound":"0","ada_southbound":"0","ada_notes":null,":@computed_region_yamh_8v7k":"894",":@computed_region_wbg7_3whc":"810",":@computed_region_kjdx_g34t":"2090"}},
{"type":"Feature","geometry":{"type":"Point","coordinates":[-73.948411,40.639967]},"properties":{":id":"row-ukpd.j54g_rwjk",":version":"rv-43fs~c5hb_y7tt",":created_at":"2026-09-28T04:22:00.524Z",":updated_at":"2026-09-28T04:22:02.228Z","gtfs_stop_id":"246","station_id":"358","complex_id":"358","division":"IRT","line":"Nostrand","stop_name":"Newkirk Av-Little Haiti","borough":"Bk","cbd":"false","daytime_routes":"2 5","structure":"Subway","gtfs_latitude":"40.639967","gtfs_longitude":"-73.948411","north_direction_label":"Manhattan","south_direction_label":"Flatbush","ada":"0","ada_northbound":"0","ada_southbound":"0","ada_notes":null,":@computed_region_yamh_8v7k":"894",":@computed_region_wbg7_3whc":"888",":@computed_region_kjdx_g34t":"2090"}},
{"type":"Feature","geometry":{"type":"Point","coordinates":[-73.947642,40.632836]},"properties":{":id":"row-uric~itxk.9i39",":version":"rv-wnqv-v4ui.g8gw",":created_at":"2026-09-28T04:22:00.524Z",":updated_at":"2026-09-28T04:22:02.228Z","gtfs_stop_id":"247","station_id":"359","complex_id":"359","division":"IRT","line":"Nostrand","stop_name":"Flatbush Av-Brooklyn College","borough":"Bk","cbd":"false","daytime_routes":"2 5","structure":"Subway","gtfs_latitude":"40.632836","gtfs_longitude":"-73.947642","north_direction_label":"Manhattan","south_direction_label":"Last Stop","ada":"1","ada_northbound":"1","ada_southbound":"1","ada_notes":null,":@computed_region_yamh_8v7k":"894",":@computed_region_wbg7_3whc":"888",":@computed_region_kjdx_g34t":"2090"}},
{"type":"Feature","geometry":{"type":"Point","coordinates":[-73.828121,40.852462]},"properties":{":id":"row-j53b~fusb.3naa",":version":"rv-fmj3_h24t.2chb",":created_at":"2026-09-28T04:22:00.524Z",":updated_at":"2026-09-28T04:22:02.228Z","gtfs_stop_id":"601","station_id":"360","complex_id":"360","division":"IRT","line":"Pelham","stop_name":"Pelham Bay Park","borough":"Bx","cbd":"false","daytime_routes":"6","structure":"Elevated","gtfs_latitude":"40.852462","gtfs_longitude":"-73.828121","north_direction_label":"Last Stop","south_direction_label":"Manhattan","ada":"1","ada_northbound":"1","ada_southbound":"1","ada_notes":null,":@computed_region_yamh_8v7k":"307",":@computed_region_wbg7_3whc":"674",":@computed_region_kjdx_g34t":"2032"}},
{"type":"Feature","geometry":{"type":"Point","coordinates":[-73.832569,40.84681]},"properties":{":id":"row-g8ye~bdb8-2cn6",":version":"rv-rtgn_5znc~etd7",":created_at":"2026-09-28T04:22:00.524Z",":updated_at":"2026-09-28T04:22:02.228Z","gtfs_stop_id":"602","station_id":"361","complex_id":"361","division":"IRT","line":"Pelham","stop_name":"Buhre Av","borough":"Bx","cbd":"false","daytime_routes":"6","structure":"Elevated","gtfs_latitude":"40.84681","gtfs_longitude":"-73.832569","north_direction_label":"Pelham Bay","south_direction_label":"Manhattan","ada":"0","ada_northbound":"0","ada_southbound":"0","ada_notes":null,":@computed_region_yamh_8v7k":"307",":@computed_region_wbg7_3whc":"674",":@computed_region_kjdx_g34t":"2032"}},
{"type":"Feature","geometry":{"type":"Point","coordinates":[-73.836322,40.843863]},"properties":{":id":"row-dbt2_7hcv~yck8",":version":"rv-uhyp~kazs-8f7t",":created_at":"2026-09-28T04:22:00.524Z",":updated_at":"2026-09-28T04:22:02.228Z","gtfs_stop_id":"603","station_id":"362","complex_id":"362","division":"IRT","line":"Pelham","stop_name":"Middletown Rd","borough":"Bx","cbd":"false","daytime_routes":"6","structure":"Elevated","gtfs_latitude":"40.843863","gtfs_longitude":"-73.836322","north_direction_label":"Pelham Bay","south_direction_label":"Manhattan","ada":"0","ada_northbound":"0","ada_southbound":"0","ada_notes":null,":@computed_region_yamh_8v7k":"307",":@computed_region_wbg7_3whc":"674",":@computed_region_kjdx_g34t":"2032"}},
{"type":"Feature","geometry":{"type":"Point","coordinates":[-73.842952,40.839892]},"properties":{":id":"row-a38b-jint~8wuk",":version":"rv-j97r_fwdc~djs3",":created_at":"2026-09-28T04:22:00.524Z",":updated_at":"2026-09-28T04:22:02.228Z","gtfs_stop_id":"604","station_id":"363","complex_id":"363","division":"IRT","line":"Pelham","stop_name":"Westchester Sq-E Tremont Av","borough":"Bx","cbd":"false","daytime_routes":"6","structure":"Elevated","gtfs_latitude":"40.839892","gtfs_longitude":"-73.842952","north_direction_label":"Pelham Bay","south_direction_label":"Manhattan","ada":"1","ada_northbound":"1","ada_southbound":"1","ada_notes":null,":@computed_region_yamh_8v7k":"307",":@computed_region_wbg7_3whc":"674",":@computed_region_kjdx_g34t":"2032"}},
{"type":"Feature","geometry":{"type":"Point","coordinates":[-73.847036,40.836488]},"properties":{":id":"row-v8q5-amht-6k3y",":version":"rv-9bz2_amib.vxc6",":created_at":"2026-09-28T04:22:00.524Z",":updated_at":"2026-09-28T04:22:02.228Z","gtfs_stop_id":"606","station_id":"364","complex_id":"364","division":"IRT","line":"Pelham","stop_name":"Zerega Av","borough":"Bx","cbd":"false","daytime_routes":"6","structure":"Elevated","gtfs_latitude":"40.836488","gtfs_longitude":"-73.847036","north_direction_label":"Pelham Bay","south_direction_label":"Manhattan","ada":"0","ada_northbound":"0","ada_southbound":"0","ada_notes":null,":@computed_region_yamh_8v7k":"307",":@computed_region_wbg7_3whc":"675",":@computed_region_kjdx_g34t":"2032"}},
{"type":"Feature","geometry":{"type":"Point","coordinates":[-73.851222,40.834255]},"properties":{":id":"row-b2fr-hez8-phxc",":version":"rv-fjyg.wnak~dx8y",":created_at":"2026-09-28T04:22:00.524Z",":updated_at":"2026-09-28T04:22:02.228Z","gtfs_stop_id":"607","station_id":"365","complex_id":"365","division":"IRT","line":"Pelham","stop_name":"Castle Hill Av","borough":"Bx","cbd":"false","daytime_routes":"6","structure":"Elevated","gtfs_latitude":"40.834255","gtfs_longitude":"-73.851222","north_direction_label":"Pelham Bay","south_direction_label":"Manhattan","ada":"0","ada_northbound":"0","ada_southbound":"0","ada_notes":null,":@computed_region_yamh_8v7k":"307",":@computed_region_wbg7_3whc":"675",":@computed_region_kjdx_g34t":"2032"}},
{"type":"Feature","geometry":{"type":"Point","coordinates":[-73.860816,40.833226]},"properties":{":id":"row-8hni-mf39~rdex",":version":"rv-4upe-xzmt-jdkz",":created_at":"2026-09-28T04:22:00.524Z",":updated_at":"2026-09-28T04:22:02.228Z","gtfs_stop_id":"608","station_id":"366","complex_id":"366","division":"IRT","line":"Pelham","stop_name":"Parkchester","borough":"Bx","cbd":"false","daytime_routes":"6","structure":"Elevated","gtfs_latitude":"40.833226","gtfs_longitude":"-73.860816","north_direction_label":"Northbound","south_direction_label":"Manhattan","ada":"1","ada_northbound":"1","ada_southbound":"1","ada_notes":null,":@computed_region_yamh_8v7k":"307",":@computed_region_wbg7_3whc":"709",":@computed_region_kjdx_g34t":"2032"}},
{"type":"Feature","geometry":{"type":"Point","coordinates":[-73.867618,40.831509]},"properties":{":id":"row-jvaz~h6tz-xrne",":version":"rv-ypiv.vn24~jq5g",":created_at":"2026-09-28T04:22:00.524Z",":updated_at":"2026-09-28T04:22:02.228Z","gtfs_stop_id":"609","station_id":"367","complex_id":"367","division":"IRT","line":"Pelham","stop_name":"St Lawrence Av","borough":"Bx","cbd":"false","daytime_routes":"6","structure":"Elevated","gtfs_latitude":"40.831509","gtfs_longitude":"-73.867618","north_direction_label":"Northbound","south_direction_label":"Manhattan","ada":"0","ada_northbound":"0","ada_southbound":"0","ada_notes":null,":@computed_region_yamh_8v7k":"307",":@computed_region_wbg7_3whc":"709",":@computed_region_kjdx_g34t":"2032"}},
{"type":"Feature","geometry":{"type":"Point","coordinates":[-73.874516,40.829521]},"properties":{":id":"row-e6gb-5qjf_b29d",":version":"rv-vi6f_tvre~tgsq",":created_at":"2026-09-28T04:22:00.524Z",":updated_at":"2026-09-28T04:22:02.228Z","gtfs_stop_id":"610","station_id":"368","complex_id":"368","division":"IRT","line":"Pelham","stop_name":"Morrison Av-Soundview","borough":"Bx","cbd":"false","daytime_routes":"6","structure":"Elevated","gtfs_latitude":"40.829521","gtfs_longitude":"-73.874516","north_direction_label":"Northbound","south_direction_label":"Manhattan","ada":"0","ada_northbound":"0","ada_southbound":"0","ada_notes":null,":@computed_region_yamh_8v7k":"307",":@computed_region_wbg7_3whc":"709",":@computed_region_kjdx_g34t":"2032"}},
{"type":"Feature","geometry":{"type":"Point","coordinates":[-73.879159,40.828584]},"properties":{":id":"row-e68e_d49s_nvyf",":version":"rv-xrfr~7mvw~f47m",":created_at":"2026-09-28T04:22:00.524Z",":updated_at":"2026-09-28T04:22:02.228Z","gtfs_stop_id":"611","station_id":"369","complex_id":"369","division":"IRT","line":"Pelham","stop_name":"Elder Av","borough":"Bx","cbd":"false","daytime_routes":"6","structure":"Elevated","gtfs_latitude":"40.828584","gtfs_longitude":"-73.879159","north_direction_label":"Northbound","south_direction_label":"Manhattan","ada":"0","ada_northbound":"0","ada_southbound":"0","ada_notes":null,":@computed_region_yamh_8v7k":"307",":@computed_region_wbg7_3whc":"709",":@computed_region_kjdx_g34t":"2032"}},
{"type":"Feature","geometry":{"type":"Point","coordinates":[-73.886283,40.826525]},"properties":{":id":"row-dx97-9ys5.9r8p",":version":"rv-4bz2_uzmc~hivi",":created_at":"2026-09-28T04:22:00.524Z",":updated_at":"2026-09-28T04:22:02.228Z","gtfs_stop_id":"612","station_id":"370","complex_id":"370","division":"IRT","line":"Pelham","stop_name":"Whitlock Av","borough":"Bx","cbd":"false","daytime_routes":"6","structure":"Elevated","gtfs_latitude":"40.826525","gtfs_longitude":"-73.886283","north_direction_label":"Northbound","south_direction_label":"Manhattan","ada":"0","ada_northbound":"0","ada_southbound":"0","ada_notes":null,":@computed_region_yamh_8v7k":"307",":@computed_region_wbg7_3whc":"655",":@computed_region_kjdx_g34t":"2032"}},
{"type":"Feature","geometry":{"type":"Point","coordinates":[-73.890549,40.820948]},"properties":{":id":"row-bkba.eric_fhs9",":version":"rv-6rtf.chj2-admj",":created_at":"2026-09-28T04:22:00.524Z",":updated_at":"2026-09-28T04:22:02.228Z","gtfs_stop_id":"613","station_id":"371","complex_id":"371","division":"IRT","line":"Pelham","stop_name":"Hunts Point Av","borough":"Bx","cbd":"false","daytime_routes":"6","structure":"Subway","gtfs_latitude":"40.820948","gtfs_longitude":"-73.890549","north_direction_label":"Northbound","south_direction_label":"Manhattan","ada":"1","ada_northbound":"1","ada_southbound":"1","ada_notes":null,":@computed_region_yamh_8v7k":"307",":@computed_region_wbg7_3whc":"655",":@computed_region_kjdx_g34t":"2032"}},
{"type":"Feature","geometry":{"type":"Point","coordinates":[-73.896435,40.816104]},"properties":{":id":"row-4es5~u9rk-e4nj",":version":"rv-wkvw~r39f.4dmj",":created_at":"2026-09-28T04:22:00.524Z",":updated_at":"2026-09-28T04:22:02.228Z","gtfs_stop_id":"614","station_id":"372","complex_id":"372","division":"IRT","line":"Pelham","stop_name":"Longwood Av","borough":"Bx","cbd":"false","daytime_routes":"6","structure":"Subway","gtfs_latitude":"40.816104","gtfs_longitude":"-73.896435","north_direction_label":"Northbound","south_direction_label":"Manhattan","ada":"0","ada_northbound":"0","ada_southbound":"0","ada_notes":null,":@computed_region_yamh_8v7k":"307",":@computed_region_wbg7_3whc":"651",":@computed_region_kjdx_g34t":"2032"}},
{"type":"Feature","geometry":{"type":"Point","coordinates":[-73.904098,40.812118]},"properties":{":id":"row-uxun_vur3~2dbb",":version":"rv-gurh_zpv9-8dzk",":created_at":"2026-09-28T04:22:00.524Z",":updated_at":"2026-09-28T04:22:02.228Z","gtfs_stop_id":"615","station_id":"373","complex_id":"373","division":"IRT","line":"Pelham","stop_name":"E 149 St","borough":"Bx","cbd":"false","daytime_routes":"6","structure":"Subway","gtfs_latitude":"40.812118","gtfs_longitude":"-73.904098","north_direction_label":"Northbound","south_direction_label":"Manhattan","ada":"1","ada_northbound":"1","ada_southbound":"1","ada_notes":null,":@computed_region_yamh_8v7k":"307",":@computed_region_wbg7_3whc":"651",":@computed_region_kjdx_g34t":"2032"}},
{"type":"Feature","geometry":{"type":"Point","coordinates":[-73.907657,40.808719]},"properties":{":id":"row-gmqa~g8hu~w3ab",":version":"rv-i2rp~qg52~ie3e",":created_at":"2026-09-28T04:22:00.524Z",":updated_at":"2026-09-28T04:22:02.228Z","gtfs_stop_id":"616","station_id":"374","complex_id":"374","division":"IRT","line":"Pelham","stop_name":"E 143 St-St Mary's St","borough":"Bx","cbd":"false","daytime_routes":"6","structure":"Subway","gtfs_latitude":"40.808719","gtfs_longitude":"-73.907657","north_direction_label":"Northbound","south_direction_label":"Manhattan","ada":"0","ada_northbound":"0","ada_southbound":"0","ada_notes":null,":@computed_region_yamh_8v7k":"307",":@computed_region_wbg7_3whc":"650",":@computed_region_kjdx_g34t":"2032"}},
{"type":"Feature","geometry":{"type":"Point","coordinates":[-73.914042,40.805368]},"properties":{":id":"row-s69u~zfca-t42c",":version":"rv-d6gs_iwdk.q29z",":created_at":"2026-09-28T04:22:00.524Z",":updated_at":"2026-09-28T04:22:02.228Z","gtfs_stop_id":"617","station_id":"375","complex_id":"375","division":"IRT","line":"Pelham","stop_name":"Cypress Av","borough":"Bx","cbd":"false","daytime_routes":"6","structure":"Subway","gtfs_latitude":"40.805368","gtfs_longitude":"-73.914042","north_direction_label":"Northbound","south_direction_label":"Manhattan","ada":"0","ada_northbound":"0","ada_southbound":"0","ada_notes":null,":@computed_region_yamh_8v7k":"307",":@computed_region_wbg7_3whc":"650",":@computed_region_kjdx_g34t":"2032"}},
{"type":"Feature","geometry":{"type":"Point","coordinates":[-73.91924,40.807566]},"properties":{":id":"row-miai.uvyr.n8m7",":version":"rv-q3dw.fw6y_gppf",":created_at":"2026-09-28T04:22:00.524Z",":updated_at":"2026-09-28T04:22:02.228Z","gtfs_stop_id":"618","station_id":"376","complex_id":"376","division":"IRT","line":"Pelham","stop_name":"Brook Av","borough":"Bx","cbd":"false","daytime_routes":"6","structure":"Subway","gtfs_latitude":"40.807566","gtfs_longitude":"-73.91924","north_direction_label":"Northbound","south_direction_label":"Manhattan","ada":"0","ada_northbound":"0","ada_southbound":"0","ada_notes":null,":@computed_region_yamh_8v7k":"307",":@computed_region_wbg7_3whc":"650",":@computed_region_kjdx_g34t":"2095"}},
{"type":"Feature","geometry":{"type":"Point","coordinates":[-73.926138,40.810476]},"properties":{":id":"row-h4pz-qm3j~uxpg",":version":"rv-6q9y.ivx2.7e5i",":created_at":"2026-09-28T04:22:00.524Z",":updated_at":"2026-09-28T04:22:02.228Z","gtfs_stop_id":"619","station_id":"377","complex_id":"377","division":"IRT","line":"Pelham","stop_name":"3 Av-138 St","borough":"Bx","cbd":"false","daytime_routes":"6","structure":"Subway","gtfs_latitude":"40.810476","gtfs_longitude":"-73.926138","north_direction_label":"Northbound","south_direction_label":"Manhattan","ada":"0","ada_northbound":"0","ada_southbound":"0","ada_notes":null,":@computed_region_yamh_8v7k":"307",":@computed_region_wbg7_3whc":"650",":@computed_region_kjdx_g34t":"2095"}},
{"type":"Feature","geometry":{"type":"Point","coordinates":[-73.878751,40.886037]},"properties":{":id":"row-r2dz.uhd3~j3jm",":version":"rv-uv8t-8ujn-puqr",":created_at":"2026-09-28T04:22:00.524Z",":updated_at":"2026-09-28T04:22:02.228Z","gtfs_stop_id":"401","station_id":"378","complex_id":"378","division":"IRT","line":"Jerome Av","stop_name":"Woodlawn","borough":"Bx","cbd":"false","daytime_routes":"4","structure":"Elevated","gtfs_latitude":"40.886037","gtfs_longitude":"-73.878751","north_direction_label":"Last Stop","south_direction_label":"Manhattan","ada":"0","ada_northbound":"0","ada_southbound":"0","ada_notes":null,":@computed_region_yamh_8v7k":"307",":@computed_region_wbg7_3whc":"704",":@computed_region_kjdx_g34t":"2032"}},
{"type":"Feature","geometry":{"type":"Point","coordinates":[-73.884655,40.87975]},"properties":{":id":"row-8m79-h338~4w27",":version":"rv-ks2s-tkzz~d5qy",":created_at":"2026-09-28T04:22:00.524Z",":updated_at":"2026-09-28T04:22:02.228Z","gtfs_stop_id":"402","station_id":"379","complex_id":"379","division":"IRT","line":"Jerome Av","stop_name":"Mosholu Pkwy","borough":"Bx","cbd":"false","daytime_routes":"4","structure":"Elevated","gtfs_latitude":"40.87975","gtfs_longitude":"-73.884655","north_direction_label":"Woodlawn","south_direction_label":"Manhattan","ada":"1","ada_northbound":"1","ada_southbound":"1","ada_notes":null,":@computed_region_yamh_8v7k":"307",":@computed_region_wbg7_3whc":"704",":@computed_region_kjdx_g34t":"2032"}},
{"type":"Feature","geometry":{"type":"Point","coordinates":[-73.890064,40.873412]},"properties":{":id":"row-nvrx-58tt~65fy",":version":"rv-2w2a.sis8~p4qs",":created_at":"2026-09-28T04:22:00.524Z",":updated_at":"2026-09-28T04:22:02.228Z","gtfs_stop_id":"405","station_id":"380","complex_id":"380","division":"IRT","line":"Jerome Av","stop_name":"Bedford Park Blvd-Lehman College","borough":"Bx","cbd":"false","daytime_routes":"4","structure":"Elevated","gtfs_latitude":"40.873412","gtfs_longitude":"-73.890064","north_direction_label":"Northbound","south_direction_label":"Manhattan","ada":"0","ada_northbound":"0","ada_southbound":"0","ada_notes":null,":@computed_region_yamh_8v7k":"307",":@computed_region_wbg7_3whc":"705",":@computed_region_kjdx_g34t":"2032"}},
{"type":"Feature","geometry":{"type":"Point","coordinates":[-73.897174,40.86776]},"properties":{":id":"row-u2ch-gcbs~jmmx",":version":"rv-wftj~8f7z-ukt4",":created_at":"2026-09-28T04:22:00.524Z",":updated_at":"2026-09-28T04:22:02.228Z","gtfs_stop_id":"406","station_id":"381","complex_id":"381","division":"IRT","line":"Jerome Av","stop_name":"Kingsbridge Rd","borough":"Bx","cbd":"false","daytime_routes":"4","structure":"Elevated","gtfs_latitude":"40.86776","gtfs_longitude":"-73.897174","north_direction_label":"Northbound","south_direction_label":"Manhattan","ada":"0","ada_northbound":"0","ada_southbound":"0","ada_notes":null,":@computed_region_yamh_8v7k":"307",":@computed_region_wbg7_3whc":"705",":@computed_region_kjdx_g34t":"2032"}},
{"type":"Feature","geometry":{"type":"Point","coordinates":[-73.901034,40.862803]},"properties":{":id":"row-5m56_z9yq~epxb",":version":"rv-zyzg.aumc.uttt",":created_at":"2026-09-28T04:22:00.524Z",":updated_at":"2026-09-28T04:22:02.228Z","gtfs_stop_id":"407","station_id":"382","complex_id":"382","division":"IRT","line":"Jerome Av","stop_name":"Fordham Rd","borough":"Bx","cbd":"false","daytime_routes":"4","structure":"Elevated","gtfs_latitude":"40.862803","gtfs_longitude":"-73.901034","north_direction_label":"Northbound","south_direction_label":"Manhattan","ada":"1","ada_northbound":"1","ada_southbound":"1","ada_notes":null,":@computed_region_yamh_8v7k":"307",":@computed_region_wbg7_3whc":"705",":@computed_region_kjdx_g34t":"2032"}},
{"type":"Feature","geometry":{"type":"Point","coordinates":[-73.903879,40.858407]},"properties":{":id":"row-gqnt.a6qm~bp6e",":version":"rv-bqaj.2ji5~4kdh",":created_at":"2026-09-28T04:22:00.524Z",":updated_at":"2026-09-28T04:22:02.228Z","gtfs_stop_id":"408","station_id":"383","complex_id":"383","division":"IRT","line":"Jerome Av","stop_name":"183 St","borough":"Bx","cbd":"false","daytime_routes":"4","structure":"Elevated","gtfs_latitude":"40.858407","gtfs_longitude":"-73.903879","north_direction_label":"Northbound","south_direction_label":"Manhattan","ada":"0","ada_northbound":"0","ada_southbound":"0","ada_notes":null,":@computed_region_yamh_8v7k":"307",":@computed_region_wbg7_3whc":"649",":@computed_region_kjdx_g34t":"2032"}},
{"type":"Feature","geometry":{"type":"Point","coordinates":[-73.907684,40.853453]},"properties":{":id":"row-6xpy_97ir~f8ep",":version":"rv-i9ax~cc3y~5sbg",":created_at":"2026-09-28T04:22:00.524Z",":updated_at":"2026-09-28T04:22:02.228Z","gtfs_stop_id":"409","station_id":"384","complex_id":"384","division":"IRT","line":"Jerome Av","stop_name":"Burnside Av","borough":"Bx","cbd":"false","daytime_routes":"4","structure":"Elevated","gtfs_latitude":"40.853453","gtfs_longitude":"-73.907684","north_direction_label":"Northbound","south_direction_label":"Manhattan","ada":"0","ada_northbound":"0","ada_southbound":"0","ada_notes":null,":@computed_region_yamh_8v7k":"307",":@computed_region_wbg7_3whc":"649",":@computed_region_kjdx_g34t":"2032"}},
{"type":"Feature","geometry":{"type":"Point","coordinates":[-73.911794,40.84848]},"properties":{":id":"row-kvgw-fwh2_mbuq",":version":"rv-4gjc.8eg3.b7y4",":created_at":"2026-09-28T04:22:00.524Z",":updated_at":"2026-09-28T04:22:02.228Z","gtfs_stop_id":"410","station_id":"385","complex_id":"385","division":"IRT","line":"Jerome Av","stop_name":"176 St","borough":"Bx","cbd":"false","daytime_routes":"4","structure":"Elevated","gtfs_latitude":"40.84848","gtfs_longitude":"-73.911794","north_direction_label":"Northbound","south_direction_label":"Manhattan","ada":"0","ada_northbound":"0","ada_southbound":"0","ada_notes":null,":@computed_region_yamh_8v7k":"307",":@computed_region_wbg7_3whc":"649",":@computed_region_kjdx_g34t":"2032"}},
{"type":"Feature","geometry":{"type":"Point","coordinates":[-73.914685,40.844434]},"properties":{":id":"row-ucet-6m8g.6cm6",":version":"rv-wyb7_8d2w~y3n2",":created_at":"2026-09-28T04:22:00.524Z",":updated_at":"2026-09-28T04:22:02.228Z","gtfs_stop_id":"411","station_id":"386","complex_id":"386","division":"IRT","line":"Jerome Av","stop_name":"Mt Eden Av","borough":"Bx","cbd":"false","daytime_routes":"4","structure":"Elevated","gtfs_latitude":"40.844434","gtfs_longitude":"-73.914685","north_direction_label":"Northbound","south_direction_label":"Manhattan","ada":"0","ada_northbound":"0","ada_southbound":"0","ada_notes":null,":@computed_region_yamh_8v7k":"307",":@computed_region_wbg7_3whc":"648",":@computed_region_kjdx_g34t":"2032"}},
{"type":"Feature","geometry":{"type":"Point","coordinates":[-73.917791,40.840075]},"properties":{":id":"row-ksw3-xwkg_6g2e",":version":"rv-n7jj.jc3h~484z",":created_at":"2026-09-28T04:22:00.524Z",":updated_at":"2026-09-28T04:22:02.228Z","gtfs_stop_id":"412","station_id":"387","complex_id":"387","division":"IRT","line":"Jerome Av","stop_name":"170 St","borough":"Bx","cbd":"false","daytime_routes":"4","structure":"Elevated","gtfs_latitude":"40.840075","gtfs_longitude":"-73.917791","north_direction_label":"Northbound","south_direction_label":"Manhattan","ada":"1","ada_northbound":"1","ada_southbound":"1","ada_notes":null,":@computed_region_yamh_8v7k":"307",":@computed_region_wbg7_3whc":"648",":@computed_region_kjdx_g34t":"2032"}},
{"type":"Feature","geometry":{"type":"Point","coordinates":[-73.9214,40.835537]},"properties":{":id":"row-295w_ubjy_8gxg",":version":"rv-ixh8~46z6~w5m6",":created_at":"2026-09-28T04:22:00.524Z",":updated_at":"2026-09-28T04:22:02.228Z","gtfs_stop_id":"413","station_id":"388","complex_id":"388","division":"IRT","line":"Jerome Av","stop_name":"167 St","borough":"Bx","cbd":"false","daytime_routes":"4","structure":"Elevated","gtfs_latitude":"40.835537","gtfs_longitude":"-73.9214","north_direction_label":"Northbound","south_direction_label":"Manhattan","ada":"0","ada_northbound":"0","ada_southbound":"0","ada_notes":null,":@computed_region_yamh_8v7k":"307",":@computed_region_wbg7_3whc":"648",":@computed_region_kjdx_g34t":"2032"}},
{"type":"Feature","geometry":{"type":"Point","coordinates":[-73.925831,40.827994]},"properties":{":id":"row-b554~d3dm~2ub8",":version":"rv-h5mq~tr36_pnru",":created_at":"2026-09-28T04:22:00.524Z",":updated_at":"2026-09-28T04:22:02.228Z","gtfs_stop_id":"414","station_id":"389","complex_id":"604","division":"IRT","line":"Jerome Av","stop_name":"161 St-Yankee Stadium","borough":"Bx","cbd":"false","daytime_routes":"4","structure":"Elevated","gtfs_latitude":"40.827994","gtfs_longitude":"-73.925831","north_direction_label":"Northbound","south_direction_label":"Manhattan","ada":"1","ada_northbound":"1","ada_southbound":"1","ada_notes":null,":@computed_region_yamh_8v7k":"307",":@computed_region_wbg7_3whc":"647",":@computed_region_kjdx_g34t":"2032"}},
{"type":"Feature","geometry":{"type":"Point","coordinates":[-73.927351,40.818375]},"properties":{":id":"row-deas-jhrp_pfw6",":version":"rv-r95d_7kve~azmt",":created_at":"2026-09-28T04:22:00.524Z",":updated_at":"2026-09-28T04:22:02.228Z","gtfs_stop_id":"415","station_id":"390","complex_id":"603","division":"IRT","line":"Jerome Av","stop_name":"149 St-Hostos","borough":"Bx","cbd":"false","daytime_routes":"4","structure":"Subway","gtfs_latitude":"40.818375","gtfs_longitude":"-73.927351","north_direction_label":"Northbound","south_direction_label":"Manhattan","ada":"0","ada_northbound":"0","ada_southbound":"0","ada_notes":null,":@computed_region_yamh_8v7k":"307",":@computed_region_wbg7_3whc":"647",":@computed_region_kjdx_g34t":"2095"}},
{"type":"Feature","geometry":{"type":"Point","coordinates":[-73.929849,40.813224]},"properties":{":id":"row-ch97-5kv6.f7c6",":version":"rv-7tyn.z6mn~z4bt",":created_at":"2026-09-28T04:22:00.524Z",":updated_at":"2026-09-28T04:22:02.228Z","gtfs_stop_id":"416","station_id":"391","complex_id":"391","division":"IRT","line":"Jerome Av","stop_name":"138 St-Grand Concourse","borough":"Bx","cbd":"false","daytime_routes":"4 5","structure":"Subway","gtfs_latitude":"40.813224","gtfs_longitude":"-73.929849","north_direction_label":"Northbound","south_direction_label":"Manhattan","ada":"0","ada_northbound":"0","ada_southbound":"0","ada_notes":null,":@computed_region_yamh_8v7k":"307",":@computed_region_wbg7_3whc":"647",":@computed_region_kjdx_g34t":"2095"}},
{"type":"Feature","geometry":{"type":"Point","coordinates":[-73.937594,40.804138]},"properties":{":id":"row-7kav-eahb.7pd7",":version":"rv-kqm9_knk5~6yts",":created_at":"2026-09-28T04:22:00.524Z",":updated_at":"2026-09-28T04:22:02.228Z","gtfs_stop_id":"621","station_id":"392","complex_id":"392","division":"IRT","line":"Lexington Av","stop_name":"125 St","borough":"M","cbd":"false","daytime_routes":"4 5 6","structure":"Subway","gtfs_latitude":"40.804138","gtfs_longitude":"-73.937594","north_direction_label":"The Bronx","south_direction_label":"Downtown","ada":"1","ada_northbound":"1","ada_southbound":"1","ada_notes":null,":@computed_region_yamh_8v7k":"749",":@computed_region_wbg7_3whc":"794",":@computed_region_kjdx_g34t":"2095"}},
{"type":"Feature","geometry":{"type":"Point","coordinates":[-73.941617,40.798629]},"properties":{":id":"row-xsre~u9v9-zn96",":version":"rv-a4mu-qf6m~8uwp",":created_at":"2026-09-28T04:22:00.524Z",":updated_at":"2026-09-28T04:22:02.228Z","gtfs_stop_id":"622","station_id":"393","complex_id":"393","division":"IRT","line":"Lexington Av","stop_name":"116 St","borough":"M","cbd":"false","daytime_routes":"6","structure":"Subway","gtfs_latitude":"40.798629","gtfs_longitude":"-73.941617","north_direction_label":"The Bronx","south_direction_label":"Downtown","ada":"0","ada_northbound":"0","ada_southbound":"0","ada_notes":null,":@computed_region_yamh_8v7k":"749",":@computed_region_wbg7_3whc":"756",":@computed_region_kjdx_g34t":"2095"}},
{"type":"Feature","geometry":{"type":"Point","coordinates":[-73.94425,40.79502]},"properties":{":id":"row-rbf3~fbf7.2ajt",":version":"rv-4nwt~nsr5~4xdv",":created_at":"2026-09-28T04:22:00.524Z",":updated_at":"2026-09-28T04:22:02.228Z","gtfs_stop_id":"623","station_id":"394","complex_id":"394","division":"IRT","line":"Lexington Av","stop_name":"110 St","borough":"M","cbd":"false","daytime_routes":"6","structure":"Subway","gtfs_latitude":"40.79502","gtfs_longitude":"-73.94425","north_direction_label":"The Bronx","south_direction_label":"Downtown","ada":"0","ada_northbound":"0","ada_southbound":"0","ada_notes":null,":@computed_region_yamh_8v7k":"749",":@computed_region_wbg7_3whc":"756",":@computed_region_kjdx_g34t":"2095"}},
{"type":"Feature","geometry":{"type":"Point","coordinates":[-73.947478,40.7906]},"properties":{":id":"row-8ez6.6r5q_z7ub",":version":"rv-8ynm~kihu_yy9q",":created_at":"2026-09-28T04:22:00.524Z",":updated_at":"2026-09-28T04:22:02.228Z","gtfs_stop_id":"624","station_id":"395","complex_id":"395","division":"IRT","line":"Lexington Av","stop_name":"103 St","borough":"M","cbd":"false","daytime_routes":"6","structure":"Subway","gtfs_latitude":"40.7906","gtfs_longitude":"-73.947478","north_direction_label":"The Bronx","south_direction_label":"Downtown","ada":"0","ada_northbound":"0","ada_southbound":"0","ada_notes":null,":@computed_region_yamh_8v7k":"749",":@computed_region_wbg7_3whc":"756",":@computed_region_kjdx_g34t":"2095"}},
{"type":"Feature","geometry":{"type":"Point","coordinates":[-73.95107,40.785672]},"properties":{":id":"row-fv3b~xefz-ket3",":version":"rv-8q7q~jc7a.addw",":created_at":"2026-09-28T04:22:00.524Z",":updated_at":"2026-09-28T04:22:02.228Z","gtfs_stop_id":"625","station_id":"396","complex_id":"396","division":"IRT","line":"Lexington Av","stop_name":"96 St","borough":"M","cbd":"false","daytime_routes":"6","structure":"Subway","gtfs_latitude":"40.785672","gtfs_longitude":"-73.95107","north_direction_label":"The Bronx","south_direction_label":"Downtown","ada":"0","ada_northbound":"0","ada_southbound":"0","ada_notes":null,":@computed_region_yamh_8v7k":"749",":@computed_region_wbg7_3whc":"583",":@computed_region_kjdx_g34t":"2095"}},
{"type":"Feature","geometry":{"type":"Point","coordinates":[-73.955589,40.779492]},"properties":{":id":"row-kwi8-hmja~khkr",":version":"rv-f5v7~hd95~g2yg",":created_at":"2026-09-28T04:22:00.524Z",":updated_at":"2026-09-28T04:22:02.228Z","gtfs_stop_id":"626","station_id":"397","complex_id":"397","division":"IRT","line":"Lexington Av","stop_name":"86 St","borough":"M","cbd":"false","daytime_routes":"4 5 6","structure":"Subway","gtfs_latitude":"40.779492","gtfs_longitude":"-73.955589","north_direction_label":"Uptown","south_direction_label":"Downtown","ada":"2","ada_northbound":"1","ada_southbound":"0","ada_notes":"Uptown local only",":@computed_region_yamh_8v7k":"749",":@computed_region_wbg7_3whc":"755",":@computed_region_kjdx_g34t":"2095"}},
{"type":"Feature","geometry":{"type":"Point","coordinates":[-73.959874,40.77362]},"properties":{":id":"row-wd45.pev6_g9c6",":version":"rv-dv8j_vjqm_qq7s",":created_at":"2026-09-28T04:22:00.524Z",":updated_at":"2026-09-28T04:22:02.228Z","gtfs_stop_id":"627","station_id":"398","complex_id":"398","division":"IRT","line":"Lexington Av","stop_name":"77 St","borough":"M","cbd":"false","daytime_routes":"6","structure":"Subway","gtfs_latitude":"40.77362","gtfs_longitude":"-73.959874","north_direction_label":"Uptown","south_direction_label":"Downtown","ada":"0","ada_northbound":"0","ada_southbound":"0","ada_notes":null,":@computed_region_yamh_8v7k":"749",":@computed_region_wbg7_3whc":"744",":@computed_region_kjdx_g34t":"2095"}},
{"type":"Feature","geometry":{"type":"Point","coordinates":[-73.96387,40.768141]},"properties":{":id":"row-ax7k.bs52.rp75",":version":"rv-fhrj_kgw5.gidp",":created_at":"2026-09-28T04:22:00.524Z",":updated_at":"2026-09-28T04:22:02.228Z","gtfs_stop_id":"628","station_id":"399","complex_id":"399","division":"IRT","line":"Lexington Av","stop_name":"68 St-Hunter College","borough":"M","cbd":"false","daytime_routes":"6","structure":"Subway","gtfs_latitude":"40.768141","gtfs_longitude":"-73.96387","north_direction_label":"Uptown","south_direction_label":"Downtown","ada":"1","ada_northbound":"1","ada_southbound":"1","ada_notes":null,":@computed_region_yamh_8v7k":"749",":@computed_region_wbg7_3whc":null,":@computed_region_kjdx_g34t":"2095"}},
{"type":"Feature","geometry":{"type":"Point","coordinates":[-73.967967,40.762526]},"properties":{":id":"row-4hqi-sk9x~8y2j",":version":"rv-fqgz_3qmp-k5kk",":created_at":"2026-09-28T04:22:00.524Z",":updated_at":"2026-09-28T04:22:02.228Z","gtfs_stop_id":"629","station_id":"400","complex_id":"613","division":"IRT","line":"Lexington Av","stop_name":"59 St","borough":"M","cbd":"true","daytime_routes":"4 5 6","structure":"Subway","gtfs_latitude":"40.762526","gtfs_longitude":"-73.967967","north_direction_label":"Uptown","south_direction_label":"Downtown","ada":"0","ada_northbound":"0","ada_southbound":"0","ada_notes":null,":@computed_region_yamh_8v7k":"749",":@computed_region_wbg7_3whc":"749",":@computed_region_kjdx_g34t":"2095"}},
{"type":"Feature","geometry":{"type":"Point","coordinates":[-73.97192,40.757107]},"properties":{":id":"row-yeet-hrq9_e259",":version":"rv-jw3j~n2rt.2h2n",":created_at":"2026-09-28T04:22:00.524Z",":updated_at":"2026-09-28T04:22:02.228Z","gtfs_stop_id":"630","station_id":"401","complex_id":"612","division":"IRT","line":"Lexington Av","stop_name":"51 St","borough":"M","cbd":"true","daytime_routes":"6","structure":"Subway","gtfs_latitude":"40.757107","gtfs_longitude":"-73.97192","north_direction_label":"Uptown","south_direction_label":"Downtown","ada":"1","ada_northbound":"1","ada_southbound":"1","ada_notes":null,":@computed_region_yamh_8v7k":"749",":@computed_region_wbg7_3whc":"749",":@computed_region_kjdx_g34t":"2095"}},
{"type":"Feature","geometry":{"type":"Point","coordinates":[-73.976848,40.751776]},"properties":{":id":"row-njhe_nmir~tczw",":version":"rv-dxsp-b5s2.4csr",":created_at":"2026-09-28T04:22:00.524Z",":updated_at":"2026-09-28T04:22:02.228Z","gtfs_stop_id":"631","station_id":"402","complex_id":"610","division":"IRT","line":"Lexington Av","stop_name":"Grand Central-42 St","borough":"M","cbd":"true","daytime_routes":"4 5 6","structure":"Subway","gtfs_latitude":"40.751776","gtfs_longitude":"-73.976848","north_direction_label":"Uptown","south_direction_label":"Downtown","ada":"1","ada_northbound":"1","ada_southbound":"1","ada_notes":null,":@computed_region_yamh_8v7k":"749",":@computed_region_wbg7_3whc":"590",":@computed_region_kjdx_g34t":"2095"}},
{"type":"Feature","geometry":{"type":"Point","coordinates":[-73.982076,40.746081]},"properties":{":id":"row-q4zp~tvyr-reet",":version":"rv-nusq.52ev-e2kr",":created_at":"2026-09-28T04:22:00.524Z",":updated_at":"2026-09-28T04:22:02.228Z","gtfs_stop_id":"632","station_id":"403","complex_id":"403","division":"IRT","line":"Lexington Av","stop_name":"33 St","borough":"M","cbd":"true","daytime_routes":"6","structure":"Subway","gtfs_latitude":"40.746081","gtfs_longitude":"-73.982076","north_direction_label":"Uptown","south_direction_label":"Downtown","ada":"0","ada_northbound":"0","ada_southbound":"0","ada_notes":null,":@computed_region_yamh_8v7k":"749",":@computed_region_wbg7_3whc":"739",":@computed_region_kjdx_g34t":"2095"}},
{"type":"Feature","geometry":{"type":"Point","coordinates":[-73.984264,40.74307]},"properties":{":id":"row-j5u5-hb75_y49i",":version":"rv-qas3.47kt~37pf",":created_at":"2026-09-28T04:22:00.524Z",":updated_at":"2026-09-28T04:22:02.228Z","gtfs_stop_id":"633","station_id":"404","complex_id":"404","division":"IRT","line":"Lexington Av","stop_name":"28 St","borough":"M","cbd":"true","daytime_routes":"6","structure":"Subway","gtfs_latitude":"40.74307","gtfs_longitude":"-73.984264","north_direction_label":"Uptown","south_direction_label":"Downtown","ada":"2","ada_northbound":"0","ada_southbound":"1","ada_notes":"Downtown only",":@computed_region_yamh_8v7k":"749",":@computed_region_wbg7_3whc":"739",":@computed_region_kjdx_g34t":"2095"}},
{"type":"Feature","geometry":{"type":"Point","coordinates":[-73.986599,40.739864]},"properties":{":id":"row-a7xq_w34f-s4x3",":version":"rv-uu7g.3rvp.c4pc",":created_at":"2026-09-28T04:22:00.524Z",":updated_at":"2026-09-28T04:22:02.228Z","gtfs_stop_id":"634","station_id":"405","complex_id":"405","division":"IRT","line":"Lexington Av","stop_name":"23 St-Baruch College","borough":"M","cbd":"true","daytime_routes":"6","structure":"Subway","gtfs_latitude":"40.739864","gtfs_longitude":"-73.986599","north_direction_label":"Uptown","south_direction_label":"Downtown","ada":"1","ada_northbound":"1","ada_southbound":"1","ada_notes":null,":@computed_region_yamh_8v7k":"749",":@computed_region_wbg7_3whc":"734",":@computed_region_kjdx_g34t":"2095"}},
{"type":"Feature","geometry":{"type":"Point","coordinates":[-73.989951,40.734673]},"properties":{":id":"row-icpd-bz7c~8ucv",":version":"rv-me85~bucg_n6w7",":created_at":"2026-09-28T04:22:00.524Z",":updated_at":"2026-09-28T04:22:02.228Z","gtfs_stop_id":"635","station_id":"406","complex_id":"602","division":"IRT","line":"Lexington Av","stop_name":"14 St-Union Sq","borough":"M","cbd":"true","daytime_routes":"4 5 6","structure":"Subway","gtfs_latitude":"40.734673","gtfs_longitude":"-73.989951","north_direction_label":"Uptown","south_direction_label":"Downtown","ada":"0","ada_northbound":"0","ada_southbound":"0","ada_notes":null,":@computed_region_yamh_8v7k":"749",":@computed_region_wbg7_3whc":"719",":@computed_region_kjdx_g34t":"2095"}},
{"type":"Feature","geometry":{"type":"Point","coordinates":[-73.99107,40.730054]},"properties":{":id":"row-apmr_q7ci_f3tb",":version":"rv-pn2x-iepe-he2t",":created_at":"2026-09-28T04:22:00.524Z",":updated_at":"2026-09-28T04:22:02.228Z","gtfs_stop_id":"636","station_id":"407","complex_id":"407","division":"IRT","line":"Lexington Av","stop_name":"Astor Pl","borough":"M","cbd":"true","daytime_routes":"6","structure":"Subway","gtfs_latitude":"40.730054","gtfs_longitude":"-73.99107","north_direction_label":"Uptown","south_direction_label":"Downtown","ada":"0","ada_northbound":"0","ada_southbound":"0","ada_notes":null,":@computed_region_yamh_8v7k":"749",":@computed_region_wbg7_3whc":"719",":@computed_region_kjdx_g34t":"2095"}},
{"type":"Feature","geometry":{"type":"Point","coordinates":[-73.994659,40.725915]},"properties":{":id":"row-3yqb.kfiu-9hbj",":version":"rv-mgmx.nfub~injx",":created_at":"2026-09-28T04:22:00.524Z",":updated_at":"2026-09-28T04:22:02.228Z","gtfs_stop_id":"637","station_id":"408","complex_id":"619","division":"IRT","line":"Lexington Av","stop_name":"Bleecker St","borough":"M","cbd":"true","daytime_routes":"6","structure":"Subway","gtfs_latitude":"40.725915","gtfs_longitude":"-73.994659","north_direction_label":"Uptown","south_direction_label":"Downtown","ada":"1","ada_northbound":"1","ada_southbound":"1","ada_notes":null,":@computed_region_yamh_8v7k":"749",":@computed_region_wbg7_3whc":"736",":@computed_region_kjdx_g34t":"2095"}},
{"type":"Feature","geometry":{"type":"Point","coordinates":[-73.997141,40.722301]},"properties":{":id":"row-nfvv.iys2-r9nj",":version":"rv-cmyf-jqpe-3n6f",":created_at":"2026-09-28T04:22:00.524Z",":updated_at":"2026-09-28T04:22:02.228Z","gtfs_stop_id":"638","station_id":"409","complex_id":"409","division":"IRT","line":"Lexington Av","stop_name":"Spring St","borough":"M","cbd":"true","daytime_routes":"6","structure":"Subway","gtfs_latitude":"40.722301","gtfs_longitude":"-73.997141","north_direction_label":"Uptown","south_direction_label":"Downtown","ada":"0","ada_northbound":"0","ada_southbound":"0","ada_notes":null,":@computed_region_yamh_8v7k":"749",":@computed_region_wbg7_3whc":"736",":@computed_region_kjdx_g34t":"2095"}},
{"type":"Feature","geometry":{"type":"Point","coordinates":[-74.000193,40.718803]},"properties":{":id":"row-3wzi.dx9a-cfwp",":version":"rv-q9ky_qh3k_8mcm",":created_at":"2026-09-28T04:22:00.524Z",":updated_at":"2026-09-28T04:22:02.228Z","gtfs_stop_id":"639","station_id":"410","complex_id":"623","division":"IRT","line":"Lexington Av","stop_name":"Canal St","borough":"M","cbd":"true","daytime_routes":"6","structure":"Subway","gtfs_latitude":"40.718803","gtfs_longitude":"-74.000193","north_direction_label":"Uptown","south_direction_label":"Downtown","ada":"1","ada_northbound":"1","ada_southbound":"1","ada_notes":null,":@computed_region_yamh_8v7k":"749",":@computed_region_wbg7_3whc":"737",":@computed_region_kjdx_g34t":"2095"}},
{"type":"Feature","geometry":{"type":"Point","coordinates":[-74.004131,40.713065]},"properties":{":id":"row-8rkg~r9pr_k9kb",":version":"rv-mtsc~dui3_qiwr",":created_at":"2026-09-28T04:22:00.524Z",":updated_at":"2026-09-28T04:22:02.228Z","gtfs_stop_id":"640","station_id":"411","complex_id":"622","division":"IRT","line":"Lexington Av","stop_name":"Brooklyn Bridge-City Hall","borough":"M","cbd":"true","daytime_routes":"4 5 6","structure":"Subway","gtfs_latitude":"40.713065","gtfs_longitude":"-74.004131","north_direction_label":"Uptown","south_direction_label":"Downtown","ada":"1","ada_northbound":"1","ada_southbound":"1","ada_notes":null,":@computed_region_yamh_8v7k":"749",":@computed_region_wbg7_3whc":"723",":@computed_region_kjdx_g34t":"2095"}},
{"type":"Feature","geometry":{"type":"Point","coordinates":[-74.009509,40.710368]},"properties":{":id":"row-vwuy_dr2i_m3vp",":version":"rv-yqsy_76qr.bxsr",":created_at":"2026-09-28T04:22:00.524Z",":updated_at":"2026-09-28T04:22:02.228Z","gtfs_stop_id":"418","station_id":"412","complex_id":"628","division":"IRT","line":"Lexington Av","stop_name":"Fulton St","borough":"M","cbd":"true","daytime_routes":"4 5","structure":"Subway","gtfs_latitude":"40.710368","gtfs_longitude":"-74.009509","north_direction_label":"Uptown","south_direction_label":"Downtown","ada":"1","ada_northbound":"1","ada_southbound":"1","ada_notes":null,":@computed_region_yamh_8v7k":"749",":@computed_region_wbg7_3whc":"723",":@computed_region_kjdx_g34t":"2095"}},
{"type":"Feature","geometry":{"type":"Point","coordinates":[-74.011862,40.707557]},"properties":{":id":"row-bia6-uc6r_jvx9",":version":"rv-kkhm.rkzd.3yfw",":created_at":"2026-09-28T04:22:00.524Z",":updated_at":"2026-09-28T04:22:02.228Z","gtfs_stop_id":"419","station_id":"413","complex_id":"413","division":"IRT","line":"Lexington Av","stop_name":"Wall St","borough":"M","cbd":"true","daytime_routes":"4 5","structure":"Subway","gtfs_latitude":"40.707557","gtfs_longitude":"-74.011862","north_direction_label":"Uptown","south_direction_label":"Downtown","ada":"0","ada_northbound":"0","ada_southbound":"0","ada_notes":null,":@computed_region_yamh_8v7k":"749",":@computed_region_wbg7_3whc":"721",":@computed_region_kjdx_g34t":"2095"}},
{"type":"Feature","geometry":{"type":"Point","coordinates":[-74.014065,40.704817]},"properties":{":id":"row-y47r.kqfm_qbge",":version":"rv-6fxy-yr8h~yj94",":created_at":"2026-09-28T04:22:00.524Z",":updated_at":"2026-09-28T04:22:02.228Z","gtfs_stop_id":"420","station_id":"414","complex_id":"414","division":"IRT","line":"Lexington Av","stop_name":"Bowling Green","borough":"M","cbd":"true","daytime_routes":"4 5","structure":"Subway","gtfs_latitude":"40.704817","gtfs_longitude":"-74.014065","north_direction_label":"Uptown","south_direction_label":"Downtown","ada":"1","ada_northbound":"1","ada_southbound":"1","ada_notes":null,":@computed_region_yamh_8v7k":"749",":@computed_region_wbg7_3whc":"720",":@computed_region_kjdx_g34t":"2095"}},
{"type":"Feature","geometry":{"type":"Point","coordinates":[-73.990151,40.692404]},"properties":{":id":"row-jmc7-ugb8.r4fa",":version":"rv-yc5y_22ea_94s6",":created_at":"2026-09-28T04:22:00.524Z",":updated_at":"2026-09-28T04:22:02.228Z","gtfs_stop_id":"423","station_id":"415","complex_id":"620","division":"IRT","line":"Eastern Pky","stop_name":"Borough Hall","borough":"Bk","cbd":"false","daytime_routes":"4 5","structure":"Subway","gtfs_latitude":"40.692404","gtfs_longitude":"-73.990151","north_direction_label":"Manhattan","south_direction_label":"Outbound","ada":"1","ada_northbound":"1","ada_southbound":"1","ada_notes":null,":@computed_region_yamh_8v7k":"894",":@computed_region_wbg7_3whc":"880",":@computed_region_kjdx_g34t":"2090"}},
{"type":"Feature","geometry":{"type":"Point","coordinates":[-73.85062,40.903125]},"properties":{":id":"row-yxiy.35tp.8g8u",":version":"rv-rc86.pu5a.avit",":created_at":"2026-09-28T04:22:00.524Z",":updated_at":"2026-09-28T04:22:02.228Z","gtfs_stop_id":"201","station_id":"416","complex_id":"416","division":"IRT","line":"Lenox - White Plains Rd","stop_name":"Wakefield-241 St","borough":"Bx","cbd":"false","daytime_routes":"2","structure":"Elevated","gtfs_latitude":"40.903125","gtfs_longitude":"-73.85062","north_direction_label":"Last Stop","south_direction_label":"Manhattan","ada":"0","ada_northbound":"0","ada_southbound":"0","ada_notes":null,":@computed_region_yamh_8v7k":"307",":@computed_region_wbg7_3whc":"707",":@computed_region_kjdx_g34t":"2185"}},
{"type":"Feature","geometry":{"type":"Point","coordinates":[-73.854376,40.898379]},"properties":{":id":"row-7aqu_uejw.rbwk",":version":"rv-w8fr-r5yh-ianr",":created_at":"2026-09-28T04:22:00.524Z",":updated_at":"2026-09-28T04:22:02.228Z","gtfs_stop_id":"204","station_id":"417","complex_id":"417","division":"IRT","line":"Lenox - White Plains Rd","stop_name":"Nereid Av","borough":"Bx","cbd":"false","daytime_routes":"2 5","structure":"Elevated","gtfs_latitude":"40.898379","gtfs_longitude":"-73.854376","north_direction_label":"Northbound","south_direction_label":"Manhattan","ada":"0","ada_northbound":"0","ada_southbound":"0","ada_notes":null,":@computed_region_yamh_8v7k":"307",":@computed_region_wbg7_3whc":"679",":@computed_region_kjdx_g34t":"2032"}},
{"type":"Feature","geometry":{"type":"Point","coordinates":[-73.857473,40.893193]},"properties":{":id":"row-jtt3~5fqi~prct",":version":"rv-s3uy-7cgu_kapc",":created_at":"2026-09-28T04:22:00.524Z",":updated_at":"2026-09-28T04:22:02.228Z","gtfs_stop_id":"205","station_id":"418","complex_id":"418","division":"IRT","line":"Lenox - White Plains Rd","stop_name":"233 St","borough":"Bx","cbd":"false","daytime_routes":"2 5","structure":"Elevated","gtfs_latitude":"40.893193","gtfs_longitude":"-73.857473","north_direction_label":"Northbound","south_direction_label":"Manhattan","ada":"1","ada_northbound":"1","ada_southbound":"1","ada_notes":null,":@computed_region_yamh_8v7k":"307",":@computed_region_wbg7_3whc":"679",":@computed_region_kjdx_g34t":"2032"}},
{"type":"Feature","geometry":{"type":"Point","coordinates":[-73.860341,40.888022]},"properties":{":id":"row-75wf-guhh~xxdq",":version":"rv-fb9y.b2nr.k7iv",":created_at":"2026-09-28T04:22:00.524Z",":updated_at":"2026-09-28T04:22:02.228Z","gtfs_stop_id":"206","station_id":"419","complex_id":"419","division":"IRT","line":"Lenox - White Plains Rd","stop_name":"225 St","borough":"Bx","cbd":"false","daytime_routes":"2 5","structure":"Elevated","gtfs_latitude":"40.888022","gtfs_longitude":"-73.860341","north_direction_label":"Northbound","south_direction_label":"Manhattan","ada":"0","ada_northbound":"0","ada_southbound":"0","ada_notes":null,":@computed_region_yamh_8v7k":"307",":@computed_region_wbg7_3whc":"679",":@computed_region_kjdx_g34t":"2032"}},
{"type":"Feature","geometry":{"type":"Point","coordinates":[-73.862633,40.883895]},"properties":{":id":"row-d3p9.7a3r~3fx8",":version":"rv-iw25~4wfh_khk7",":created_at":"2026-09-28T04:22:00.524Z",":updated_at":"2026-09-28T04:22:02.228Z","gtfs_stop_id":"207","station_id":"420","complex_id":"420","division":"IRT","line":"Lenox - White Plains Rd","stop_name":"219 St","borough":"Bx","cbd":"false","daytime_routes":"2 5","structure":"Elevated","gtfs_latitude":"40.883895","gtfs_longitude":"-73.862633","north_direction_label":"Northbound","south_direction_label":"Manhattan","ada":"0","ada_northbound":"0","ada_southbound":"0","ada_notes":null,":@computed_region_yamh_8v7k":"307",":@computed_region_wbg7_3whc":"704",":@computed_region_kjdx_g34t":"2032"}},
{"type":"Feature","geometry":{"type":"Point","coordinates":[-73.866256,40.87785]},"properties":{":id":"row-t6wb-4bjd_jy5f",":version":"rv-78k3_fdy2_ka5h",":created_at":"2026-09-28T04:22:00.524Z",":updated_at":"2026-09-28T04:22:02.228Z","gtfs_stop_id":"208","station_id":"421","complex_id":"421","division":"IRT","line":"Lenox - White Plains Rd","stop_name":"Gun Hill Rd","borough":"Bx","cbd":"false","daytime_routes":"2 5","structure":"Elevated","gtfs_latitude":"40.87785","gtfs_longitude":"-73.866256","north_direction_label":"Northbound","south_direction_label":"Manhattan","ada":"1","ada_northbound":"1","ada_southbound":"1","ada_notes":null,":@computed_region_yamh_8v7k":"307",":@computed_region_wbg7_3whc":"704",":@computed_region_kjdx_g34t":"2032"}},
{"type":"Feature","geometry":{"type":"Point","coordinates":[-73.867164,40.871356]},"properties":{":id":"row-vtas_qhcc-kttw",":version":"rv-quw6-pgdg~pnub",":created_at":"2026-09-28T04:22:00.524Z",":updated_at":"2026-09-28T04:22:02.228Z","gtfs_stop_id":"209","station_id":"422","complex_id":"422","division":"IRT","line":"Lenox - White Plains Rd","stop_name":"Burke Av","borough":"Bx","cbd":"false","daytime_routes":"2 5","structure":"Elevated","gtfs_latitude":"40.871356","gtfs_longitude":"-73.867164","north_direction_label":"Northbound","south_direction_label":"Manhattan","ada":"0","ada_northbound":"0","ada_southbound":"0","ada_notes":null,":@computed_region_yamh_8v7k":"307",":@computed_region_wbg7_3whc":"704",":@computed_region_kjdx_g34t":"2032"}},
{"type":"Feature","geometry":{"type":"Point","coordinates":[-73.867352,40.865462]},"properties":{":id":"row-gyeq.tjyz-upct",":version":"rv-a6pg~snkd_ibva",":created_at":"2026-09-28T04:22:00.524Z",":updated_at":"2026-09-28T04:22:02.228Z","gtfs_stop_id":"210","station_id":"423","complex_id":"423","division":"IRT","line":"Lenox - White Plains Rd","stop_name":"Allerton Av","borough":"Bx","cbd":"false","daytime_routes":"2 5","structure":"Elevated","gtfs_latitude":"40.865462","gtfs_longitude":"-73.867352","north_direction_label":"Northbound","south_direction_label":"Manhattan","ada":"0","ada_northbound":"0","ada_southbound":"0","ada_notes":null,":@computed_region_yamh_8v7k":"307",":@computed_region_wbg7_3whc":"704",":@computed_region_kjdx_g34t":"2032"}},
{"type":"Feature","geometry":{"type":"Point","coordinates":[-73.867615,40.857192]},"properties":{":id":"row-v3i7-5fqw_ciua",":version":"rv-efmx-zfjq~9h6d",":created_at":"2026-09-28T04:22:00.524Z",":updated_at":"2026-09-28T04:22:02.228Z","gtfs_stop_id":"211","station_id":"424","complex_id":"424","division":"IRT","line":"Lenox - White Plains Rd","stop_name":"Pelham Pkwy","borough":"Bx","cbd":"false","daytime_routes":"2 5","structure":"Elevated","gtfs_latitude":"40.857192","gtfs_longitude":"-73.867615","north_direction_label":"Northbound","south_direction_label":"Manhattan","ada":"1","ada_northbound":"1","ada_southbound":"1","ada_notes":null,":@computed_region_yamh_8v7k":"307",":@computed_region_wbg7_3whc":"675",":@computed_region_kjdx_g34t":"2032"}},
{"type":"Feature","geometry":{"type":"Point","coordinates":[-73.868457,40.848828]},"properties":{":id":"row-fhxb_bc2d.5i9g",":version":"rv-5ddv_g793.9f8c",":created_at":"2026-09-28T04:22:00.524Z",":updated_at":"2026-09-28T04:22:02.228Z","gtfs_stop_id":"212","station_id":"425","complex_id":"425","division":"IRT","line":"Lenox - White Plains Rd","stop_name":"Bronx Park East","borough":"Bx","cbd":"false","daytime_routes":"2 5","structure":"Elevated","gtfs_latitude":"40.848828","gtfs_longitude":"-73.868457","north_direction_label":"Northbound","south_direction_label":"Manhattan","ada":"0","ada_northbound":"0","ada_southbound":"0","ada_notes":null,":@computed_region_yamh_8v7k":"307",":@computed_region_wbg7_3whc":"675",":@computed_region_kjdx_g34t":"2032"}},
{"type":"Feature","geometry":{"type":"Point","coordinates":[-73.873488,40.841894]},"properties":{":id":"row-itv3.cgje~5bjg",":version":"rv-jmx3-vbar.vvae",":created_at":"2026-09-28T04:22:00.524Z",":updated_at":"2026-09-28T04:22:02.228Z","gtfs_stop_id":"213","station_id":"426","complex_id":"426","division":"IRT","line":"Lenox - White Plains Rd","stop_name":"E 180 St","borough":"Bx","cbd":"false","daytime_routes":"2 5","structure":"Elevated","gtfs_latitude":"40.841894","gtfs_longitude":"-73.873488","north_direction_label":"Northbound","south_direction_label":"Manhattan","ada":"1","ada_northbound":"1","ada_southbound":"1","ada_notes":null,":@computed_region_yamh_8v7k":"307",":@computed_region_wbg7_3whc":"673",":@computed_region_kjdx_g34t":"2032"}},
{"type":"Feature","geometry":{"type":"Point","coordinates":[-73.880049,40.840295]},"properties":{":id":"row-mrku~xmmv_iuux",":version":"rv-rsx5~s6x2.n7kp",":created_at":"2026-09-28T04:22:00.524Z",":updated_at":"2026-09-28T04:22:02.228Z","gtfs_stop_id":"214","station_id":"427","complex_id":"427","division":"IRT","line":"Lenox - White Plains Rd","stop_name":"West Farms Sq-E Tremont Av","borough":"Bx","cbd":"false","daytime_routes":"2 5","structure":"Elevated","gtfs_latitude":"40.840295","gtfs_longitude":"-73.880049","north_direction_label":"Northbound","south_direction_label":"Manhattan","ada":"0","ada_northbound":"0","ada_southbound":"0","ada_notes":null,":@computed_region_yamh_8v7k":"307",":@computed_region_wbg7_3whc":"673",":@computed_region_kjdx_g34t":"2032"}},
{"type":"Feature","geometry":{"type":"Point","coordinates":[-73.887734,40.837288]},"properties":{":id":"row-9eu6~5rqt~vwws",":version":"rv-k5bh_ny75-pqv4",":created_at":"2026-09-28T04:22:00.524Z",":updated_at":"2026-09-28T04:22:02.228Z","gtfs_stop_id":"215","station_id":"428","complex_id":"428","division":"IRT","line":"Lenox - White Plains Rd","stop_name":"174 St","borough":"Bx","cbd":"false","daytime_routes":"2 5","structure":"Elevated","gtfs_latitude":"40.837288","gtfs_longitude":"-73.887734","north_direction_label":"Northbound","south_direction_label":"Manhattan","ada":"0","ada_northbound":"0","ada_southbound":"0","ada_notes":null,":@computed_region_yamh_8v7k":"307",":@computed_region_wbg7_3whc":"673",":@computed_region_kjdx_g34t":"2032"}},
{"type":"Feature","geometry":{"type":"Point","coordinates":[-73.891865,40.829993]},"properties":{":id":"row-q7bj.7x9v_r3pw",":version":"rv-h4bm-e8tt~dakq",":created_at":"2026-09-28T04:22:00.524Z",":updated_at":"2026-09-28T04:22:02.228Z","gtfs_stop_id":"216","station_id":"429","complex_id":"429","division":"IRT","line":"Lenox - White Plains Rd","stop_name":"Freeman St","borough":"Bx","cbd":"false","daytime_routes":"2 5","structure":"Elevated","gtfs_latitude":"40.829993","gtfs_longitude":"-73.891865","north_direction_label":"Northbound","south_direction_label":"Manhattan","ada":"0","ada_northbound":"0","ada_southbound":"0","ada_notes":null,":@computed_region_yamh_8v7k":"307",":@computed_region_wbg7_3whc":"655",":@computed_region_kjdx_g34t":"2032"}},
{"type":"Feature","geometry":{"type":"Point","coordinates":[-73.893064,40.824073]},"properties":{":id":"row-ivh9.bzui~88ze",":version":"rv-k5sw_a6jx_duv8",":created_at":"2026-09-28T04:22:00.524Z",":updated_at":"2026-09-28T04:22:02.228Z","gtfs_stop_id":"217","station_id":"430","complex_id":"430","division":"IRT","line":"Lenox - White Plains Rd","stop_name":"Simpson St","borough":"Bx","cbd":"false","daytime_routes":"2 5","structure":"Elevated","gtfs_latitude":"40.824073","gtfs_longitude":"-73.893064","north_direction_label":"Northbound","south_direction_label":"Manhattan","ada":"1","ada_northbound":"1","ada_southbound":"1","ada_notes":null,":@computed_region_yamh_8v7k":"307",":@computed_region_wbg7_3whc":"655",":@computed_region_kjdx_g34t":"2032"}},
{"type":"Feature","geometry":{"type":"Point","coordinates":[-73.896736,40.822181]},"properties":{":id":"row-pjmb.78vm_xffj",":version":"rv-dzpv.az5e-axxs",":created_at":"2026-09-28T04:22:00.524Z",":updated_at":"2026-09-28T04:22:02.228Z","gtfs_stop_id":"218","station_id":"431","complex_id":"431","division":"IRT","line":"Lenox - White Plains Rd","stop_name":"Intervale Av","borough":"Bx","cbd":"false","daytime_routes":"2 5","structure":"Elevated","gtfs_latitude":"40.822181","gtfs_longitude":"-73.896736","north_direction_label":"Northbound","south_direction_label":"Manhattan","ada":"0","ada_northbound":"0","ada_southbound":"0","ada_notes":null,":@computed_region_yamh_8v7k":"307",":@computed_region_wbg7_3whc":"655",":@computed_region_kjdx_g34t":"2032"}},
{"type":"Feature","geometry":{"type":"Point","coordinates":[-73.90177,40.819585]},"properties":{":id":"row-4mw8_urex-zmuq",":version":"rv-9xr2_bren_ayzy",":created_at":"2026-09-28T04:22:00.524Z",":updated_at":"2026-09-28T04:22:02.228Z","gtfs_stop_id":"219","station_id":"432","complex_id":"432","division":"IRT","line":"Lenox - White Plains Rd","stop_name":"Prospect Av","borough":"Bx","cbd":"false","daytime_routes":"2 5","structure":"Elevated","gtfs_latitude":"40.819585","gtfs_longitude":"-73.90177","north_direction_label":"Northbound","south_direction_label":"Manhattan","ada":"0","ada_northbound":"0","ada_southbound":"0","ada_notes":null,":@computed_region_yamh_8v7k":"307",":@computed_region_wbg7_3whc":"655",":@computed_region_kjdx_g34t":"2032"}},
{"type":"Feature","geometry":{"type":"Point","coordinates":[-73.907807,40.81649]},"properties":{":id":"row-e3fr.p3x5_ytz4",":version":"rv-xbvb.svum-w6mp",":created_at":"2026-09-28T04:22:00.524Z",":updated_at":"2026-09-28T04:22:02.228Z","gtfs_stop_id":"220","station_id":"433","complex_id":"433","division":"IRT","line":"Lenox - White Plains Rd","stop_name":"Jackson Av","borough":"Bx","cbd":"false","daytime_routes":"2 5","structure":"Elevated","gtfs_latitude":"40.81649","gtfs_longitude":"-73.907807","north_direction_label":"Northbound","south_direction_label":"Manhattan","ada":"0","ada_northbound":"0","ada_southbound":"0","ada_notes":null,":@computed_region_yamh_8v7k":"307",":@computed_region_wbg7_3whc":"651",":@computed_region_kjdx_g34t":"2032"}},
{"type":"Feature","geometry":{"type":"Point","coordinates":[-73.917757,40.816109]},"properties":{":id":"row-h8vx_4js8~na22",":version":"rv-6qwz-2rxz~6dcg",":created_at":"2026-09-28T04:22:00.524Z",":updated_at":"2026-09-28T04:22:02.228Z","gtfs_stop_id":"221","station_id":"434","complex_id":"434","division":"IRT","line":"Lenox - White Plains Rd","stop_name":"3 Av-149 St","borough":"Bx","cbd":"false","daytime_routes":"2 5","structure":"Subway","gtfs_latitude":"40.816109","gtfs_longitude":"-73.917757","north_direction_label":"Northbound","south_direction_label":"Manhattan","ada":"1","ada_northbound":"1","ada_southbound":"1","ada_notes":null,":@computed_region_yamh_8v7k":"307",":@computed_region_wbg7_3whc":"651",":@computed_region_kjdx_g34t":"2032"}},
{"type":"Feature","geometry":{"type":"Point","coordinates":[-73.926718,40.81841]},"properties":{":id":"row-ga6t_jbdg~apni",":version":"rv-bswd.vgmh_uqwd",":created_at":"2026-09-28T04:22:00.524Z",":updated_at":"2026-09-28T04:22:02.228Z","gtfs_stop_id":"222","station_id":"435","complex_id":"603","division":"IRT","line":"Lenox - White Plains Rd","stop_name":"149 St-Hostos","borough":"Bx","cbd":"false","daytime_routes":"2 5","structure":"Subway","gtfs_latitude":"40.81841","gtfs_longitude":"-73.926718","north_direction_label":"Northbound","south_direction_label":"Manhattan","ada":"0","ada_northbound":"0","ada_southbound":"0","ada_notes":null,":@computed_region_yamh_8v7k":"307",":@computed_region_wbg7_3whc":"647",":@computed_region_kjdx_g34t":"2095"}},
{"type":"Feature","geometry":{"type":"Point","coordinates":[-73.93647,40.82388]},"properties":{":id":"row-pzcn_q2xr~u55k",":version":"rv-k4qa~mqqz.vrcj",":created_at":"2026-09-28T04:22:00.524Z",":updated_at":"2026-09-28T04:22:02.228Z","gtfs_stop_id":"301","station_id":"436","complex_id":"436","division":"IRT","line":"Lenox - White Plains Rd","stop_name":"Harlem-148 St","borough":"M","cbd":"false","daytime_routes":"3","structure":"Subway","gtfs_latitude":"40.82388","gtfs_longitude":"-73.93647","north_direction_label":"Last Stop","south_direction_label":"Downtown","ada":"1","ada_northbound":"1","ada_southbound":"1","ada_notes":null,":@computed_region_yamh_8v7k":"749",":@computed_region_wbg7_3whc":"798",":@computed_region_kjdx_g34t":"2095"}},
{"type":"Feature","geometry":{"type":"Point","coordinates":[-73.936245,40.820421]},"properties":{":id":"row-8b9g.gibe.di63",":version":"rv-yg78~39yv.u4nt",":created_at":"2026-09-28T04:22:00.524Z",":updated_at":"2026-09-28T04:22:02.228Z","gtfs_stop_id":"302","station_id":"437","complex_id":"437","division":"IRT","line":"Lenox - White Plains Rd","stop_name":"145 St","borough":"M","cbd":"false","daytime_routes":"3","structure":"Subway","gtfs_latitude":"40.820421","gtfs_longitude":"-73.936245","north_direction_label":"Harlem","south_direction_label":"Downtown","ada":"0","ada_northbound":"0","ada_southbound":"0","ada_notes":null,":@computed_region_yamh_8v7k":"749",":@computed_region_wbg7_3whc":"798",":@computed_region_kjdx_g34t":"2095"}},
{"type":"Feature","geometry":{"type":"Point","coordinates":[-73.94077,40.814229]},"properties":{":id":"row-xehq_47fy~nrw9",":version":"rv-vkrt-wn8k_a9ys",":created_at":"2026-09-28T04:22:00.524Z",":updated_at":"2026-09-28T04:22:02.228Z","gtfs_stop_id":"224","station_id":"438","complex_id":"438","division":"IRT","line":"Lenox - White Plains Rd","stop_name":"135 St","borough":"M","cbd":"false","daytime_routes":"2 3","structure":"Subway","gtfs_latitude":"40.814229","gtfs_longitude":"-73.94077","north_direction_label":"Uptown","south_direction_label":"Downtown","ada":"1","ada_northbound":"1","ada_southbound":"1","ada_notes":null,":@computed_region_yamh_8v7k":"749",":@computed_region_wbg7_3whc":"796",":@computed_region_kjdx_g34t":"2095"}},
{"type":"Feature","geometry":{"type":"Point","coordinates":[-73.945495,40.807754]},"properties":{":id":"row-me2n.hyx8.sbsn",":version":"rv-m2r2_akhm_3zhe",":created_at":"2026-09-28T04:22:00.524Z",":updated_at":"2026-09-28T04:22:02.228Z","gtfs_stop_id":"225","station_id":"439","complex_id":"439","division":"IRT","line":"Lenox - White Plains Rd","stop_name":"125 St","borough":"M","cbd":"false","daytime_routes":"2 3","structure":"Subway","gtfs_latitude":"40.807754","gtfs_longitude":"-73.945495","north_direction_label":"Uptown","south_direction_label":"Downtown","ada":"0","ada_northbound":"0","ada_southbound":"0","ada_notes":null,":@computed_region_yamh_8v7k":"749",":@computed_region_wbg7_3whc":"754",":@computed_region_kjdx_g34t":"2095"}},
{"type":"Feature","geometry":{"type":"Point","coordinates":[-73.949625,40.802098]},"properties":{":id":"row-cnrs.5qf3.na2j",":version":"rv-ww2r~kjvc~zkvd",":created_at":"2026-09-28T04:22:00.524Z",":updated_at":"2026-09-28T04:22:02.228Z","gtfs_stop_id":"226","station_id":"440","complex_id":"440","division":"IRT","line":"Lenox - White Plains Rd","stop_name":"116 St","borough":"M","cbd":"false","daytime_routes":"2 3","structure":"Subway","gtfs_latitude":"40.802098","gtfs_longitude":"-73.949625","north_direction_label":"Uptown","south_direction_label":"Downtown","ada":"0","ada_northbound":"0","ada_southbound":"0","ada_notes":null,":@computed_region_yamh_8v7k":"749",":@computed_region_wbg7_3whc":"753",":@computed_region_kjdx_g34t":"2095"}},
{"type":"Feature","geometry":{"type":"Point","coordinates":[-73.951822,40.799075]},"properties":{":id":"row-upgc_ackk-zc9u",":version":"rv-ad3e_p8b7.z3x4",":created_at":"2026-09-28T04:22:00.524Z",":updated_at":"2026-09-28T04:22:02.228Z","gtfs_stop_id":"227","station_id":"441","complex_id":"441","division":"IRT","line":"Lenox - White Plains Rd","stop_name":"110 St-Malcolm X Plaza","borough":"M","cbd":"false","daytime_routes":"2 3","structure":"Subway","gtfs_latitude":"40.799075","gtfs_longitude":"-73.951822","north_direction_label":"Uptown","south_direction_label":"Downtown","ada":"0","ada_northbound":"0","ada_southbound":"0","ada_notes":null,":@computed_region_yamh_8v7k":"749",":@computed_region_wbg7_3whc":"753",":@computed_region_kjdx_g34t":"2095"}},
{"type":"Feature","geometry":{"type":"Point","coordinates":[-73.830834,40.8883]},"properties":{":id":"row-bvjw.bkj7-536k",":version":"rv-kqj4-7p7u.xk5m",":created_at":"2026-09-28T04:22:00.524Z",":updated_at":"2026-09-28T04:22:02.228Z","gtfs_stop_id":"501","station_id":"442","complex_id":"442","division":"IRT","line":"Dyre Av","stop_name":"Eastchester-Dyre Av","borough":"Bx","cbd":"false","daytime_routes":"5","structure":"At Grade","gtfs_latitude":"40.8883","gtfs_longitude":"-73.830834","north_direction_label":"Last Stop","south_direction_label":"Manhattan","ada":"0","ada_northbound":"0","ada_southbound":"0","ada_notes":null,":@computed_region_yamh_8v7k":"307",":@computed_region_wbg7_3whc":"679",":@computed_region_kjdx_g34t":"2032"}},
{"type":"Feature","geometry":{"type":"Point","coordinates":[-73.838591,40.878663]},"properties":{":id":"row-ymcw-eg8a.mxjz",":version":"rv-txdt~iyut.ahx2",":created_at":"2026-09-28T04:22:00.524Z",":updated_at":"2026-09-28T04:22:02.228Z","gtfs_stop_id":"502","station_id":"443","complex_id":"443","division":"IRT","line":"Dyre Av","stop_name":"Baychester Av","borough":"Bx","cbd":"false","daytime_routes":"5","structure":"Open Cut","gtfs_latitude":"40.878663","gtfs_longitude":"-73.838591","north_direction_label":"Eastchester","south_direction_label":"Manhattan","ada":"0","ada_northbound":"0","ada_southbound":"0","ada_notes":null,":@computed_region_yamh_8v7k":"307",":@computed_region_wbg7_3whc":"706",":@computed_region_kjdx_g34t":"2032"}},
{"type":"Feature","geometry":{"type":"Point","coordinates":[-73.846384,40.869526]},"properties":{":id":"row-hvqd_kcsh-tghn",":version":"rv-vuvx_nh2u-p5ys",":created_at":"2026-09-28T04:22:00.524Z",":updated_at":"2026-09-28T04:22:02.228Z","gtfs_stop_id":"503","station_id":"444","complex_id":"444","division":"IRT","line":"Dyre Av","stop_name":"Gun Hill Rd","borough":"Bx","cbd":"false","daytime_routes":"5","structure":"Open Cut","gtfs_latitude":"40.869526","gtfs_longitude":"-73.846384","north_direction_label":"Eastchester","south_direction_label":"Manhattan","ada":"1","ada_northbound":"1","ada_southbound":"1","ada_notes":null,":@computed_region_yamh_8v7k":"307",":@computed_region_wbg7_3whc":"706",":@computed_region_kjdx_g34t":"2032"}},
{"type":"Feature","geometry":{"type":"Point","coordinates":[-73.855359,40.858985]},"properties":{":id":"row-pm5c.hj38-qvz6",":version":"rv-2pu6~xsc8_2mwx",":created_at":"2026-09-28T04:22:00.524Z",":updated_at":"2026-09-28T04:22:02.228Z","gtfs_stop_id":"504","station_id":"445","complex_id":"445","division":"IRT","line":"Dyre Av","stop_name":"Pelham Pkwy","borough":"Bx","cbd":"false","daytime_routes":"5","structure":"Open Cut","gtfs_latitude":"40.858985","gtfs_longitude":"-73.855359","north_direction_label":"Eastchester","south_direction_label":"Manhattan","ada":"0","ada_northbound":"0","ada_southbound":"0","ada_notes":null,":@computed_region_yamh_8v7k":"307",":@computed_region_wbg7_3whc":"706",":@computed_region_kjdx_g34t":"2032"}},
{"type":"Feature","geometry":{"type":"Point","coordinates":[-73.860495,40.854364]},"properties":{":id":"row-f93i_ek8z~j74z",":version":"rv-4gwy~h5dv.gbv7",":created_at":"2026-09-28T04:22:00.524Z",":updated_at":"2026-09-28T04:22:02.228Z","gtfs_stop_id":"505","station_id":"446","complex_id":"446","division":"IRT","line":"Dyre Av","stop_name":"Morris Park","borough":"Bx","cbd":"false","daytime_routes":"5","structure":"Open Cut","gtfs_latitude":"40.854364","gtfs_longitude":"-73.860495","north_direction_label":"Eastchester","south_direction_label":"Manhattan","ada":"0","ada_northbound":"0","ada_southbound":"0","ada_notes":null,":@computed_region_yamh_8v7k":"307",":@computed_region_wbg7_3whc":"675",":@computed_region_kjdx_g34t":"2032"}},
{"type":"Feature","geometry":{"type":"Point","coordinates":[-73.83003,40.7596]},"properties":{":id":"row-xw9h.vb5m_6zcu",":version":"rv-fjga~nk2g_htye",":created_at":"2026-09-28T04:22:00.524Z",":updated_at":"2026-09-28T04:22:02.228Z","gtfs_stop_id":"701","station_id":"447","complex_id":"447","division":"IRT","line":"Flushing","stop_name":"Flushing-Main St","borough":"Q","cbd":"false","daytime_routes":"7","structure":"Subway","gtfs_latitude":"40.7596","gtfs_longitude":"-73.83003","north_direction_label":"Last Stop","south_direction_label":"Manhattan","ada":"1","ada_northbound":"1","ada_southbound":"1","ada_notes":null,":@computed_region_yamh_8v7k":"196",":@computed_region_wbg7_3whc":"824",":@computed_region_kjdx_g34t":"2137"}},
{"type":"Feature","geometry":{"type":"Point","coordinates":[-73.845625,40.754622]},"properties":{":id":"row-cgy4_sbap~psv7",":version":"rv-xwwd-xst8~k8sh",":created_at":"2026-09-28T04:22:00.524Z",":updated_at":"2026-09-28T04:22:02.228Z","gtfs_stop_id":"702","station_id":"448","complex_id":"448","division":"IRT","line":"Flushing","stop_name":"Mets-Willets Point","borough":"Q","cbd":"false","daytime_routes":"7","structure":"Elevated","gtfs_latitude":"40.754622","gtfs_longitude":"-73.845625","north_direction_label":"Outbound","south_direction_label":"Manhattan","ada":"0","ada_northbound":"0","ada_southbound":"0","ada_notes":null,":@computed_region_yamh_8v7k":"196",":@computed_region_wbg7_3whc":"838",":@computed_region_kjdx_g34t":"2137"}},
{"type":"Feature","geometry":{"type":"Point","coordinates":[-73.855334,40.75173]},"properties":{":id":"row-xxaz_pkaf-arme",":version":"rv-exch-x284.kuyp",":created_at":"2026-09-28T04:22:00.524Z",":updated_at":"2026-09-28T04:22:02.228Z","gtfs_stop_id":"705","station_id":"449","complex_id":"449","division":"IRT","line":"Flushing","stop_name":"111 St","borough":"Q","cbd":"false","daytime_routes":"7","structure":"Elevated","gtfs_latitude":"40.75173","gtfs_longitude":"-73.855334","north_direction_label":"Outbound","south_direction_label":"Manhattan","ada":"0","ada_northbound":"0","ada_southbound":"0","ada_notes":null,":@computed_region_yamh_8v7k":"196",":@computed_region_wbg7_3whc":"838",":@computed_region_kjdx_g34t":"2137"}},
{"type":"Feature","geometry":{"type":"Point","coordinates":[-73.8627,40.749865]},"properties":{":id":"row-jxhy.nerv.wbp8",":version":"rv-qemi.yy62.m4mm",":created_at":"2026-09-28T04:22:00.524Z",":updated_at":"2026-09-28T04:22:02.228Z","gtfs_stop_id":"706","station_id":"450","complex_id":"450","division":"IRT","line":"Flushing","stop_name":"103 St-Corona Plaza","borough":"Q","cbd":"false","daytime_routes":"7","structure":"Elevated","gtfs_latitude":"40.749865","gtfs_longitude":"-73.8627","north_direction_label":"Outbound","south_direction_label":"Manhattan","ada":"0","ada_northbound":"0","ada_southbound":"0","ada_notes":null,":@computed_region_yamh_8v7k":"196",":@computed_region_wbg7_3whc":"838",":@computed_region_kjdx_g34t":"2137"}},
{"type":"Feature","geometry":{"type":"Point","coordinates":[-73.869527,40.749145]},"properties":{":id":"row-5cfn.5um9~f9q9",":version":"rv-fpsm~66y4.s7ie",":created_at":"2026-09-28T04:22:00.524Z",":updated_at":"2026-09-28T04:22:02.228Z","gtfs_stop_id":"707","station_id":"451","complex_id":"451","division":"IRT","line":"Flushing","stop_name":"Junction Blvd","borough":"Q","cbd":"false","daytime_routes":"7","structure":"Elevated","gtfs_latitude":"40.749145","gtfs_longitude":"-73.869527","north_direction_label":"Outbound","south_direction_label":"Manhattan","ada":"1","ada_northbound":"1","ada_southbound":"1","ada_notes":null,":@computed_region_yamh_8v7k":"196",":@computed_region_wbg7_3whc":"843",":@computed_region_kjdx_g34t":"2137"}},
{"type":"Feature","geometry":{"type":"Point","coordinates":[-73.876613,40.748408]},"properties":{":id":"row-vvq8~2umi.8xqb",":version":"rv-p3cr_y5bw~gcwq",":created_at":"2026-09-28T04:22:00.524Z",":updated_at":"2026-09-28T04:22:02.228Z","gtfs_stop_id":"708","station_id":"452","complex_id":"452","division":"IRT","line":"Flushing","stop_name":"90 St-Elmhurst Av","borough":"Q","cbd":"false","daytime_routes":"7","structure":"Elevated","gtfs_latitude":"40.748408","gtfs_longitude":"-73.876613","north_direction_label":"Outbound","south_direction_label":"Manhattan","ada":"0","ada_northbound":"0","ada_southbound":"0","ada_notes":null,":@computed_region_yamh_8v7k":"196",":@computed_region_wbg7_3whc":"843",":@computed_region_kjdx_g34t":"2137"}},
{"type":"Feature","geometry":{"type":"Point","coordinates":[-73.883697,40.747659]},"properties":{":id":"row-wdp9.bbv5~kgf3",":version":"rv-vdvc.2ugc_r6wd",":created_at":"2026-09-28T04:22:00.524Z",":updated_at":"2026-09-28T04:22:02.228Z","gtfs_stop_id":"709","station_id":"453","complex_id":"453","division":"IRT","line":"Flushing","stop_name":"82 St-Jackson Hts","borough":"Q","cbd":"false","daytime_routes":"7","structure":"Elevated","gtfs_latitude":"40.747659","gtfs_longitude":"-73.883697","north_direction_label":"Outbound","south_direction_label":"Manhattan","ada":"0","ada_northbound":"0","ada_southbound":"0","ada_notes":null,":@computed_region_yamh_8v7k":"196",":@computed_region_wbg7_3whc":"843",":@computed_region_kjdx_g34t":"2137"}},
{"type":"Feature","geometry":{"type":"Point","coordinates":[-73.891394,40.746848]},"properties":{":id":"row-6jam-ikvz.sts5",":version":"rv-c4iu~m7hg.6k9a",":created_at":"2026-09-28T04:22:00.524Z",":updated_at":"2026-09-28T04:22:02.228Z","gtfs_stop_id":"710","station_id":"454","complex_id":"616","division":"IRT","line":"Flushing","stop_name":"74 St-Broadway","borough":"Q","cbd":"false","daytime_routes":"7","structure":"Elevated","gtfs_latitude":"40.746848","gtfs_longitude":"-73.891394","north_direction_label":"Outbound","south_direction_label":"Manhattan","ada":"1","ada_northbound":"1","ada_southbound":"1","ada_notes":null,":@computed_region_yamh_8v7k":"196",":@computed_region_wbg7_3whc":"843",":@computed_region_kjdx_g34t":"2137"}},
{"type":"Feature","geometry":{"type":"Point","coordinates":[-73.896403,40.746325]},"properties":{":id":"row-xh8x_6fnp~sb2b",":version":"rv-tibm-a894_cyah",":created_at":"2026-09-28T04:22:00.524Z",":updated_at":"2026-09-28T04:22:02.228Z","gtfs_stop_id":"711","station_id":"455","complex_id":"455","division":"IRT","line":"Flushing","stop_name":"69 St","borough":"Q","cbd":"false","daytime_routes":"7","structure":"Elevated","gtfs_latitude":"40.746325","gtfs_longitude":"-73.896403","north_direction_label":"Outbound","south_direction_label":"Manhattan","ada":"0","ada_northbound":"0","ada_southbound":"0","ada_notes":null,":@computed_region_yamh_8v7k":"196",":@computed_region_wbg7_3whc":"846",":@computed_region_kjdx_g34t":"2137"}},
{"type":"Feature","geometry":{"type":"Point","coordinates":[-73.902984,40.74563]},"properties":{":id":"row-dz2g_53vw~dm3h",":version":"rv-g3cy_hh4p~jvpe",":created_at":"2026-09-28T04:22:00.524Z",":updated_at":"2026-09-28T04:22:02.228Z","gtfs_stop_id":"712","station_id":"456","complex_id":"456","division":"IRT","line":"Flushing","stop_name":"61 St-Woodside","borough":"Q","cbd":"false","daytime_routes":"7","structure":"Elevated","gtfs_latitude":"40.74563","gtfs_longitude":"-73.902984","north_direction_label":"Outbound","south_direction_label":"Manhattan","ada":"1","ada_northbound":"1","ada_southbound":"1","ada_notes":null,":@computed_region_yamh_8v7k":"196",":@computed_region_wbg7_3whc":"846",":@computed_region_kjdx_g34t":"2137"}},
{"type":"Feature","geometry":{"type":"Point","coordinates":[-73.912549,40.744149]},"properties":{":id":"row-g87z.sqh3~x2fy",":version":"rv-sqrs~rq4c~ubhn",":created_at":"2026-09-28T04:22:00.524Z",":updated_at":"2026-09-28T04:22:02.228Z","gtfs_stop_id":"713","station_id":"457","complex_id":"457","division":"IRT","line":"Flushing","stop_name":"52 St","borough":"Q","cbd":"false","daytime_routes":"7","structure":"Elevated","gtfs_latitude":"40.744149","gtfs_longitude":"-73.912549","north_direction_label":"Outbound","south_direction_label":"Manhattan","ada":"0","ada_northbound":"0","ada_southbound":"0","ada_notes":null,":@computed_region_yamh_8v7k":"196",":@computed_region_wbg7_3whc":"846",":@computed_region_kjdx_g34t":"2137"}},
{"type":"Feature","geometry":{"type":"Point","coordinates":[-73.918435,40.743132]},"properties":{":id":"row-nanq_3fkb~begx",":version":"rv-9jp3_vs6w.ja9x",":created_at":"2026-09-28T04:22:00.524Z",":updated_at":"2026-09-28T04:22:02.228Z","gtfs_stop_id":"714","station_id":"458","complex_id":"458","division":"IRT","line":"Flushing","stop_name":"46 St-Bliss St","borough":"Q","cbd":"false","daytime_routes":"7","structure":"Elevated","gtfs_latitude":"40.743132","gtfs_longitude":"-73.918435","north_direction_label":"Outbound","south_direction_label":"Manhattan","ada":"0","ada_northbound":"0","ada_southbound":"0","ada_notes":null,":@computed_region_yamh_8v7k":"196",":@computed_region_wbg7_3whc":"876",":@computed_region_kjdx_g34t":"2137"}},
{"type":"Feature","geometry":{"type":"Point","coordinates":[-73.924016,40.743781]},"properties":{":id":"row-cfte-9ga4-3v5j",":version":"rv-m2x5_d96k~nt5q",":created_at":"2026-09-28T04:22:00.524Z",":updated_at":"2026-09-28T04:22:02.228Z","gtfs_stop_id":"715","station_id":"459","complex_id":"459","division":"IRT","line":"Flushing","stop_name":"40 St-Lowery St","borough":"Q","cbd":"false","daytime_routes":"7","structure":"Elevated","gtfs_latitude":"40.743781","gtfs_longitude":"-73.924016","north_direction_label":"Outbound","south_direction_label":"Manhattan","ada":"0","ada_northbound":"0","ada_southbound":"0","ada_notes":null,":@computed_region_yamh_8v7k":"196",":@computed_region_wbg7_3whc":"876",":@computed_region_kjdx_g34t":"2137"}},
{"type":"Feature","geometry":{"type":"Point","coordinates":[-73.930997,40.744587]},"properties":{":id":"row-haxm.p7mw~h6za",":version":"rv-ji4n.h4y8~jv6j",":created_at":"2026-09-28T04:22:00.524Z",":updated_at":"2026-09-28T04:22:02.228Z","gtfs_stop_id":"716","station_id":"460","complex_id":"460","division":"IRT","line":"Flushing","stop_name":"33 St-Rawson St","borough":"Q","cbd":"false","daytime_routes":"7","structure":"Elevated","gtfs_latitude":"40.744587","gtfs_longitude":"-73.930997","north_direction_label":"Outbound","south_direction_label":"Manhattan","ada":"0","ada_northbound":"0","ada_southbound":"0","ada_notes":null,":@computed_region_yamh_8v7k":"196",":@computed_region_wbg7_3whc":"873",":@computed_region_kjdx_g34t":"2137"}},
{"type":"Feature","geometry":{"type":"Point","coordinates":[-73.940202,40.750582]},"properties":{":id":"row-s83s~w8wk_4qr6",":version":"rv-kpre_p6a5.2qr6",":created_at":"2026-09-28T04:22:00.524Z",":updated_at":"2026-09-28T04:22:02.228Z","gtfs_stop_id":"R09","station_id":"461","complex_id":"461","division":"BMT","line":"Astoria","stop_name":"Queensboro Plaza","borough":"Q","cbd":"false","daytime_routes":"N W","structure":"Elevated","gtfs_latitude":"40.750582","gtfs_longitude":"-73.940202","north_direction_label":"Astoria","south_direction_label":"Manhattan","ada":"1","ada_northbound":"1","ada_southbound":"1","ada_notes":null,":@computed_region_yamh_8v7k":"196",":@computed_region_wbg7_3whc":"873",":@computed_region_kjdx_g34t":"2137"}},
{"type":"Feature","geometry":{"type":"Point","coordinates":[-73.940202,40.750582]},"properties":{":id":"row-f5rx_dcht.ddx5",":version":"rv-m65h-xdeb~s7mw",":created_at":"2026-09-28T04:22:00.524Z",":updated_at":"2026-09-28T04:22:02.228Z","gtfs_stop_id":"718","station_id":"461","complex_id":"461","division":"IRT","line":"Flushing","stop_name":"Queensboro Plaza","borough":"Q","cbd":"false","daytime_routes":"7","structure":"Elevated","gtfs_latitude":"40.750582","gtfs_longitude":"-73.940202","north_direction_label":"Outbound","south_direction_label":"Manhattan","ada":"1","ada_northbound":"1","ada_southbound":"1","ada_notes":null,":@computed_region_yamh_8v7k":"196",":@computed_region_wbg7_3whc":"873",":@computed_region_kjdx_g34t":"2137"}},
{"type":"Feature","geometry":{"type":"Point","coordinates":[-73.945264,40.747023]},"properties":{":id":"row-di7x-n6ux.bjqs",":version":"rv-g89u-gbnt_qqyb",":created_at":"2026-09-28T04:22:00.524Z",":updated_at":"2026-09-28T04:22:02.228Z","gtfs_stop_id":"719","station_id":"462","complex_id":"606","division":"IRT","line":"Flushing","stop_name":"Court Sq","borough":"Q","cbd":"false","daytime_routes":"7","structure":"Elevated","gtfs_latitude":"40.747023","gtfs_longitude":"-73.945264","north_direction_label":"Outbound","south_direction_label":"Manhattan","ada":"1","ada_northbound":"1","ada_southbound":"1","ada_notes":null,":@computed_region_yamh_8v7k":"196",":@computed_region_wbg7_3whc":"873",":@computed_region_kjdx_g34t":"2137"}},
{"type":"Feature","geometry":{"type":"Point","coordinates":[-73.948916,40.742216]},"properties":{":id":"row-aubj-qp3e-65ck",":version":"rv-8dcg~x54f~h3xp",":created_at":"2026-09-28T04:22:00.524Z",":updated_at":"2026-09-28T04:22:02.228Z","gtfs_stop_id":"720","station_id":"463","complex_id":"463","division":"IRT","line":"Flushing","stop_name":"Hunters Point Av","borough":"Q","cbd":"false","daytime_routes":"7","structure":"Subway","gtfs_latitude":"40.742216","gtfs_longitude":"-73.948916","north_direction_label":"Outbound","south_direction_label":"Manhattan","ada":"0","ada_northbound":"0","ada_southbound":"0","ada_notes":null,":@computed_region_yamh_8v7k":"196",":@computed_region_wbg7_3whc":"873",":@computed_region_kjdx_g34t":"2137"}},
{"type":"Feature","geometry":{"type":"Point","coordinates":[-73.953581,40.742626]},"properties":{":id":"row-3vgh-7utc_6vgw",":version":"rv-498q-8wbq~wrh9",":created_at":"2026-09-28T04:22:00.524Z",":updated_at":"2026-09-28T04:22:02.228Z","gtfs_stop_id":"721","station_id":"464","complex_id":"464","division":"IRT","line":"Flushing","stop_name":"Vernon Blvd-Jackson Av","borough":"Q","cbd":"false","daytime_routes":"7","structure":"Subway","gtfs_latitude":"40.742626","gtfs_longitude":"-73.953581","north_direction_label":"Outbound","south_direction_label":"Manhattan","ada":"0","ada_northbound":"0","ada_southbound":"0","ada_notes":null,":@computed_region_yamh_8v7k":"196",":@computed_region_wbg7_3whc":"873",":@computed_region_kjdx_g34t":"2137"}},
{"type":"Feature","geometry":{"type":"Point","coordinates":[-73.976041,40.751431]},"properties":{":id":"row-ntzt-rjxd.tmji",":version":"rv-zrv8_79xt_zsgt",":created_at":"2026-09-28T04:22:00.524Z",":updated_at":"2026-09-28T04:22:02.228Z","gtfs_stop_id":"723","station_id":"465","complex_id":"610","division":"IRT","line":"Flushing","stop_name":"Grand Central-42 St","borough":"M","cbd":"true","daytime_routes":"7","structure":"Subway","gtfs_latitude":"40.751431","gtfs_longitude":"-73.976041","north_direction_label":"Queens","south_direction_label":"Hudson Yards","ada":"1","ada_northbound":"1","ada_southbound":"1","ada_notes":null,":@computed_region_yamh_8v7k":"749",":@computed_region_wbg7_3whc":"740",":@computed_region_kjdx_g34t":"2095"}},
{"type":"Feature","geometry":{"type":"Point","coordinates":[-73.981963,40.753821]},"properties":{":id":"row-psj8-f5kn-kpgn",":version":"rv-iu8n.ecqs~wnvy",":created_at":"2026-09-28T04:22:00.524Z",":updated_at":"2026-09-28T04:22:02.228Z","gtfs_stop_id":"724","station_id":"466","complex_id":"609","division":"IRT","line":"Flushing","stop_name":"5 Av","borough":"M","cbd":"true","daytime_routes":"7","structure":"Subway","gtfs_latitude":"40.753821","gtfs_longitude":"-73.981963","north_direction_label":"Queens","south_direction_label":"Hudson Yards","ada":"0","ada_northbound":"0","ada_southbound":"0","ada_notes":null,":@computed_region_yamh_8v7k":"749",":@computed_region_wbg7_3whc":"795",":@computed_region_kjdx_g34t":"2095"}},
{"type":"Feature","geometry":{"type":"Point","coordinates":[-73.987691,40.755477]},"properties":{":id":"row-ieet-8ujz-idvh",":version":"rv-efm4_43k3.8v9z",":created_at":"2026-09-28T04:22:00.524Z",":updated_at":"2026-09-28T04:22:02.228Z","gtfs_stop_id":"725","station_id":"467","complex_id":"611","division":"IRT","line":"Flushing","stop_name":"Times Sq-42 St","borough":"M","cbd":"true","daytime_routes":"7","structure":"Subway","gtfs_latitude":"40.755477","gtfs_longitude":"-73.987691","north_direction_label":"Queens","south_direction_label":"Hudson Yards","ada":"1","ada_northbound":"1","ada_southbound":"1","ada_notes":null,":@computed_region_yamh_8v7k":"749",":@computed_region_wbg7_3whc":"741",":@computed_region_kjdx_g34t":"2095"}},
{"type":"Feature","geometry":{"type":"Point","coordinates":[-73.986229,40.755983]},"properties":{":id":"row-fqfs-whjy~xjiu",":version":"rv-znez-v3ej-z53v",":created_at":"2026-09-28T04:22:00.524Z",":updated_at":"2026-09-28T04:22:02.228Z","gtfs_stop_id":"902","station_id":"468","complex_id":"611","division":"IRT","line":"Lexington - Shuttle","stop_name":"Times Sq-42 St","borough":"M","cbd":"true","daytime_routes":"S","structure":"Subway","gtfs_latitude":"40.755983","gtfs_longitude":"-73.986229","north_direction_label":"Last Stop","south_direction_label":"Grand Central","ada":"1","ada_northbound":"1","ada_southbound":"1","ada_notes":null,":@computed_region_yamh_8v7k":"749",":@computed_region_wbg7_3whc":"795",":@computed_region_kjdx_g34t":"2095"}},
{"type":"Feature","geometry":{"type":"Point","coordinates":[-73.979189,40.752769]},"properties":{":id":"row-bjw5~4q3e-3med",":version":"rv-ttki.uiqg_f3ni",":created_at":"2026-09-28T04:22:00.524Z",":updated_at":"2026-09-28T04:22:02.228Z","gtfs_stop_id":"901","station_id":"469","complex_id":"610","division":"IRT","line":"Lexington - Shuttle","stop_name":"Grand Central-42 St","borough":"M","cbd":"true","daytime_routes":"S","structure":"Subway","gtfs_latitude":"40.752769","gtfs_longitude":"-73.979189","north_direction_label":"Times Square","south_direction_label":"Last Stop","ada":"1","ada_northbound":"1","ada_southbound":"1","ada_notes":null,":@computed_region_yamh_8v7k":"749",":@computed_region_wbg7_3whc":"740",":@computed_region_kjdx_g34t":"2095"}},
{"type":"Feature","geometry":{"type":"Point","coordinates":[-74.00191,40.755882]},"properties":{":id":"row-4s5s_z574_krv7",":version":"rv-ygqj.6vwz.gprd",":created_at":"2026-09-28T04:22:00.524Z",":updated_at":"2026-09-28T04:22:02.228Z","gtfs_stop_id":"726","station_id":"471","complex_id":"471","division":"IRT","line":"Flushing","stop_name":"34 St-Hudson Yards","borough":"M","cbd":"true","daytime_routes":"7","structure":"Subway","gtfs_latitude":"40.755882","gtfs_longitude":"-74.00191","north_direction_label":"Last Stop","south_direction_label":"Queens","ada":"1","ada_northbound":"1","ada_southbound":"1","ada_notes":null,":@computed_region_yamh_8v7k":"749",":@computed_region_wbg7_3whc":"717",":@computed_region_kjdx_g34t":"2095"}},
{"type":"Feature","geometry":{"type":"Point","coordinates":[-73.947152,40.784318]},"properties":{":id":"row-vw2i.h3vh.xrs3",":version":"rv-323x.s9gd~pya2",":created_at":"2026-09-28T04:22:00.524Z",":updated_at":"2026-09-28T04:22:02.228Z","gtfs_stop_id":"Q05","station_id":"475","complex_id":"475","division":"IND","line":"Second Av","stop_name":"96 St","borough":"M","cbd":"false","daytime_routes":"Q","structure":"Subway","gtfs_latitude":"40.784318","gtfs_longitude":"-73.947152","north_direction_label":"Last Stop","south_direction_label":"Downtown","ada":"1","ada_northbound":"1","ada_southbound":"1","ada_notes":null,":@computed_region_yamh_8v7k":"749",":@computed_region_wbg7_3whc":"583",":@computed_region_kjdx_g34t":"2095"}},
{"type":"Feature","geometry":{"type":"Point","coordinates":[-73.951787,40.777891]},"properties":{":id":"row-tvbk.x5j4_z32m",":version":"rv-6anm-gacp.vrif",":created_at":"2026-09-28T04:22:00.524Z",":updated_at":"2026-09-28T04:22:02.228Z","gtfs_stop_id":"Q04","station_id":"476","complex_id":"476","division":"IND","line":"Second Av","stop_name":"86 St","borough":"M","cbd":"false","daytime_routes":"Q","structure":"Subway","gtfs_latitude":"40.777891","gtfs_longitude":"-73.951787","north_direction_label":"Uptown","south_direction_label":"Downtown","ada":"1","ada_northbound":"1","ada_southbound":"1","ada_notes":null,":@computed_region_yamh_8v7k":"749",":@computed_region_wbg7_3whc":"755",":@computed_region_kjdx_g34t":"2095"}},
{"type":"Feature","geometry":{"type":"Point","coordinates":[-73.958424,40.768799]},"properties":{":id":"row-zgy6.pg7x.93d6",":version":"rv-pjnk.39it.g36e",":created_at":"2026-09-28T04:22:00.524Z",":updated_at":"2026-09-28T04:22:02.228Z","gtfs_stop_id":"Q03","station_id":"477","complex_id":"477","division":"IND","line":"Second Av","stop_name":"72 St","borough":"M","cbd":"false","daytime_routes":"Q","structure":"Subway","gtfs_latitude":"40.768799","gtfs_longitude":"-73.958424","north_direction_label":"Uptown","south_direction_label":"Downtown","ada":"1","ada_northbound":"1","ada_southbound":"1","ada_notes":null,":@computed_region_yamh_8v7k":"749",":@computed_region_wbg7_3whc":"744",":@computed_region_kjdx_g34t":"2095"}},
{"type":"Feature","geometry":{"type":"Point","coordinates":[-74.073643,40.643748]},"properties":{":id":"row-yfgf-g6uy-4azz",":version":"rv-8fug_w2bs.7zgd",":created_at":"2026-09-28T04:22:00.524Z",":updated_at":"2026-09-28T04:22:02.228Z","gtfs_stop_id":"S31","station_id":"501","complex_id":"501","division":"SIR","line":"Staten Island","stop_name":"St George","borough":"SI","cbd":"false","daytime_routes":"SIR","structure":"Open Cut","gtfs_latitude":"40.643748","gtfs_longitude":"-74.073643","north_direction_label":"Last Stop","south_direction_label":"South Shore","ada":"1","ada_northbound":"1","ada_southbound":"1","ada_notes":null,":@computed_region_yamh_8v7k":"585",":@computed_region_wbg7_3whc":"604",":@computed_region_kjdx_g34t":null}},
{"type":"Feature","geometry":{"type":"Point","coordinates":[-74.074835,40.636949]},"properties":{":id":"row-bjzb~tkc6-vkj4",":version":"rv-hafw-djmc.vakn",":created_at":"2026-09-28T04:22:00.524Z",":updated_at":"2026-09-28T04:22:02.228Z","gtfs_stop_id":"S30","station_id":"502","complex_id":"502","division":"SIR","line":"Staten Island","stop_name":"Tompkinsville","borough":"SI","cbd":"false","daytime_routes":"SIR","structure":"At Grade","gtfs_latitude":"40.636949","gtfs_longitude":"-74.074835","north_direction_label":"Ferry","south_direction_label":"South Shore","ada":"0","ada_northbound":"0","ada_southbound":"0","ada_notes":null,":@computed_region_yamh_8v7k":"585",":@computed_region_wbg7_3whc":"607",":@computed_region_kjdx_g34t":null}},
{"type":"Feature","geometry":{"type":"Point","coordinates":[-74.075162,40.627915]},"properties":{":id":"row-8drq.agbu-kpjn",":version":"rv-6pqp.rf3q.mt3n",":created_at":"2026-09-28T04:22:00.524Z",":updated_at":"2026-09-28T04:22:02.228Z","gtfs_stop_id":"S29","station_id":"503","complex_id":"503","division":"SIR","line":"Staten Island","stop_name":"Stapleton","borough":"SI","cbd":"false","daytime_routes":"SIR","structure":"Elevated","gtfs_latitude":"40.627915","gtfs_longitude":"-74.075162","north_direction_label":"Ferry","south_direction_label":"South Shore","ada":"0","ada_northbound":"0","ada_southbound":"0","ada_notes":null,":@computed_region_yamh_8v7k":"585",":@computed_region_wbg7_3whc":"607",":@computed_region_kjdx_g34t":"2139"}},
{"type":"Feature","geometry":{"type":"Point","coordinates":[-74.071402,40.621319]},"properties":{":id":"row-ehes_ez78.wch6",":version":"rv-wt4f~qvnm.k9iq",":created_at":"2026-09-28T04:22:00.524Z",":updated_at":"2026-09-28T04:22:02.228Z","gtfs_stop_id":"S28","station_id":"504","complex_id":"504","division":"SIR","line":"Staten Island","stop_name":"Clifton","borough":"SI","cbd":"false","daytime_routes":"SIR","structure":"Elevated","gtfs_latitude":"40.621319","gtfs_longitude":"-74.071402","north_direction_label":"Ferry","south_direction_label":"South Shore","ada":"0","ada_northbound":"0","ada_southbound":"0","ada_notes":null,":@computed_region_yamh_8v7k":"585",":@computed_region_wbg7_3whc":"607",":@computed_region_kjdx_g34t":"2139"}},
{"type":"Feature","geometry":{"type":"Point","coordinates":[-74.084087,40.603117]},"properties":{":id":"row-avgn~x7uz.9mbw",":version":"rv-vuqp.buhz.9bkn",":created_at":"2026-09-28T04:22:00.524Z",":updated_at":"2026-09-28T04:22:02.228Z","gtfs_stop_id":"S27","station_id":"505","complex_id":"505","division":"SIR","line":"Staten Island","stop_name":"Grasmere","borough":"SI","cbd":"false","daytime_routes":"SIR","structure":"Open Cut","gtfs_latitude":"40.603117","gtfs_longitude":"-74.084087","north_direction_label":"Ferry","south_direction_label":"South Shore","ada":"0","ada_northbound":"0","ada_southbound":"0","ada_notes":null,":@computed_region_yamh_8v7k":"585",":@computed_region_wbg7_3whc":"607",":@computed_region_kjdx_g34t":"2139"}},
{"type":"Feature","geometry":{"type":"Point","coordinates":[-74.087368,40.596612]},"properties":{":id":"row-2nxc~t39w_tit6",":version":"rv-9nr8-9h8w_ki7u",":created_at":"2026-09-28T04:22:00.524Z",":updated_at":"2026-09-28T04:22:02.228Z","gtfs_stop_id":"S26","station_id":"506","complex_id":"506","division":"SIR","line":"Staten Island","stop_name":"Old Town","borough":"SI","cbd":"false","daytime_routes":"SIR","structure":"Embankment","gtfs_latitude":"40.596612","gtfs_longitude":"-74.087368","north_direction_label":"Ferry","south_direction_label":"South Shore","ada":"0","ada_northbound":"0","ada_southbound":"0","ada_notes":null,":@computed_region_yamh_8v7k":"585",":@computed_region_wbg7_3whc":"608",":@computed_region_kjdx_g34t":"2139"}},
{"type":"Feature","geometry":{"type":"Point","coordinates":[-74.09609,40.588849]},"properties":{":id":"row-6q7k.s2qj-x5mi",":version":"rv-yu68~2azq.sgk3",":created_at":"2026-09-28T04:22:00.524Z",":updated_at":"2026-09-28T04:22:02.228Z","gtfs_stop_id":"S25","station_id":"507","complex_id":"507","division":"SIR","line":"Staten Island","stop_name":"Dongan Hills","borough":"SI","cbd":"false","daytime_routes":"SIR","structure":"Embankment","gtfs_latitude":"40.588849","gtfs_longitude":"-74.09609","north_direction_label":"Ferry","south_direction_label":"South Shore","ada":"1","ada_northbound":"1","ada_southbound":"1","ada_notes":null,":@computed_region_yamh_8v7k":"585",":@computed_region_wbg7_3whc":"608",":@computed_region_kjdx_g34t":"2139"}},
{"type":"Feature","geometry":{"type":"Point","coordinates":[-74.103338,40.583591]},"properties":{":id":"row-7ywe_xwdm_c9e6",":version":"rv-dw82_hrqp.gyru",":created_at":"2026-09-28T04:22:00.524Z",":updated_at":"2026-09-28T04:22:02.228Z","gtfs_stop_id":"S24","station_id":"508","complex_id":"508","division":"SIR","line":"Staten Island","stop_name":"Jefferson Av","borough":"SI","cbd":"false","daytime_routes":"SIR","structure":"Embankment","gtfs_latitude":"40.583591","gtfs_longitude":"-74.103338","north_direction_label":"Ferry","south_direction_label":"South Shore","ada":"0","ada_northbound":"0","ada_southbound":"0","ada_notes":null,":@computed_region_yamh_8v7k":"585",":@computed_region_wbg7_3whc":"609",":@computed_region_kjdx_g34t":"2139"}},
{"type":"Feature","geometry":{"type":"Point","coordinates":[-74.109704,40.578965]},"properties":{":id":"row-aa4g~jwu4_mys9",":version":"rv-3829_kjhy_su4s",":created_at":"2026-09-28T04:22:00.524Z",":updated_at":"2026-09-28T04:22:02.228Z","gtfs_stop_id":"S23","station_id":"509","complex_id":"509","division":"SIR","line":"Staten Island","stop_name":"Grant City","borough":"SI","cbd":"false","daytime_routes":"SIR","structure":"Open Cut","gtfs_latitude":"40.578965","gtfs_longitude":"-74.109704","north_direction_label":"Ferry","south_direction_label":"South Shore","ada":"0","ada_northbound":"0","ada_southbound":"0","ada_notes":null,":@computed_region_yamh_8v7k":"585",":@computed_region_wbg7_3whc":"609",":@computed_region_kjdx_g34t":"2139"}},
{"type":"Feature","geometry":{"type":"Point","coordinates":[-74.11721,40.57348]},"properties":{":id":"row-25dd.98we.2wpk",":version":"rv-5ajf_5t5q.6j64",":created_at":"2026-09-28T04:22:00.524Z",":updated_at":"2026-09-28T04:22:02.228Z","gtfs_stop_id":"S22","station_id":"510","complex_id":"510","division":"SIR","line":"Staten Island","stop_name":"New Dorp","borough":"SI","cbd":"false","daytime_routes":"SIR","structure":"Open Cut","gtfs_latitude":"40.57348","gtfs_longitude":"-74.11721","north_direction_label":"Ferry","south_direction_label":"South Shore","ada":"1","ada_northbound":"1","ada_southbound":"1","ada_notes":null,":@computed_region_yamh_8v7k":"585",":@computed_region_wbg7_3whc":"609",":@computed_region_kjdx_g34t":"2139"}},
{"type":"Feature","geometry":{"type":"Point","coordinates":[-74.12632,40.56511]},"properties":{":id":"row-nk5n-v2r2_pfaw",":version":"rv-aufg.a7uj_d8eg",":created_at":"2026-09-28T04:22:00.524Z",":updated_at":"2026-09-28T04:22:02.228Z","gtfs_stop_id":"S21","station_id":"511","complex_id":"511","division":"SIR","line":"Staten Island","stop_name":"Oakwood Heights","borough":"SI","cbd":"false","daytime_routes":"SIR","structure":"Open Cut","gtfs_latitude":"40.56511","gtfs_longitude":"-74.12632","north_direction_label":"Ferry","south_direction_label":"South Shore","ada":"0","ada_northbound":"0","ada_southbound":"0","ada_notes":null,":@computed_region_yamh_8v7k":"585",":@computed_region_wbg7_3whc":"609",":@computed_region_kjdx_g34t":"2139"}},
{"type":"Feature","geometry":{"type":"Point","coordinates":[-74.136907,40.5564]},"properties":{":id":"row-bx2e~kzxu-d4nm",":version":"rv-zef3-u5rf_tdzt",":created_at":"2026-09-28T04:22:00.524Z",":updated_at":"2026-09-28T04:22:02.228Z","gtfs_stop_id":"S20","station_id":"512","complex_id":"512","division":"SIR","line":"Staten Island","stop_name":"Bay Terrace","borough":"SI","cbd":"false","daytime_routes":"SIR","structure":"Embankment","gtfs_latitude":"40.5564","gtfs_longitude":"-74.136907","north_direction_label":"Ferry","south_direction_label":"South Shore","ada":"0","ada_northbound":"0","ada_southbound":"0","ada_notes":null,":@computed_region_yamh_8v7k":"585",":@computed_region_wbg7_3whc":"609",":@computed_region_kjdx_g34t":"2139"}},
{"type":"Feature","geometry":{"type":"Point","coordinates":[-74.151399,40.551231]},"properties":{":id":"row-thfy~u3j3-pq2u",":version":"rv-sq5k~dmjc_icbj",":created_at":"2026-09-28T04:22:00.524Z",":updated_at":"2026-09-28T04:22:02.228Z","gtfs_stop_id":"S19","station_id":"513","complex_id":"513","division":"SIR","line":"Staten Island","stop_name":"Great Kills","borough":"SI","cbd":"false","daytime_routes":"SIR","structure":"Open Cut","gtfs_latitude":"40.551231","gtfs_longitude":"-74.151399","north_direction_label":"Ferry","south_direction_label":"South Shore","ada":"1","ada_northbound":"1","ada_southbound":"1","ada_notes":null,":@computed_region_yamh_8v7k":"585",":@computed_region_wbg7_3whc":"611",":@computed_region_kjdx_g34t":"2139"}},
{"type":"Feature","geometry":{"type":"Point","coordinates":[-74.16457,40.544601]},"properties":{":id":"row-puzy~537u-agk4",":version":"rv-z38d_bdts.7jxh",":created_at":"2026-09-28T04:22:00.524Z",":updated_at":"2026-09-28T04:22:02.228Z","gtfs_stop_id":"S18","station_id":"514","complex_id":"514","division":"SIR","line":"Staten Island","stop_name":"Eltingville","borough":"SI","cbd":"false","daytime_routes":"SIR","structure":"Embankment","gtfs_latitude":"40.544601","gtfs_longitude":"-74.16457","north_direction_label":"Ferry","south_direction_label":"South Shore","ada":"0","ada_northbound":"0","ada_southbound":"0","ada_notes":null,":@computed_region_yamh_8v7k":"585",":@computed_region_wbg7_3whc":"615",":@computed_region_kjdx_g34t":"2139"}},
{"type":"Feature","geometry":{"type":"Point","coordinates":[-74.178217,40.54046]},"properties":{":id":"row-hjby_jc9n.46dq",":version":"rv-wiej~5jvj~e34g",":created_at":"2026-09-28T04:22:00.524Z",":updated_at":"2026-09-28T04:22:02.228Z","gtfs_stop_id":"S17","station_id":"515","complex_id":"515","division":"SIR","line":"Staten Island","stop_name":"Annadale","borough":"SI","cbd":"false","daytime_routes":"SIR","structure":"Open Cut","gtfs_latitude":"40.54046","gtfs_longitude":"-74.178217","north_direction_label":"Ferry","south_direction_label":"South Shore","ada":"0","ada_northbound":"0","ada_southbound":"0","ada_notes":null,":@computed_region_yamh_8v7k":"585",":@computed_region_wbg7_3whc":"615",":@computed_region_kjdx_g34t":"2139"}},
{"type":"Feature","geometry":{"type":"Point","coordinates":[-74.191794,40.533674]},"properties":{":id":"row-2bn3_wx2u_gkbi",":version":"rv-bsk7~u3qn~ix9f",":created_at":"2026-09-28T04:22:00.524Z",":updated_at":"2026-09-28T04:22:02.228Z","gtfs_stop_id":"S16","station_id":"516","complex_id":"516","division":"SIR","line":"Staten Island","stop_name":"Huguenot","borough":"SI","cbd":"false","daytime_routes":"SIR","structure":"Open Cut","gtfs_latitude":"40.533674","gtfs_longitude":"-74.191794","north_direction_label":"Ferry","south_direction_label":"South Shore","ada":"0","ada_northbound":"0","ada_southbound":"0","ada_notes":null,":@computed_region_yamh_8v7k":"585",":@computed_region_wbg7_3whc":"615",":@computed_region_kjdx_g34t":"2139"}},
{"type":"Feature","geometry":{"type":"Point","coordinates":[-74.200064,40.525507]},"properties":{":id":"row-e7ct_ks6b_2uay",":version":"rv-s4p6-srcd_sqam",":created_at":"2026-09-28T04:22:00.524Z",":updated_at":"2026-09-28T04:22:02.228Z","gtfs_stop_id":"S15","station_id":"517","complex_id":"517","division":"SIR","line":"Staten Island","stop_name":"Prince's Bay","borough":"SI","cbd":"false","daytime_routes":"SIR","structure":"Open Cut","gtfs_latitude":"40.525507","gtfs_longitude":"-74.200064","north_direction_label":"Ferry","south_direction_label":"South Shore","ada":"0","ada_northbound":"0","ada_southbound":"0","ada_notes":null,":@computed_region_yamh_8v7k":"585",":@computed_region_wbg7_3whc":"612",":@computed_region_kjdx_g34t":"2139"}},
{"type":"Feature","geometry":{"type":"Point","coordinates":[-74.217847,40.52241]},"properties":{":id":"row-au7v_7m45~6vhy",":version":"rv-p6th_hr3c_8zaa",":created_at":"2026-09-28T04:22:00.524Z",":updated_at":"2026-09-28T04:22:02.228Z","gtfs_stop_id":"S14","station_id":"518","complex_id":"518","division":"SIR","line":"Staten Island","stop_name":"Pleasant Plains","borough":"SI","cbd":"false","daytime_routes":"SIR","structure":"Embankment","gtfs_latitude":"40.52241","gtfs_longitude":"-74.217847","north_direction_label":"Ferry","south_direction_label":"South Shore","ada":"0","ada_northbound":"0","ada_southbound":"0","ada_notes":null,":@computed_region_yamh_8v7k":"585",":@computed_region_wbg7_3whc":"612",":@computed_region_kjdx_g34t":"2139"}},
{"type":"Feature","geometry":{"type":"Point","coordinates":[-74.229141,40.519631]},"properties":{":id":"row-56zg.brxz.tea9",":version":"rv-86p4_qfy5~txqc",":created_at":"2026-09-28T04:22:00.524Z",":updated_at":"2026-09-28T04:22:02.228Z","gtfs_stop_id":"S13","station_id":"519","complex_id":"519","division":"SIR","line":"Staten Island","stop_name":"Richmond Valley","borough":"SI","cbd":"false","daytime_routes":"SIR","structure":"Open Cut","gtfs_latitude":"40.519631","gtfs_longitude":"-74.229141","north_direction_label":"Ferry","south_direction_label":"Tottenville","ada":"0","ada_northbound":"0","ada_southbound":"0","ada_notes":null,":@computed_region_yamh_8v7k":"585",":@computed_region_wbg7_3whc":"612",":@computed_region_kjdx_g34t":"2139"}},
{"type":"Feature","geometry":{"type":"Point","coordinates":[-74.251961,40.512764]},"properties":{":id":"row-4w9d.uart.aqnr",":version":"rv-vhkr~25bc_rvzb",":created_at":"2026-09-28T04:22:00.524Z",":updated_at":"2026-09-28T04:22:02.228Z","gtfs_stop_id":"S09","station_id":"522","complex_id":"522","division":"SIR","line":"Staten Island","stop_name":"Tottenville","borough":"SI","cbd":"false","daytime_routes":"SIR","structure":"At Grade","gtfs_latitude":"40.512764","gtfs_longitude":"-74.251961","north_direction_label":"Ferry","south_direction_label":"Last Stop","ada":"1","ada_northbound":"1","ada_southbound":"1","ada_notes":null,":@computed_region_yamh_8v7k":"585",":@computed_region_wbg7_3whc":"610",":@computed_region_kjdx_g34t":null}},
{"type":"Feature","geometry":{"type":"Point","coordinates":[-74.242096,40.516578]},"properties":{":id":"row-aufy.gags.qnmc",":version":"rv-er5p.xrrv~cmv9",":created_at":"2026-09-28T04:22:00.524Z",":updated_at":"2026-09-28T04:22:02.228Z","gtfs_stop_id":"S11","station_id":"523","complex_id":"523","division":"SIR","line":"Staten Island","stop_name":"Arthur Kill","borough":"SI","cbd":"false","daytime_routes":"SIR","structure":"At Grade","gtfs_latitude":"40.516578","gtfs_longitude":"-74.242096","north_direction_label":"Ferry","south_direction_label":"Tottenville","ada":"1","ada_northbound":"1","ada_southbound":"1","ada_notes":null,":@computed_region_yamh_8v7k":"585",":@computed_region_wbg7_3whc":"610",":@computed_region_kjdx_g34t":"2139"}}
] }
